solid Group_6_
  facet normal -1.000000 0.000000 0.000000
    outer loop
      vertex -38.099998 0.000002 -38.099998
      vertex -38.099998 7.937501 -28.612923
      vertex -38.099998 7.937501 -30.162498
    endloop
  endfacet
  facet normal -1.000000 0.000000 0.000000
    outer loop
      vertex -38.099998 0.000002 -38.099998
      vertex -38.099998 7.937501 -30.162498
      vertex -38.099998 15.557502 -30.162498
    endloop
  endfacet
  facet normal -1.000000 0.000000 0.000000
    outer loop
      vertex -38.099998 0.000002 -38.099998
      vertex -38.099998 7.937501 -24.310219
      vertex -38.099998 7.937501 -28.612923
    endloop
  endfacet
  facet normal 0.000000 1.000000 0.000000
    outer loop
      vertex -38.099998 7.937501 -30.162498
      vertex -36.829998 7.937501 -28.612923
      vertex -36.829998 7.937501 -30.162498
    endloop
  endfacet
  facet normal 0.000000 1.000000 0.000000
    outer loop
      vertex -38.099998 7.937501 -30.162498
      vertex -38.099998 7.937501 -28.612923
      vertex -36.829998 7.937501 -28.612923
    endloop
  endfacet
  facet normal 0.000000 0.000000 -1.000000
    outer loop
      vertex -38.099998 7.937501 -28.612923
      vertex -36.829998 11.179574 -28.612923
      vertex -36.829998 7.937501 -28.612923
    endloop
  endfacet
  facet normal -1.000000 0.000000 0.000000
    outer loop
      vertex -38.099998 0.000002 -38.099998
      vertex -38.099998 7.937501 -22.745598
      vertex -38.099998 7.937501 -24.310219
    endloop
  endfacet
  facet normal -1.000000 0.000000 0.000000
    outer loop
      vertex -38.099998 0.000002 -38.099998
      vertex -38.099998 8.949292 -19.939447
      vertex -38.099998 7.937501 -22.745598
    endloop
  endfacet
  facet normal -1.000000 0.000000 0.000000
    outer loop
      vertex -38.099998 0.000002 -38.099998
      vertex -38.099998 7.937501 -19.736713
      vertex -38.099998 8.424148 -19.903248
    endloop
  endfacet
  facet normal -1.000000 0.000000 0.000000
    outer loop
      vertex -38.099998 0.000002 -38.099998
      vertex -38.099998 8.424148 -19.903248
      vertex -38.099998 8.949292 -19.939447
    endloop
  endfacet
  facet normal -1.000000 0.000000 0.000000
    outer loop
      vertex -38.099998 7.937501 -28.612923
      vertex -38.099998 7.937501 -24.310219
      vertex -38.099998 11.179574 -25.310673
    endloop
  endfacet
  facet normal -1.000000 0.000000 0.000000
    outer loop
      vertex -38.099998 0.000002 -38.099998
      vertex -38.099998 15.557502 -30.162498
      vertex -38.099998 25.400000 -38.099998
    endloop
  endfacet
  facet normal 0.000000 0.000000 -1.000000
    outer loop
      vertex -38.099998 0.000002 -38.099998
      vertex -38.099998 25.400000 -38.099998
      vertex -12.700000 25.400000 -38.099998
    endloop
  endfacet
  facet normal 0.000000 0.000000 1.000000
    outer loop
      vertex -38.099998 7.937501 -30.162498
      vertex -36.829998 7.937501 -30.162498
      vertex -38.099998 15.557502 -30.162498
    endloop
  endfacet
  facet normal 0.000000 0.000000 -1.000000
    outer loop
      vertex -38.099998 7.937501 -28.612923
      vertex -38.099998 11.179574 -28.612923
      vertex -36.829998 11.179574 -28.612923
    endloop
  endfacet
  facet normal -1.000000 0.000000 0.000000
    outer loop
      vertex -36.829998 7.937501 -30.162498
      vertex -36.829998 7.937501 -28.612923
      vertex -36.829998 15.557502 -30.162498
    endloop
  endfacet
  facet normal -1.000000 0.000000 0.000000
    outer loop
      vertex -36.829998 7.937501 -28.612923
      vertex -36.829998 11.179574 -28.612923
      vertex -36.829998 15.557502 -30.162498
    endloop
  endfacet
  facet normal 0.000000 0.000000 1.000000
    outer loop
      vertex -36.829998 7.937501 -30.162498
      vertex -36.829998 15.557502 -30.162498
      vertex -38.099998 15.557502 -30.162498
    endloop
  endfacet
  facet normal 0.000000 0.000000 -1.000000
    outer loop
      vertex -38.099998 12.495961 -28.612923
      vertex -36.829998 14.233592 -28.612923
      vertex -36.829998 12.495961 -28.612923
    endloop
  endfacet
  facet normal 0.000000 0.000000 -1.000000
    outer loop
      vertex -38.099998 12.495961 -28.612923
      vertex -38.099998 14.233592 -28.612923
      vertex -36.829998 14.233592 -28.612923
    endloop
  endfacet
  facet normal -1.000000 0.000000 0.000000
    outer loop
      vertex -36.829998 11.179574 -28.612923
      vertex -36.829998 12.495961 -28.612923
      vertex -36.829998 15.557502 -30.162498
    endloop
  endfacet
  facet normal -1.000000 0.000000 0.000000
    outer loop
      vertex -36.829998 12.495961 -28.612923
      vertex -36.829998 14.233592 -28.612923
      vertex -36.829998 15.557502 -30.162498
    endloop
  endfacet
  facet normal -1.000000 0.000000 0.000000
    outer loop
      vertex -38.099998 7.937501 -28.612923
      vertex -38.099998 11.179574 -25.310673
      vertex -38.099998 11.179574 -28.612923
    endloop
  endfacet
  facet normal 0.000000 1.000000 0.000000
    outer loop
      vertex -38.099998 11.179574 -28.612923
      vertex -36.829998 11.179574 -25.310673
      vertex -36.829998 11.179574 -28.612923
    endloop
  endfacet
  facet normal 0.000000 1.000000 0.000000
    outer loop
      vertex -38.099998 11.179574 -28.612923
      vertex -38.099998 11.179574 -25.310673
      vertex -36.829998 11.179574 -25.310673
    endloop
  endfacet
  facet normal -1.000000 0.000000 0.000000
    outer loop
      vertex -36.829998 11.179574 -28.612923
      vertex -36.829998 11.179574 -25.310673
      vertex -36.829998 12.495961 -25.310673
    endloop
  endfacet
  facet normal 0.000000 -1.000000 0.000000
    outer loop
      vertex -38.099998 12.495961 -28.612923
      vertex -36.829998 12.495961 -28.612923
      vertex -38.099998 12.495961 -25.310673
    endloop
  endfacet
  facet normal -1.000000 0.000000 0.000000
    outer loop
      vertex -38.099998 12.495961 -28.612923
      vertex -38.099998 12.495961 -25.310673
      vertex -38.099998 14.233592 -28.612923
    endloop
  endfacet
  facet normal 0.000000 1.000000 0.000000
    outer loop
      vertex -38.099998 14.233592 -28.612923
      vertex -36.829998 14.233592 -24.851818
      vertex -36.829998 14.233592 -28.612923
    endloop
  endfacet
  facet normal -1.000000 0.000000 0.000000
    outer loop
      vertex -36.829998 11.179574 -28.612923
      vertex -36.829998 12.495961 -25.310673
      vertex -36.829998 12.495961 -28.612923
    endloop
  endfacet
  facet normal 0.000000 -1.000000 0.000000
    outer loop
      vertex -36.829998 12.495961 -28.612923
      vertex -36.829998 12.495961 -25.310673
      vertex -38.099998 12.495961 -25.310673
    endloop
  endfacet
  facet normal -1.000000 0.000000 0.000000
    outer loop
      vertex -38.099998 14.233592 -28.612923
      vertex -38.099998 12.495961 -25.310673
      vertex -38.099998 14.233592 -24.851818
    endloop
  endfacet
  facet normal 0.000000 1.000000 0.000000
    outer loop
      vertex -38.099998 14.233592 -28.612923
      vertex -38.099998 14.233592 -24.851818
      vertex -36.829998 14.233592 -24.851818
    endloop
  endfacet
  facet normal -1.000000 0.000000 0.000000
    outer loop
      vertex -38.099998 15.557502 -30.162498
      vertex -38.099998 15.557502 -24.851818
      vertex -38.099998 25.400000 -38.099998
    endloop
  endfacet
  facet normal 0.000000 -1.000000 0.000000
    outer loop
      vertex -38.099998 15.557502 -30.162498
      vertex -36.829998 15.557502 -30.162498
      vertex -38.099998 15.557502 -24.851818
    endloop
  endfacet
  facet normal -1.000000 0.000000 0.000000
    outer loop
      vertex -36.829998 14.233592 -28.612923
      vertex -36.829998 15.557502 -24.851818
      vertex -36.829998 15.557502 -30.162498
    endloop
  endfacet
  facet normal 0.000000 -1.000000 0.000000
    outer loop
      vertex -36.829998 15.557502 -30.162498
      vertex -36.829998 15.557502 -24.851818
      vertex -38.099998 15.557502 -24.851818
    endloop
  endfacet
  facet normal -1.000000 0.000000 0.000000
    outer loop
      vertex -36.829998 14.233592 -28.612923
      vertex -36.829998 14.233592 -24.851818
      vertex -36.829998 15.557502 -24.851818
    endloop
  endfacet
  facet normal 0.000000 1.000000 0.000000
    outer loop
      vertex -38.099998 7.937501 -24.310219
      vertex -38.099998 7.937501 -22.745598
      vertex -36.829998 7.937501 -22.745598
    endloop
  endfacet
  facet normal 0.000000 1.000000 0.000000
    outer loop
      vertex -38.099998 7.937501 -24.310219
      vertex -36.829998 7.937501 -22.745598
      vertex -36.829998 7.937501 -24.310219
    endloop
  endfacet
  facet normal 0.000000 0.000000 -1.000000
    outer loop
      vertex -38.099998 7.937501 -22.745598
      vertex -36.829998 10.893731 -22.745598
      vertex -36.829998 7.937501 -22.745598
    endloop
  endfacet
  facet normal -1.000000 0.000000 0.000000
    outer loop
      vertex -36.829998 7.937501 -24.310219
      vertex -36.829998 7.937501 -22.745598
      vertex -36.829998 10.893731 -22.745598
    endloop
  endfacet
  facet normal -1.000000 0.000000 0.000000
    outer loop
      vertex -38.099998 7.937501 -22.745598
      vertex -38.099998 8.949292 -19.939447
      vertex -38.099998 9.464511 -19.939814
    endloop
  endfacet
  facet normal -1.000000 0.000000 0.000000
    outer loop
      vertex -38.099998 7.937501 -22.745598
      vertex -38.099998 9.464511 -19.939814
      vertex -38.099998 9.967664 -19.963215
    endloop
  endfacet
  facet normal -1.000000 0.000000 0.000000
    outer loop
      vertex -38.099998 7.937501 -22.745598
      vertex -38.099998 9.967664 -19.963215
      vertex -38.099998 10.481053 -20.116795
    endloop
  endfacet
  facet normal 0.000000 0.323775 0.946134
    outer loop
      vertex -38.099998 8.424148 -19.903248
      vertex -36.829998 7.937501 -19.736713
      vertex -36.829998 8.424148 -19.903248
    endloop
  endfacet
  facet normal 0.000000 0.323775 0.946134
    outer loop
      vertex -38.099998 7.937501 -19.736713
      vertex -36.829998 7.937501 -19.736713
      vertex -38.099998 8.424148 -19.903248
    endloop
  endfacet
  facet normal 0.000000 1.000000 0.000000
    outer loop
      vertex -38.099998 7.937501 -19.736713
      vertex -36.829998 7.937501 -18.021648
      vertex -36.829998 7.937501 -19.736713
    endloop
  endfacet
  facet normal 0.000000 0.068769 0.997633
    outer loop
      vertex -38.099998 8.424148 -19.903248
      vertex -36.829998 8.424148 -19.903248
      vertex -38.099998 8.949292 -19.939447
    endloop
  endfacet
  facet normal 0.000000 0.000711 1.000000
    outer loop
      vertex -38.099998 8.949292 -19.939447
      vertex -36.829998 8.949292 -19.939447
      vertex -38.099998 9.464511 -19.939814
    endloop
  endfacet
  facet normal 0.000000 0.068769 0.997633
    outer loop
      vertex -38.099998 8.949292 -19.939447
      vertex -36.829998 8.424148 -19.903248
      vertex -36.829998 8.949292 -19.939447
    endloop
  endfacet
  facet normal 0.000000 0.000711 1.000000
    outer loop
      vertex -38.099998 9.464511 -19.939814
      vertex -36.829998 8.949292 -19.939447
      vertex -36.829998 9.464511 -19.939814
    endloop
  endfacet
  facet normal -1.000000 0.000000 0.000000
    outer loop
      vertex -36.829998 7.937501 -19.736713
      vertex -36.829998 8.610635 -18.299658
      vertex -36.829998 8.424148 -19.903248
    endloop
  endfacet
  facet normal -1.000000 0.000000 0.000000
    outer loop
      vertex -36.829998 8.424148 -19.903248
      vertex -36.829998 9.464511 -19.939814
      vertex -36.829998 8.949292 -19.939447
    endloop
  endfacet
  facet normal -1.000000 0.000000 0.000000
    outer loop
      vertex -36.829998 8.424148 -19.903248
      vertex -36.829998 8.610635 -18.299658
      vertex -36.829998 9.464511 -19.939814
    endloop
  endfacet
  facet normal -1.000000 0.000000 0.000000
    outer loop
      vertex -36.829998 9.464511 -19.939814
      vertex -36.829998 8.610635 -18.299658
      vertex -36.829998 9.967664 -19.963215
    endloop
  endfacet
  facet normal -1.000000 0.000000 0.000000
    outer loop
      vertex -38.099998 0.000002 -38.099998
      vertex -38.099998 0.000002 12.699999
      vertex -38.099998 7.937501 -19.736713
    endloop
  endfacet
  facet normal 0.000000 1.000000 0.000000
    outer loop
      vertex -38.099998 7.937501 -19.736713
      vertex -38.099998 7.937501 -18.021648
      vertex -36.829998 7.937501 -18.021648
    endloop
  endfacet
  facet normal 0.000000 -0.381732 -0.924273
    outer loop
      vertex -38.099998 7.937501 -18.021648
      vertex -36.829998 8.610635 -18.299658
      vertex -36.829998 7.937501 -18.021648
    endloop
  endfacet
  facet normal 0.000000 -0.069598 -0.997575
    outer loop
      vertex -38.099998 8.610635 -18.299658
      vertex -38.099998 9.149728 -18.337269
      vertex -36.829998 9.149728 -18.337269
    endloop
  endfacet
  facet normal 0.000000 -0.000595 -1.000000
    outer loop
      vertex -38.099998 9.149728 -18.337269
      vertex -38.099998 9.675132 -18.337582
      vertex -36.829998 9.675132 -18.337582
    endloop
  endfacet
  facet normal 0.000000 -0.069598 -0.997575
    outer loop
      vertex -38.099998 8.610635 -18.299658
      vertex -36.829998 9.149728 -18.337269
      vertex -36.829998 8.610635 -18.299658
    endloop
  endfacet
  facet normal 0.000000 -0.000595 -1.000000
    outer loop
      vertex -38.099998 9.149728 -18.337269
      vertex -36.829998 9.675132 -18.337582
      vertex -36.829998 9.149728 -18.337269
    endloop
  endfacet
  facet normal 0.000000 -0.381732 -0.924273
    outer loop
      vertex -38.099998 7.937501 -18.021648
      vertex -38.099998 8.610635 -18.299658
      vertex -36.829998 8.610635 -18.299658
    endloop
  endfacet
  facet normal -1.000000 0.000000 0.000000
    outer loop
      vertex -38.099998 9.149728 -18.337269
      vertex -38.099998 9.084952 -16.346025
      vertex -38.099998 9.675132 -18.337582
    endloop
  endfacet
  facet normal -1.000000 0.000000 0.000000
    outer loop
      vertex -36.829998 7.937501 -19.736713
      vertex -36.829998 7.937501 -18.021648
      vertex -36.829998 8.610635 -18.299658
    endloop
  endfacet
  facet normal -1.000000 0.000000 0.000000
    outer loop
      vertex -38.099998 8.610635 -18.299658
      vertex -38.099998 8.012723 -14.978915
      vertex -38.099998 8.379432 -15.623005
    endloop
  endfacet
  facet normal -1.000000 0.000000 0.000000
    outer loop
      vertex -38.099998 8.610635 -18.299658
      vertex -38.099998 7.849742 -14.504598
      vertex -38.099998 8.012723 -14.978915
    endloop
  endfacet
  facet normal -1.000000 0.000000 0.000000
    outer loop
      vertex -38.099998 8.610635 -18.299658
      vertex -38.099998 8.379432 -15.623005
      vertex -38.099998 9.149728 -18.337269
    endloop
  endfacet
  facet normal -1.000000 0.000000 0.000000
    outer loop
      vertex -38.099998 9.084952 -16.346025
      vertex -38.099998 9.710237 -16.742039
      vertex -38.099998 9.675132 -18.337582
    endloop
  endfacet
  facet normal -1.000000 0.000000 0.000000
    outer loop
      vertex -38.099998 9.149728 -18.337269
      vertex -38.099998 8.705394 -16.007473
      vertex -38.099998 9.084952 -16.346025
    endloop
  endfacet
  facet normal -1.000000 0.000000 0.000000
    outer loop
      vertex -38.099998 9.149728 -18.337269
      vertex -38.099998 8.379432 -15.623005
      vertex -38.099998 8.705394 -16.007473
    endloop
  endfacet
  facet normal 0.000000 0.665645 0.746269
    outer loop
      vertex -38.099998 8.705394 -16.007473
      vertex -36.829998 8.705394 -16.007473
      vertex -38.099998 9.084952 -16.346025
    endloop
  endfacet
  facet normal 0.000000 0.535052 0.844819
    outer loop
      vertex -38.099998 9.084952 -16.346025
      vertex -36.829998 9.084952 -16.346025
      vertex -38.099998 9.710237 -16.742039
    endloop
  endfacet
  facet normal 0.000000 0.762757 0.646685
    outer loop
      vertex -38.099998 8.705394 -16.007473
      vertex -36.829998 8.379432 -15.623005
      vertex -36.829998 8.705394 -16.007473
    endloop
  endfacet
  facet normal 0.000000 0.535052 0.844819
    outer loop
      vertex -36.829998 9.084952 -16.346025
      vertex -36.829998 9.710237 -16.742039
      vertex -38.099998 9.710237 -16.742039
    endloop
  endfacet
  facet normal 0.000000 0.665645 0.746269
    outer loop
      vertex -38.099998 9.084952 -16.346025
      vertex -36.829998 8.705394 -16.007473
      vertex -36.829998 9.084952 -16.346025
    endloop
  endfacet
  facet normal -1.000000 0.000000 0.000000
    outer loop
      vertex -36.829998 8.705394 -16.007473
      vertex -36.829998 8.012723 -14.978915
      vertex -36.829998 9.710237 -16.742039
    endloop
  endfacet
  facet normal -1.000000 0.000000 0.000000
    outer loop
      vertex -36.829998 8.705394 -16.007473
      vertex -36.829998 9.710237 -16.742039
      vertex -36.829998 9.084952 -16.346025
    endloop
  endfacet
  facet normal 0.000000 0.869022 0.494773
    outer loop
      vertex -38.099998 8.012723 -14.978915
      vertex -36.829998 8.012723 -14.978915
      vertex -38.099998 8.379432 -15.623005
    endloop
  endfacet
  facet normal 0.000000 0.869022 0.494773
    outer loop
      vertex -38.099998 8.379432 -15.623005
      vertex -36.829998 8.012723 -14.978915
      vertex -36.829998 8.379432 -15.623005
    endloop
  endfacet
  facet normal 0.000000 0.945727 0.324963
    outer loop
      vertex -38.099998 8.012723 -14.978915
      vertex -38.099998 7.849742 -14.504598
      vertex -36.829998 7.849742 -14.504598
    endloop
  endfacet
  facet normal 0.000000 0.945727 0.324963
    outer loop
      vertex -38.099998 8.012723 -14.978915
      vertex -36.829998 7.849742 -14.504598
      vertex -36.829998 8.012723 -14.978915
    endloop
  endfacet
  facet normal 0.000000 0.982127 0.188219
    outer loop
      vertex -38.099998 7.849742 -14.504598
      vertex -36.829998 7.751954 -13.994341
      vertex -36.829998 7.849742 -14.504598
    endloop
  endfacet
  facet normal 0.000000 0.762757 0.646685
    outer loop
      vertex -38.099998 8.705394 -16.007473
      vertex -38.099998 8.379432 -15.623005
      vertex -36.829998 8.379432 -15.623005
    endloop
  endfacet
  facet normal 0.000000 -0.814139 -0.580671
    outer loop
      vertex -38.099998 9.494130 -14.652140
      vertex -36.829998 9.382602 -14.495770
      vertex -38.099998 9.382602 -14.495770
    endloop
  endfacet
  facet normal 0.000000 -0.910510 -0.413486
    outer loop
      vertex -38.099998 9.289357 -14.330095
      vertex -36.829998 9.289357 -14.330095
      vertex -38.099998 9.242187 -14.226224
    endloop
  endfacet
  facet normal 0.000000 -0.871457 -0.490472
    outer loop
      vertex -38.099998 9.289357 -14.330095
      vertex -38.099998 9.382602 -14.495770
      vertex -36.829998 9.289357 -14.330095
    endloop
  endfacet
  facet normal 0.000000 -0.814139 -0.580671
    outer loop
      vertex -38.099998 9.494130 -14.652140
      vertex -36.829998 9.494130 -14.652140
      vertex -36.829998 9.382602 -14.495770
    endloop
  endfacet
  facet normal 0.000000 -0.871457 -0.490472
    outer loop
      vertex -38.099998 9.382602 -14.495770
      vertex -36.829998 9.382602 -14.495770
      vertex -36.829998 9.289357 -14.330095
    endloop
  endfacet
  facet normal -1.000000 0.000000 0.000000
    outer loop
      vertex -36.829998 8.012723 -14.978915
      vertex -36.829998 7.849742 -14.504598
      vertex -36.829998 7.751954 -13.994341
    endloop
  endfacet
  facet normal -1.000000 0.000000 0.000000
    outer loop
      vertex -36.829998 8.705394 -16.007473
      vertex -36.829998 8.379432 -15.623005
      vertex -36.829998 8.012723 -14.978915
    endloop
  endfacet
  facet normal -1.000000 0.000000 0.000000
    outer loop
      vertex -36.829998 8.012723 -14.978915
      vertex -36.829998 9.289357 -14.330095
      vertex -36.829998 9.382602 -14.495770
    endloop
  endfacet
  facet normal -1.000000 0.000000 0.000000
    outer loop
      vertex -36.829998 8.012723 -14.978915
      vertex -36.829998 9.242187 -14.226224
      vertex -36.829998 9.289357 -14.330095
    endloop
  endfacet
  facet normal -1.000000 0.000000 0.000000
    outer loop
      vertex -36.829998 8.012723 -14.978915
      vertex -36.829998 9.132489 -13.855794
      vertex -36.829998 9.178197 -14.045661
    endloop
  endfacet
  facet normal -1.000000 0.000000 0.000000
    outer loop
      vertex -36.829998 8.012723 -14.978915
      vertex -36.829998 9.178197 -14.045661
      vertex -36.829998 9.242187 -14.226224
    endloop
  endfacet
  facet normal -1.000000 0.000000 0.000000
    outer loop
      vertex -36.829998 8.012723 -14.978915
      vertex -36.829998 9.494130 -14.652140
      vertex -36.829998 9.623940 -14.799205
    endloop
  endfacet
  facet normal -1.000000 0.000000 0.000000
    outer loop
      vertex -36.829998 8.012723 -14.978915
      vertex -36.829998 9.382602 -14.495770
      vertex -36.829998 9.494130 -14.652140
    endloop
  endfacet
  facet normal 0.000000 0.998224 0.059573
    outer loop
      vertex -38.099998 7.751954 -13.994341
      vertex -38.099998 7.719357 -13.448145
      vertex -36.829998 7.719357 -13.448145
    endloop
  endfacet
  facet normal 0.000000 0.982127 0.188219
    outer loop
      vertex -38.099998 7.849742 -14.504598
      vertex -38.099998 7.751954 -13.994341
      vertex -36.829998 7.751954 -13.994341
    endloop
  endfacet
  facet normal 0.000000 0.998224 0.059573
    outer loop
      vertex -38.099998 7.751954 -13.994341
      vertex -36.829998 7.719357 -13.448145
      vertex -36.829998 7.751954 -13.994341
    endloop
  endfacet
  facet normal 0.000000 0.998239 -0.059325
    outer loop
      vertex -38.099998 7.719357 -13.448145
      vertex -38.099998 7.751954 -12.899651
      vertex -36.829998 7.751954 -12.899651
    endloop
  endfacet
  facet normal 0.000000 0.998239 -0.059325
    outer loop
      vertex -38.099998 7.719357 -13.448145
      vertex -36.829998 7.751954 -12.899651
      vertex -36.829998 7.719357 -13.448145
    endloop
  endfacet
  facet normal 0.000000 0.982255 -0.187552
    outer loop
      vertex -38.099998 7.751954 -12.899651
      vertex -36.829998 7.849742 -12.387513
      vertex -36.829998 7.751954 -12.899651
    endloop
  endfacet
  facet normal 0.000000 -0.942561 -0.334034
    outer loop
      vertex -38.099998 9.242187 -14.226224
      vertex -36.829998 9.242187 -14.226224
      vertex -38.099998 9.178197 -14.045661
    endloop
  endfacet
  facet normal 0.000000 -0.972225 -0.234049
    outer loop
      vertex -38.099998 9.178197 -14.045661
      vertex -36.829998 9.132489 -13.855794
      vertex -38.099998 9.132489 -13.855794
    endloop
  endfacet
  facet normal 0.000000 -0.990652 -0.136412
    outer loop
      vertex -38.099998 9.132489 -13.855794
      vertex -36.829998 9.105063 -13.656622
      vertex -38.099998 9.105063 -13.656622
    endloop
  endfacet
  facet normal 0.000000 -0.942561 -0.334034
    outer loop
      vertex -38.099998 9.178197 -14.045661
      vertex -36.829998 9.242187 -14.226224
      vertex -36.829998 9.178197 -14.045661
    endloop
  endfacet
  facet normal 0.000000 -0.972225 -0.234049
    outer loop
      vertex -38.099998 9.178197 -14.045661
      vertex -36.829998 9.178197 -14.045661
      vertex -36.829998 9.132489 -13.855794
    endloop
  endfacet
  facet normal 0.000000 -0.910510 -0.413486
    outer loop
      vertex -38.099998 9.242187 -14.226224
      vertex -36.829998 9.289357 -14.330095
      vertex -36.829998 9.242187 -14.226224
    endloop
  endfacet
  facet normal 0.000000 -0.990652 -0.136412
    outer loop
      vertex -38.099998 9.132489 -13.855794
      vertex -36.829998 9.132489 -13.855794
      vertex -36.829998 9.105063 -13.656622
    endloop
  endfacet
  facet normal 0.000000 -0.999961 -0.008806
    outer loop
      vertex -38.099998 9.105063 -13.656622
      vertex -36.829998 9.105063 -13.656622
      vertex -36.829998 9.101773 -13.283022
    endloop
  endfacet
  facet normal -1.000000 0.000000 0.000000
    outer loop
      vertex -38.099998 9.242187 -14.226224
      vertex -38.099998 9.178197 -14.045661
      vertex -38.099998 10.096984 -11.741929
    endloop
  endfacet
  facet normal -1.000000 0.000000 0.000000
    outer loop
      vertex -38.099998 9.178197 -14.045661
      vertex -38.099998 9.132489 -13.855794
      vertex -38.099998 10.096984 -11.741929
    endloop
  endfacet
  facet normal 0.000000 -0.999961 -0.008806
    outer loop
      vertex -38.099998 9.105063 -13.656622
      vertex -36.829998 9.101773 -13.283022
      vertex -38.099998 9.101773 -13.283022
    endloop
  endfacet
  facet normal 0.000000 -0.992895 0.118991
    outer loop
      vertex -38.099998 9.101773 -13.283022
      vertex -36.829998 9.125541 -13.084699
      vertex -38.099998 9.125541 -13.084699
    endloop
  endfacet
  facet normal -1.000000 0.000000 0.000000
    outer loop
      vertex -38.099998 9.105063 -13.656622
      vertex -38.099998 9.101773 -13.283022
      vertex -38.099998 9.772033 -11.974206
    endloop
  endfacet
  facet normal -1.000000 0.000000 0.000000
    outer loop
      vertex -38.099998 9.132489 -13.855794
      vertex -38.099998 9.105063 -13.656622
      vertex -38.099998 10.096984 -11.741929
    endloop
  endfacet
  facet normal -1.000000 0.000000 0.000000
    outer loop
      vertex -38.099998 9.101773 -13.283022
      vertex -38.099998 9.125541 -13.084699
      vertex -38.099998 9.623940 -12.111477
    endloop
  endfacet
  facet normal 0.000000 -0.976215 0.216807
    outer loop
      vertex -38.099998 9.125541 -13.084699
      vertex -36.829998 9.125541 -13.084699
      vertex -38.099998 9.167592 -12.895354
    endloop
  endfacet
  facet normal 0.000000 -0.948347 0.317235
    outer loop
      vertex -38.099998 9.167592 -12.895354
      vertex -36.829998 9.227927 -12.714988
      vertex -38.099998 9.227927 -12.714988
    endloop
  endfacet
  facet normal 0.000000 -0.992895 0.118991
    outer loop
      vertex -38.099998 9.101773 -13.283022
      vertex -36.829998 9.101773 -13.283022
      vertex -36.829998 9.125541 -13.084699
    endloop
  endfacet
  facet normal 0.000000 -0.976215 0.216807
    outer loop
      vertex -38.099998 9.167592 -12.895354
      vertex -36.829998 9.125541 -13.084699
      vertex -36.829998 9.167592 -12.895354
    endloop
  endfacet
  facet normal 0.000000 -0.948347 0.317235
    outer loop
      vertex -38.099998 9.167592 -12.895354
      vertex -36.829998 9.167592 -12.895354
      vertex -36.829998 9.227927 -12.714988
    endloop
  endfacet
  facet normal -1.000000 0.000000 0.000000
    outer loop
      vertex -36.829998 8.012723 -14.978915
      vertex -36.829998 7.751954 -13.994341
      vertex -36.829998 8.012723 -11.911734
    endloop
  endfacet
  facet normal -1.000000 0.000000 0.000000
    outer loop
      vertex -36.829998 7.751954 -13.994341
      vertex -36.829998 7.719357 -13.448145
      vertex -36.829998 7.751954 -12.899651
    endloop
  endfacet
  facet normal -1.000000 0.000000 0.000000
    outer loop
      vertex -36.829998 7.751954 -13.994341
      vertex -36.829998 7.751954 -12.899651
      vertex -36.829998 8.012723 -11.911734
    endloop
  endfacet
  facet normal -1.000000 0.000000 0.000000
    outer loop
      vertex -36.829998 8.012723 -14.978915
      vertex -36.829998 9.105063 -13.656622
      vertex -36.829998 9.132489 -13.855794
    endloop
  endfacet
  facet normal -1.000000 0.000000 0.000000
    outer loop
      vertex -36.829998 8.012723 -14.978915
      vertex -36.829998 9.101773 -13.283022
      vertex -36.829998 9.105063 -13.656622
    endloop
  endfacet
  facet normal -1.000000 0.000000 0.000000
    outer loop
      vertex -36.829998 8.012723 -14.978915
      vertex -36.829998 9.125541 -13.084699
      vertex -36.829998 9.101773 -13.283022
    endloop
  endfacet
  facet normal -1.000000 0.000000 0.000000
    outer loop
      vertex -36.829998 8.012723 -14.978915
      vertex -36.829998 9.167592 -12.895354
      vertex -36.829998 9.125541 -13.084699
    endloop
  endfacet
  facet normal -1.000000 0.000000 0.000000
    outer loop
      vertex -36.829998 8.012723 -14.978915
      vertex -36.829998 9.227927 -12.714988
      vertex -36.829998 9.167592 -12.895354
    endloop
  endfacet
  facet normal -1.000000 0.000000 0.000000
    outer loop
      vertex -36.829998 8.012723 -14.978915
      vertex -36.829998 8.012723 -11.911734
      vertex -36.829998 9.289357 -12.577159
    endloop
  endfacet
  facet normal -1.000000 0.000000 0.000000
    outer loop
      vertex -36.829998 8.012723 -14.978915
      vertex -36.829998 9.289357 -12.577159
      vertex -36.829998 9.227927 -12.714988
    endloop
  endfacet
  facet normal -1.000000 0.000000 0.000000
    outer loop
      vertex -38.099998 7.937501 -24.310219
      vertex -38.099998 12.495961 -25.310673
      vertex -38.099998 11.179574 -25.310673
    endloop
  endfacet
  facet normal 0.000000 0.000000 1.000000
    outer loop
      vertex -38.099998 7.937501 -24.310219
      vertex -36.829998 7.937501 -24.310219
      vertex -38.099998 15.557502 -24.310219
    endloop
  endfacet
  facet normal 0.000000 0.000000 -1.000000
    outer loop
      vertex -38.099998 11.179574 -25.310673
      vertex -36.829998 12.495961 -25.310673
      vertex -36.829998 11.179574 -25.310673
    endloop
  endfacet
  facet normal 0.000000 0.000000 -1.000000
    outer loop
      vertex -38.099998 7.937501 -22.745598
      vertex -38.099998 10.893731 -22.745598
      vertex -36.829998 10.893731 -22.745598
    endloop
  endfacet
  facet normal -1.000000 0.000000 0.000000
    outer loop
      vertex -36.829998 7.937501 -24.310219
      vertex -36.829998 10.893731 -22.745598
      vertex -36.829998 12.240207 -22.745598
    endloop
  endfacet
  facet normal 0.000000 0.000000 -1.000000
    outer loop
      vertex -38.099998 11.179574 -25.310673
      vertex -38.099998 12.495961 -25.310673
      vertex -36.829998 12.495961 -25.310673
    endloop
  endfacet
  facet normal -1.000000 0.000000 0.000000
    outer loop
      vertex -38.099998 7.937501 -24.310219
      vertex -38.099998 15.557502 -24.310219
      vertex -38.099998 12.495961 -25.310673
    endloop
  endfacet
  facet normal 0.000000 0.000000 1.000000
    outer loop
      vertex -36.829998 7.937501 -24.310219
      vertex -36.829998 15.557502 -24.310219
      vertex -38.099998 15.557502 -24.310219
    endloop
  endfacet
  facet normal -1.000000 0.000000 0.000000
    outer loop
      vertex -38.099998 12.495961 -25.310673
      vertex -38.099998 15.557502 -24.310219
      vertex -38.099998 14.233592 -24.851818
    endloop
  endfacet
  facet normal 0.000000 0.000000 -1.000000
    outer loop
      vertex -38.099998 12.240207 -22.745598
      vertex -36.829998 14.241115 -22.745598
      vertex -36.829998 12.240207 -22.745598
    endloop
  endfacet
  facet normal 0.000000 0.000000 -1.000000
    outer loop
      vertex -38.099998 12.240207 -22.745598
      vertex -38.099998 14.241115 -22.745598
      vertex -36.829998 14.241115 -22.745598
    endloop
  endfacet
  facet normal -1.000000 0.000000 0.000000
    outer loop
      vertex -36.829998 7.937501 -24.310219
      vertex -36.829998 12.240207 -22.745598
      vertex -36.829998 15.557502 -24.310219
    endloop
  endfacet
  facet normal -1.000000 0.000000 0.000000
    outer loop
      vertex -36.829998 12.240207 -22.745598
      vertex -36.829998 14.241115 -22.745598
      vertex -36.829998 15.557502 -24.310219
    endloop
  endfacet
  facet normal -1.000000 0.000000 0.000000
    outer loop
      vertex -38.099998 7.937501 -22.745598
      vertex -38.099998 10.893731 -21.090712
      vertex -38.099998 10.893731 -22.745598
    endloop
  endfacet
  facet normal -1.000000 0.000000 0.000000
    outer loop
      vertex -38.099998 7.937501 -22.745598
      vertex -38.099998 10.803464 -20.517143
      vertex -38.099998 10.893731 -21.090712
    endloop
  endfacet
  facet normal -1.000000 0.000000 0.000000
    outer loop
      vertex -38.099998 7.937501 -22.745598
      vertex -38.099998 10.481053 -20.116795
      vertex -38.099998 10.803464 -20.517143
    endloop
  endfacet
  facet normal 0.000000 1.000000 0.000000
    outer loop
      vertex -38.099998 10.893731 -22.745598
      vertex -38.099998 10.893731 -21.090712
      vertex -36.829998 10.893731 -21.090712
    endloop
  endfacet
  facet normal 0.000000 1.000000 0.000000
    outer loop
      vertex -38.099998 10.893731 -22.745598
      vertex -36.829998 10.893731 -21.090712
      vertex -36.829998 10.893731 -22.745598
    endloop
  endfacet
  facet normal 0.000000 0.987841 0.155465
    outer loop
      vertex -38.099998 10.893731 -21.090712
      vertex -38.099998 10.803464 -20.517143
      vertex -36.829998 10.803464 -20.517143
    endloop
  endfacet
  facet normal 0.000000 0.987841 0.155465
    outer loop
      vertex -38.099998 10.893731 -21.090712
      vertex -36.829998 10.803464 -20.517143
      vertex -36.829998 10.893731 -21.090712
    endloop
  endfacet
  facet normal -1.000000 0.000000 0.000000
    outer loop
      vertex -36.829998 10.893731 -22.745598
      vertex -36.829998 12.248670 -20.732113
      vertex -36.829998 12.240207 -22.745598
    endloop
  endfacet
  facet normal -1.000000 0.000000 0.000000
    outer loop
      vertex -36.829998 10.893731 -22.745598
      vertex -36.829998 10.893731 -21.090712
      vertex -36.829998 11.664966 -19.137026
    endloop
  endfacet
  facet normal -1.000000 0.000000 0.000000
    outer loop
      vertex -36.829998 10.893731 -22.745598
      vertex -36.829998 12.277923 -20.546671
      vertex -36.829998 12.248670 -20.732113
    endloop
  endfacet
  facet normal -1.000000 0.000000 0.000000
    outer loop
      vertex -36.829998 10.893731 -22.745598
      vertex -36.829998 12.322116 -20.390938
      vertex -36.829998 12.277923 -20.546671
    endloop
  endfacet
  facet normal -1.000000 0.000000 0.000000
    outer loop
      vertex -36.829998 10.893731 -22.745598
      vertex -36.829998 12.383233 -20.245781
      vertex -36.829998 12.322116 -20.390938
    endloop
  endfacet
  facet normal -1.000000 0.000000 0.000000
    outer loop
      vertex -36.829998 10.893731 -22.745598
      vertex -36.829998 11.664966 -19.137026
      vertex -36.829998 12.383233 -20.245781
    endloop
  endfacet
  facet normal 0.000000 0.046459 0.998920
    outer loop
      vertex -38.099998 9.464511 -19.939814
      vertex -36.829998 9.464511 -19.939814
      vertex -38.099998 9.967664 -19.963215
    endloop
  endfacet
  facet normal 0.000000 0.778842 0.627220
    outer loop
      vertex -38.099998 10.481053 -20.116795
      vertex -36.829998 10.481053 -20.116795
      vertex -38.099998 10.803464 -20.517143
    endloop
  endfacet
  facet normal 0.000000 0.286599 0.958051
    outer loop
      vertex -38.099998 9.967664 -19.963215
      vertex -36.829998 9.967664 -19.963215
      vertex -38.099998 10.481053 -20.116795
    endloop
  endfacet
  facet normal 0.000000 0.046459 0.998920
    outer loop
      vertex -36.829998 9.464511 -19.939814
      vertex -36.829998 9.967664 -19.963215
      vertex -38.099998 9.967664 -19.963215
    endloop
  endfacet
  facet normal 0.000000 0.778842 0.627220
    outer loop
      vertex -38.099998 10.803464 -20.517143
      vertex -36.829998 10.481053 -20.116795
      vertex -36.829998 10.803464 -20.517143
    endloop
  endfacet
  facet normal 0.000000 0.286599 0.958051
    outer loop
      vertex -38.099998 10.481053 -20.116795
      vertex -36.829998 9.967664 -19.963215
      vertex -36.829998 10.481053 -20.116795
    endloop
  endfacet
  facet normal -1.000000 0.000000 0.000000
    outer loop
      vertex -36.829998 8.610635 -18.299658
      vertex -36.829998 10.481053 -20.116795
      vertex -36.829998 9.967664 -19.963215
    endloop
  endfacet
  facet normal -1.000000 0.000000 0.000000
    outer loop
      vertex -36.829998 8.610635 -18.299658
      vertex -36.829998 11.664966 -19.137026
      vertex -36.829998 10.481053 -20.116795
    endloop
  endfacet
  facet normal -1.000000 0.000000 0.000000
    outer loop
      vertex -36.829998 10.893731 -21.090712
      vertex -36.829998 10.803464 -20.517143
      vertex -36.829998 11.664966 -19.137026
    endloop
  endfacet
  facet normal -1.000000 0.000000 0.000000
    outer loop
      vertex -36.829998 10.481053 -20.116795
      vertex -36.829998 11.664966 -19.137026
      vertex -36.829998 10.803464 -20.517143
    endloop
  endfacet
  facet normal 0.000000 -0.999991 0.004203
    outer loop
      vertex -38.099998 12.240207 -22.745598
      vertex -36.829998 12.240207 -22.745598
      vertex -38.099998 12.248670 -20.732113
    endloop
  endfacet
  facet normal 0.000000 -0.987785 0.155821
    outer loop
      vertex -38.099998 12.248670 -20.732113
      vertex -36.829998 12.248670 -20.732113
      vertex -38.099998 12.277923 -20.546671
    endloop
  endfacet
  facet normal -1.000000 0.000000 0.000000
    outer loop
      vertex -38.099998 12.240207 -22.745598
      vertex -38.099998 12.248670 -20.732113
      vertex -38.099998 13.362971 -19.713665
    endloop
  endfacet
  facet normal -1.000000 0.000000 0.000000
    outer loop
      vertex -38.099998 12.240207 -22.745598
      vertex -38.099998 13.362971 -19.713665
      vertex -38.099998 13.501557 -19.738947
    endloop
  endfacet
  facet normal 0.000000 -0.999991 0.004203
    outer loop
      vertex -38.099998 12.248670 -20.732113
      vertex -36.829998 12.240207 -22.745598
      vertex -36.829998 12.248670 -20.732113
    endloop
  endfacet
  facet normal -1.000000 0.000000 0.000000
    outer loop
      vertex -38.099998 12.240207 -22.745598
      vertex -38.099998 14.231330 -20.662533
      vertex -38.099998 14.241115 -22.745598
    endloop
  endfacet
  facet normal 0.000000 0.999989 0.004697
    outer loop
      vertex -38.099998 14.241115 -22.745598
      vertex -36.829998 14.231330 -20.662533
      vertex -36.829998 14.241115 -22.745598
    endloop
  endfacet
  facet normal -1.000000 0.000000 0.000000
    outer loop
      vertex -38.099998 12.240207 -22.745598
      vertex -38.099998 14.201976 -20.500689
      vertex -38.099998 14.231330 -20.662533
    endloop
  endfacet
  facet normal -1.000000 0.000000 0.000000
    outer loop
      vertex -38.099998 12.240207 -22.745598
      vertex -38.099998 14.153052 -20.349422
      vertex -38.099998 14.201976 -20.500689
    endloop
  endfacet
  facet normal -1.000000 0.000000 0.000000
    outer loop
      vertex -38.099998 12.240207 -22.745598
      vertex -38.099998 14.057380 -20.164186
      vertex -38.099998 14.084559 -20.208733
    endloop
  endfacet
  facet normal -1.000000 0.000000 0.000000
    outer loop
      vertex -38.099998 12.240207 -22.745598
      vertex -38.099998 14.084559 -20.208733
      vertex -38.099998 14.153052 -20.349422
    endloop
  endfacet
  facet normal -1.000000 0.000000 0.000000
    outer loop
      vertex -38.099998 12.240207 -22.745598
      vertex -38.099998 13.867303 -19.936470
      vertex -38.099998 14.057380 -20.164186
    endloop
  endfacet
  facet normal -1.000000 0.000000 0.000000
    outer loop
      vertex -38.099998 12.240207 -22.745598
      vertex -38.099998 13.761365 -19.853725
      vertex -38.099998 13.867303 -19.936470
    endloop
  endfacet
  facet normal -1.000000 0.000000 0.000000
    outer loop
      vertex -38.099998 12.240207 -22.745598
      vertex -38.099998 13.501557 -19.738947
      vertex -38.099998 13.629697 -19.782618
    endloop
  endfacet
  facet normal -1.000000 0.000000 0.000000
    outer loop
      vertex -38.099998 12.240207 -22.745598
      vertex -38.099998 13.629697 -19.782618
      vertex -38.099998 13.747388 -19.844675
    endloop
  endfacet
  facet normal -1.000000 0.000000 0.000000
    outer loop
      vertex -38.099998 12.240207 -22.745598
      vertex -38.099998 13.747388 -19.844675
      vertex -38.099998 13.761365 -19.853725
    endloop
  endfacet
  facet normal 0.000000 0.999989 0.004697
    outer loop
      vertex -38.099998 14.231330 -20.662533
      vertex -36.829998 14.231330 -20.662533
      vertex -38.099998 14.241115 -22.745598
    endloop
  endfacet
  facet normal 0.000000 -0.962015 0.272996
    outer loop
      vertex -38.099998 12.277923 -20.546671
      vertex -36.829998 12.277923 -20.546671
      vertex -38.099998 12.322116 -20.390938
    endloop
  endfacet
  facet normal 0.000000 -0.921639 0.388049
    outer loop
      vertex -38.099998 12.322116 -20.390938
      vertex -36.829998 12.322116 -20.390938
      vertex -38.099998 12.383233 -20.245781
    endloop
  endfacet
  facet normal 0.000000 -0.885668 0.464320
    outer loop
      vertex -38.099998 12.383233 -20.245781
      vertex -36.829998 12.383233 -20.245781
      vertex -38.099998 12.407367 -20.199747
    endloop
  endfacet
  facet normal -1.000000 0.000000 0.000000
    outer loop
      vertex -38.099998 12.248670 -20.732113
      vertex -38.099998 12.277923 -20.546671
      vertex -38.099998 13.362971 -19.713665
    endloop
  endfacet
  facet normal -1.000000 0.000000 0.000000
    outer loop
      vertex -38.099998 12.277923 -20.546671
      vertex -38.099998 12.322116 -20.390938
      vertex -38.099998 13.362971 -19.713665
    endloop
  endfacet
  facet normal -1.000000 0.000000 0.000000
    outer loop
      vertex -38.099998 12.322116 -20.390938
      vertex -38.099998 12.383233 -20.245781
      vertex -38.099998 13.362971 -19.713665
    endloop
  endfacet
  facet normal -1.000000 0.000000 0.000000
    outer loop
      vertex -38.099998 12.383233 -20.245781
      vertex -38.099998 12.407367 -20.199747
      vertex -38.099998 13.362971 -19.713665
    endloop
  endfacet
  facet normal -1.000000 0.000000 0.000000
    outer loop
      vertex -38.099998 12.407367 -20.199747
      vertex -38.099998 12.577035 -19.967812
      vertex -38.099998 13.362971 -19.713665
    endloop
  endfacet
  facet normal -1.000000 0.000000 0.000000
    outer loop
      vertex -38.099998 12.577035 -19.967812
      vertex -38.099998 12.670735 -19.884396
      vertex -38.099998 13.078515 -19.717072
    endloop
  endfacet
  facet normal 0.000000 -0.807098 0.590418
    outer loop
      vertex -38.099998 12.407367 -20.199747
      vertex -36.829998 12.577035 -19.967812
      vertex -38.099998 12.577035 -19.967812
    endloop
  endfacet
  facet normal 0.000000 -0.664928 0.746907
    outer loop
      vertex -38.099998 12.577035 -19.967812
      vertex -36.829998 12.577035 -19.967812
      vertex -38.099998 12.670735 -19.884396
    endloop
  endfacet
  facet normal 0.000000 -0.987785 0.155821
    outer loop
      vertex -38.099998 12.277923 -20.546671
      vertex -36.829998 12.248670 -20.732113
      vertex -36.829998 12.277923 -20.546671
    endloop
  endfacet
  facet normal 0.000000 -0.962015 0.272996
    outer loop
      vertex -38.099998 12.322116 -20.390938
      vertex -36.829998 12.277923 -20.546671
      vertex -36.829998 12.322116 -20.390938
    endloop
  endfacet
  facet normal 0.000000 -0.921639 0.388049
    outer loop
      vertex -38.099998 12.383233 -20.245781
      vertex -36.829998 12.322116 -20.390938
      vertex -36.829998 12.383233 -20.245781
    endloop
  endfacet
  facet normal 0.000000 -0.885668 0.464320
    outer loop
      vertex -38.099998 12.407367 -20.199747
      vertex -36.829998 12.383233 -20.245781
      vertex -36.829998 12.407367 -20.199747
    endloop
  endfacet
  facet normal 0.000000 -0.807098 0.590418
    outer loop
      vertex -38.099998 12.407367 -20.199747
      vertex -36.829998 12.407367 -20.199747
      vertex -36.829998 12.577035 -19.967812
    endloop
  endfacet
  facet normal 0.000000 -0.664928 0.746907
    outer loop
      vertex -38.099998 12.670735 -19.884396
      vertex -36.829998 12.577035 -19.967812
      vertex -36.829998 12.670735 -19.884396
    endloop
  endfacet
  facet normal 0.000000 -0.548935 0.835865
    outer loop
      vertex -38.099998 12.670735 -19.884396
      vertex -36.829998 12.670735 -19.884396
      vertex -36.829998 12.773395 -19.816977
    endloop
  endfacet
  facet normal -1.000000 0.000000 0.000000
    outer loop
      vertex -38.099998 12.670735 -19.884396
      vertex -38.099998 12.773395 -19.816977
      vertex -38.099998 12.935594 -19.748415
    endloop
  endfacet
  facet normal -1.000000 0.000000 0.000000
    outer loop
      vertex -38.099998 12.670735 -19.884396
      vertex -38.099998 12.935594 -19.748415
      vertex -38.099998 13.078515 -19.717072
    endloop
  endfacet
  facet normal -1.000000 0.000000 0.000000
    outer loop
      vertex -38.099998 12.577035 -19.967812
      vertex -38.099998 13.078515 -19.717072
      vertex -38.099998 13.362971 -19.713665
    endloop
  endfacet
  facet normal 0.000000 -0.548935 0.835865
    outer loop
      vertex -38.099998 12.670735 -19.884396
      vertex -36.829998 12.773395 -19.816977
      vertex -38.099998 12.773395 -19.816977
    endloop
  endfacet
  facet normal 0.000000 -0.456729 0.889606
    outer loop
      vertex -38.099998 12.820134 -19.792980
      vertex -38.099998 12.773395 -19.816977
      vertex -36.829998 12.773395 -19.816977
    endloop
  endfacet
  facet normal 0.000000 -0.360089 0.932918
    outer loop
      vertex -38.099998 12.935594 -19.748415
      vertex -38.099998 12.820134 -19.792980
      vertex -36.829998 12.820134 -19.792980
    endloop
  endfacet
  facet normal 0.000000 -0.214215 0.976787
    outer loop
      vertex -38.099998 12.935594 -19.748415
      vertex -36.829998 12.935594 -19.748415
      vertex -38.099998 13.078515 -19.717072
    endloop
  endfacet
  facet normal 0.000000 -0.456729 0.889606
    outer loop
      vertex -38.099998 12.820134 -19.792980
      vertex -36.829998 12.773395 -19.816977
      vertex -36.829998 12.820134 -19.792980
    endloop
  endfacet
  facet normal 0.000000 -0.360089 0.932918
    outer loop
      vertex -38.099998 12.935594 -19.748415
      vertex -36.829998 12.820134 -19.792980
      vertex -36.829998 12.935594 -19.748415
    endloop
  endfacet
  facet normal 0.000000 -0.214215 0.976787
    outer loop
      vertex -38.099998 13.078515 -19.717072
      vertex -36.829998 12.935594 -19.748415
      vertex -36.829998 13.078515 -19.717072
    endloop
  endfacet
  facet normal 0.000000 0.983947 0.178461
    outer loop
      vertex -38.099998 14.201976 -20.500689
      vertex -36.829998 14.201976 -20.500689
      vertex -38.099998 14.231330 -20.662533
    endloop
  endfacet
  facet normal 0.000000 0.899111 0.437720
    outer loop
      vertex -38.099998 14.084559 -20.208733
      vertex -36.829998 14.084559 -20.208733
      vertex -38.099998 14.153052 -20.349422
    endloop
  endfacet
  facet normal 0.000000 0.951473 0.307732
    outer loop
      vertex -38.099998 14.153052 -20.349422
      vertex -36.829998 14.153052 -20.349422
      vertex -38.099998 14.201976 -20.500689
    endloop
  endfacet
  facet normal 0.000000 0.543522 0.839395
    outer loop
      vertex -38.099998 13.747388 -19.844675
      vertex -36.829998 13.747388 -19.844675
      vertex -38.099998 13.761365 -19.853725
    endloop
  endfacet
  facet normal 0.000000 0.615554 0.788094
    outer loop
      vertex -38.099998 13.761365 -19.853725
      vertex -36.829998 13.761365 -19.853725
      vertex -38.099998 13.867303 -19.936470
    endloop
  endfacet
  facet normal 0.000000 0.767702 0.640807
    outer loop
      vertex -38.099998 14.057380 -20.164186
      vertex -38.099998 13.867303 -19.936470
      vertex -36.829998 13.867303 -19.936470
    endloop
  endfacet
  facet normal 0.000000 0.853648 0.520851
    outer loop
      vertex -38.099998 14.057380 -20.164186
      vertex -36.829998 14.057380 -20.164186
      vertex -38.099998 14.084559 -20.208733
    endloop
  endfacet
  facet normal 0.000000 0.983947 0.178461
    outer loop
      vertex -38.099998 14.231330 -20.662533
      vertex -36.829998 14.201976 -20.500689
      vertex -36.829998 14.231330 -20.662533
    endloop
  endfacet
  facet normal 0.000000 0.951473 0.307732
    outer loop
      vertex -38.099998 14.201976 -20.500689
      vertex -36.829998 14.153052 -20.349422
      vertex -36.829998 14.201976 -20.500689
    endloop
  endfacet
  facet normal 0.000000 0.899111 0.437720
    outer loop
      vertex -38.099998 14.153052 -20.349422
      vertex -36.829998 14.084559 -20.208733
      vertex -36.829998 14.153052 -20.349422
    endloop
  endfacet
  facet normal 0.000000 0.543522 0.839395
    outer loop
      vertex -38.099998 13.761365 -19.853725
      vertex -36.829998 13.747388 -19.844675
      vertex -36.829998 13.761365 -19.853725
    endloop
  endfacet
  facet normal 0.000000 0.615554 0.788094
    outer loop
      vertex -38.099998 13.867303 -19.936470
      vertex -36.829998 13.761365 -19.853725
      vertex -36.829998 13.867303 -19.936470
    endloop
  endfacet
  facet normal 0.000000 0.853648 0.520851
    outer loop
      vertex -38.099998 14.084559 -20.208733
      vertex -36.829998 14.057380 -20.164186
      vertex -36.829998 14.084559 -20.208733
    endloop
  endfacet
  facet normal 0.000000 0.767702 0.640807
    outer loop
      vertex -38.099998 14.057380 -20.164186
      vertex -36.829998 13.867303 -19.936470
      vertex -36.829998 14.057380 -20.164186
    endloop
  endfacet
  facet normal 0.000000 -0.011975 0.999928
    outer loop
      vertex -38.099998 13.078515 -19.717072
      vertex -36.829998 13.078515 -19.717072
      vertex -38.099998 13.362971 -19.713665
    endloop
  endfacet
  facet normal 0.000000 0.179466 0.983764
    outer loop
      vertex -38.099998 13.362971 -19.713665
      vertex -36.829998 13.362971 -19.713665
      vertex -38.099998 13.501557 -19.738947
    endloop
  endfacet
  facet normal 0.000000 0.322586 0.946540
    outer loop
      vertex -38.099998 13.501557 -19.738947
      vertex -36.829998 13.501557 -19.738947
      vertex -38.099998 13.629697 -19.782618
    endloop
  endfacet
  facet normal 0.000000 0.466422 0.884562
    outer loop
      vertex -38.099998 13.629697 -19.782618
      vertex -36.829998 13.629697 -19.782618
      vertex -38.099998 13.747388 -19.844675
    endloop
  endfacet
  facet normal 0.000000 -0.011975 0.999928
    outer loop
      vertex -38.099998 13.362971 -19.713665
      vertex -36.829998 13.078515 -19.717072
      vertex -36.829998 13.362971 -19.713665
    endloop
  endfacet
  facet normal 0.000000 0.179466 0.983764
    outer loop
      vertex -38.099998 13.501557 -19.738947
      vertex -36.829998 13.362971 -19.713665
      vertex -36.829998 13.501557 -19.738947
    endloop
  endfacet
  facet normal 0.000000 0.322586 0.946540
    outer loop
      vertex -38.099998 13.629697 -19.782618
      vertex -36.829998 13.501557 -19.738947
      vertex -36.829998 13.629697 -19.782618
    endloop
  endfacet
  facet normal 0.000000 0.466422 0.884562
    outer loop
      vertex -38.099998 13.747388 -19.844675
      vertex -36.829998 13.629697 -19.782618
      vertex -36.829998 13.747388 -19.844675
    endloop
  endfacet
  facet normal -1.000000 0.000000 0.000000
    outer loop
      vertex -36.829998 11.664966 -19.137026
      vertex -36.829998 12.407367 -20.199747
      vertex -36.829998 12.383233 -20.245781
    endloop
  endfacet
  facet normal -1.000000 0.000000 0.000000
    outer loop
      vertex -36.829998 11.664966 -19.137026
      vertex -36.829998 12.577035 -19.967812
      vertex -36.829998 12.407367 -20.199747
    endloop
  endfacet
  facet normal -1.000000 0.000000 0.000000
    outer loop
      vertex -36.829998 11.664966 -19.137026
      vertex -36.829998 12.670735 -19.884396
      vertex -36.829998 12.577035 -19.967812
    endloop
  endfacet
  facet normal -1.000000 0.000000 0.000000
    outer loop
      vertex -36.829998 11.664966 -19.137026
      vertex -36.829998 12.773395 -19.816977
      vertex -36.829998 12.670735 -19.884396
    endloop
  endfacet
  facet normal -1.000000 0.000000 0.000000
    outer loop
      vertex -36.829998 11.664966 -19.137026
      vertex -36.829998 12.820134 -19.792980
      vertex -36.829998 12.773395 -19.816977
    endloop
  endfacet
  facet normal -1.000000 0.000000 0.000000
    outer loop
      vertex -36.829998 11.664966 -19.137026
      vertex -36.829998 12.935594 -19.748415
      vertex -36.829998 12.820134 -19.792980
    endloop
  endfacet
  facet normal -1.000000 0.000000 0.000000
    outer loop
      vertex -36.829998 11.664966 -19.137026
      vertex -36.829998 13.078515 -19.717072
      vertex -36.829998 12.935594 -19.748415
    endloop
  endfacet
  facet normal -1.000000 0.000000 0.000000
    outer loop
      vertex -36.829998 11.664966 -19.137026
      vertex -36.829998 13.362971 -19.713665
      vertex -36.829998 13.078515 -19.717072
    endloop
  endfacet
  facet normal -1.000000 0.000000 0.000000
    outer loop
      vertex -36.829998 11.664966 -19.137026
      vertex -36.829998 13.501557 -19.738947
      vertex -36.829998 13.362971 -19.713665
    endloop
  endfacet
  facet normal -1.000000 0.000000 0.000000
    outer loop
      vertex -36.829998 11.664966 -19.137026
      vertex -36.829998 15.380887 -19.522383
      vertex -36.829998 13.501557 -19.738947
    endloop
  endfacet
  facet normal -1.000000 0.000000 0.000000
    outer loop
      vertex -36.829998 13.501557 -19.738947
      vertex -36.829998 15.380887 -19.522383
      vertex -36.829998 13.629697 -19.782618
    endloop
  endfacet
  facet normal -1.000000 0.000000 0.000000
    outer loop
      vertex -36.829998 13.747388 -19.844675
      vertex -36.829998 13.629697 -19.782618
      vertex -36.829998 15.380887 -19.522383
    endloop
  endfacet
  facet normal -1.000000 0.000000 0.000000
    outer loop
      vertex -38.099998 14.233592 -24.851818
      vertex -38.099998 15.557502 -24.310219
      vertex -38.099998 15.557502 -24.851818
    endloop
  endfacet
  facet normal 0.000000 0.000000 -1.000000
    outer loop
      vertex -38.099998 14.233592 -24.851818
      vertex -38.099998 15.557502 -24.851818
      vertex -36.829998 15.557502 -24.851818
    endloop
  endfacet
  facet normal 0.000000 0.000000 -1.000000
    outer loop
      vertex -38.099998 14.233592 -24.851818
      vertex -36.829998 15.557502 -24.851818
      vertex -36.829998 14.233592 -24.851818
    endloop
  endfacet
  facet normal 0.000000 -1.000000 0.000000
    outer loop
      vertex -38.099998 15.557502 -24.310219
      vertex -36.829998 15.557502 -24.310219
      vertex -38.099998 15.557502 -20.616812
    endloop
  endfacet
  facet normal 0.000000 -1.000000 0.000000
    outer loop
      vertex -36.829998 15.557502 -24.310219
      vertex -36.829998 15.557502 -20.616812
      vertex -38.099998 15.557502 -20.616812
    endloop
  endfacet
  facet normal -1.000000 0.000000 0.000000
    outer loop
      vertex -36.829998 14.241115 -22.745598
      vertex -36.829998 15.380887 -19.522383
      vertex -36.829998 15.557502 -24.310219
    endloop
  endfacet
  facet normal -1.000000 0.000000 0.000000
    outer loop
      vertex -36.829998 14.241115 -22.745598
      vertex -36.829998 14.231330 -20.662533
      vertex -36.829998 15.380887 -19.522383
    endloop
  endfacet
  facet normal -1.000000 0.000000 0.000000
    outer loop
      vertex -36.829998 15.557502 -24.310219
      vertex -36.829998 15.380887 -19.522383
      vertex -36.829998 15.557502 -20.616812
    endloop
  endfacet
  facet normal 0.000000 -0.971846 -0.235618
    outer loop
      vertex -38.099998 15.380887 -19.522383
      vertex -38.099998 15.525062 -20.117056
      vertex -36.829998 15.525062 -20.117056
    endloop
  endfacet
  facet normal 0.000000 -0.892234 -0.451573
    outer loop
      vertex -38.099998 15.380887 -19.522383
      vertex -36.829998 15.380887 -19.522383
      vertex -38.099998 15.121369 -19.009619
    endloop
  endfacet
  facet normal 0.000000 -0.971846 -0.235618
    outer loop
      vertex -38.099998 15.380887 -19.522383
      vertex -36.829998 15.525062 -20.117056
      vertex -36.829998 15.380887 -19.522383
    endloop
  endfacet
  facet normal 0.000000 -0.892234 -0.451573
    outer loop
      vertex -36.829998 15.380887 -19.522383
      vertex -36.829998 15.121369 -19.009619
      vertex -38.099998 15.121369 -19.009619
    endloop
  endfacet
  facet normal 0.000000 -0.997900 -0.064776
    outer loop
      vertex -38.099998 15.557502 -20.616812
      vertex -36.829998 15.557502 -20.616812
      vertex -38.099998 15.525062 -20.117056
    endloop
  endfacet
  facet normal 0.000000 -0.997900 -0.064776
    outer loop
      vertex -38.099998 15.525062 -20.117056
      vertex -36.829998 15.557502 -20.616812
      vertex -36.829998 15.525062 -20.117056
    endloop
  endfacet
  facet normal -1.000000 0.000000 0.000000
    outer loop
      vertex -36.829998 14.153052 -20.349422
      vertex -36.829998 15.380887 -19.522383
      vertex -36.829998 14.201976 -20.500689
    endloop
  endfacet
  facet normal -1.000000 0.000000 0.000000
    outer loop
      vertex -36.829998 14.057380 -20.164186
      vertex -36.829998 13.867303 -19.936470
      vertex -36.829998 15.380887 -19.522383
    endloop
  endfacet
  facet normal -1.000000 0.000000 0.000000
    outer loop
      vertex -36.829998 14.057380 -20.164186
      vertex -36.829998 15.380887 -19.522383
      vertex -36.829998 14.084559 -20.208733
    endloop
  endfacet
  facet normal -1.000000 0.000000 0.000000
    outer loop
      vertex -36.829998 14.153052 -20.349422
      vertex -36.829998 14.084559 -20.208733
      vertex -36.829998 15.380887 -19.522383
    endloop
  endfacet
  facet normal -1.000000 0.000000 0.000000
    outer loop
      vertex -36.829998 14.231330 -20.662533
      vertex -36.829998 14.201976 -20.500689
      vertex -36.829998 15.380887 -19.522383
    endloop
  endfacet
  facet normal -1.000000 0.000000 0.000000
    outer loop
      vertex -36.829998 13.761365 -19.853725
      vertex -36.829998 15.380887 -19.522383
      vertex -36.829998 13.867303 -19.936470
    endloop
  endfacet
  facet normal -1.000000 0.000000 0.000000
    outer loop
      vertex -36.829998 13.747388 -19.844675
      vertex -36.829998 15.380887 -19.522383
      vertex -36.829998 13.761365 -19.853725
    endloop
  endfacet
  facet normal -1.000000 0.000000 0.000000
    outer loop
      vertex -36.829998 15.380887 -19.522383
      vertex -36.829998 15.525062 -20.117056
      vertex -36.829998 15.557502 -20.616812
    endloop
  endfacet
  facet normal 0.000000 -0.053394 -0.998574
    outer loop
      vertex -38.099998 9.675132 -18.337582
      vertex -38.099998 10.253507 -18.368507
      vertex -36.829998 10.253507 -18.368507
    endloop
  endfacet
  facet normal 0.000000 -0.219490 -0.975615
    outer loop
      vertex -38.099998 10.253507 -18.368507
      vertex -38.099998 10.811927 -18.494139
      vertex -36.829998 10.811927 -18.494139
    endloop
  endfacet
  facet normal 0.000000 -0.053394 -0.998574
    outer loop
      vertex -38.099998 9.675132 -18.337582
      vertex -36.829998 10.253507 -18.368507
      vertex -36.829998 9.675132 -18.337582
    endloop
  endfacet
  facet normal 0.000000 -0.219490 -0.975615
    outer loop
      vertex -38.099998 10.253507 -18.368507
      vertex -36.829998 10.811927 -18.494139
      vertex -36.829998 10.253507 -18.368507
    endloop
  endfacet
  facet normal -1.000000 0.000000 0.000000
    outer loop
      vertex -38.099998 9.675132 -18.337582
      vertex -38.099998 10.408862 -17.012995
      vertex -38.099998 10.253507 -18.368507
    endloop
  endfacet
  facet normal -1.000000 0.000000 0.000000
    outer loop
      vertex -38.099998 10.253507 -18.368507
      vertex -38.099998 10.915357 -17.124155
      vertex -38.099998 10.811927 -18.494139
    endloop
  endfacet
  facet normal -1.000000 0.000000 0.000000
    outer loop
      vertex -38.099998 10.253507 -18.368507
      vertex -38.099998 10.408862 -17.012995
      vertex -38.099998 10.915357 -17.124155
    endloop
  endfacet
  facet normal 0.000000 -0.540815 -0.841142
    outer loop
      vertex -38.099998 11.278199 -18.793930
      vertex -36.829998 11.278199 -18.793930
      vertex -38.099998 10.811927 -18.494139
    endloop
  endfacet
  facet normal -1.000000 0.000000 0.000000
    outer loop
      vertex -38.099998 11.664966 -19.137026
      vertex -38.099998 11.278199 -18.793930
      vertex -38.099998 12.010362 -18.686947
    endloop
  endfacet
  facet normal 0.000000 -0.663611 -0.748078
    outer loop
      vertex -38.099998 11.664966 -19.137026
      vertex -36.829998 11.664966 -19.137026
      vertex -38.099998 11.278199 -18.793930
    endloop
  endfacet
  facet normal 0.000000 0.793321 -0.608804
    outer loop
      vertex -38.099998 11.664966 -19.137026
      vertex -38.099998 12.010362 -18.686947
      vertex -36.829998 12.010362 -18.686947
    endloop
  endfacet
  facet normal 0.000000 -0.540815 -0.841142
    outer loop
      vertex -38.099998 10.811927 -18.494139
      vertex -36.829998 11.278199 -18.793930
      vertex -36.829998 10.811927 -18.494139
    endloop
  endfacet
  facet normal 0.000000 -0.663611 -0.748078
    outer loop
      vertex -36.829998 11.664966 -19.137026
      vertex -36.829998 11.278199 -18.793930
      vertex -38.099998 11.278199 -18.793930
    endloop
  endfacet
  facet normal 0.000000 0.793321 -0.608804
    outer loop
      vertex -38.099998 11.664966 -19.137026
      vertex -36.829998 12.010362 -18.686947
      vertex -36.829998 11.664966 -19.137026
    endloop
  endfacet
  facet normal -1.000000 0.000000 0.000000
    outer loop
      vertex -38.099998 11.278199 -18.793930
      vertex -38.099998 10.811927 -18.494139
      vertex -38.099998 11.454450 -17.179737
    endloop
  endfacet
  facet normal -1.000000 0.000000 0.000000
    outer loop
      vertex -38.099998 10.811927 -18.494139
      vertex -38.099998 10.915357 -17.124155
      vertex -38.099998 11.454450 -17.179737
    endloop
  endfacet
  facet normal -1.000000 0.000000 0.000000
    outer loop
      vertex -38.099998 11.278199 -18.793930
      vertex -38.099998 12.017987 -17.179840
      vertex -38.099998 12.010362 -18.686947
    endloop
  endfacet
  facet normal -1.000000 0.000000 0.000000
    outer loop
      vertex -38.099998 11.278199 -18.793930
      vertex -38.099998 11.454450 -17.179737
      vertex -38.099998 12.017987 -17.179840
    endloop
  endfacet
  facet normal -1.000000 0.000000 0.000000
    outer loop
      vertex -36.829998 8.610635 -18.299658
      vertex -36.829998 9.149728 -18.337269
      vertex -36.829998 11.278199 -18.793930
    endloop
  endfacet
  facet normal -1.000000 0.000000 0.000000
    outer loop
      vertex -36.829998 9.149728 -18.337269
      vertex -36.829998 9.675132 -18.337582
      vertex -36.829998 10.253507 -18.368507
    endloop
  endfacet
  facet normal -1.000000 0.000000 0.000000
    outer loop
      vertex -36.829998 8.610635 -18.299658
      vertex -36.829998 11.278199 -18.793930
      vertex -36.829998 11.664966 -19.137026
    endloop
  endfacet
  facet normal -1.000000 0.000000 0.000000
    outer loop
      vertex -36.829998 9.149728 -18.337269
      vertex -36.829998 10.253507 -18.368507
      vertex -36.829998 11.278199 -18.793930
    endloop
  endfacet
  facet normal -1.000000 0.000000 0.000000
    outer loop
      vertex -36.829998 10.253507 -18.368507
      vertex -36.829998 10.811927 -18.494139
      vertex -36.829998 11.278199 -18.793930
    endloop
  endfacet
  facet normal -1.000000 0.000000 0.000000
    outer loop
      vertex -38.099998 9.675132 -18.337582
      vertex -38.099998 9.710237 -16.742039
      vertex -38.099998 10.408862 -17.012995
    endloop
  endfacet
  facet normal 0.000000 0.361598 0.932334
    outer loop
      vertex -38.099998 9.710237 -16.742039
      vertex -36.829998 9.710237 -16.742039
      vertex -38.099998 10.408862 -17.012995
    endloop
  endfacet
  facet normal 0.000000 0.214368 0.976753
    outer loop
      vertex -38.099998 10.408862 -17.012995
      vertex -36.829998 10.408862 -17.012995
      vertex -38.099998 10.915357 -17.124155
    endloop
  endfacet
  facet normal 0.000000 0.361598 0.932334
    outer loop
      vertex -38.099998 10.408862 -17.012995
      vertex -36.829998 9.710237 -16.742039
      vertex -36.829998 10.408862 -17.012995
    endloop
  endfacet
  facet normal 0.000000 0.102559 0.994727
    outer loop
      vertex -38.099998 10.915357 -17.124155
      vertex -36.829998 10.915357 -17.124155
      vertex -38.099998 11.454450 -17.179737
    endloop
  endfacet
  facet normal 0.000000 0.000183 1.000000
    outer loop
      vertex -38.099998 11.454450 -17.179737
      vertex -36.829998 11.454450 -17.179737
      vertex -38.099998 12.017987 -17.179840
    endloop
  endfacet
  facet normal 0.000000 0.214368 0.976753
    outer loop
      vertex -38.099998 10.915357 -17.124155
      vertex -36.829998 10.408862 -17.012995
      vertex -36.829998 10.915357 -17.124155
    endloop
  endfacet
  facet normal 0.000000 0.102559 0.994727
    outer loop
      vertex -38.099998 11.454450 -17.179737
      vertex -36.829998 10.915357 -17.124155
      vertex -36.829998 11.454450 -17.179737
    endloop
  endfacet
  facet normal 0.000000 0.000183 1.000000
    outer loop
      vertex -36.829998 11.454450 -17.179737
      vertex -36.829998 12.017987 -17.179840
      vertex -38.099998 12.017987 -17.179840
    endloop
  endfacet
  facet normal -1.000000 0.000000 0.000000
    outer loop
      vertex -36.829998 9.710237 -16.742039
      vertex -36.829998 10.915357 -17.124155
      vertex -36.829998 10.408862 -17.012995
    endloop
  endfacet
  facet normal -1.000000 0.000000 0.000000
    outer loop
      vertex -36.829998 8.012723 -14.978915
      vertex -36.829998 12.017987 -17.179840
      vertex -36.829998 9.710237 -16.742039
    endloop
  endfacet
  facet normal -1.000000 0.000000 0.000000
    outer loop
      vertex -36.829998 9.710237 -16.742039
      vertex -36.829998 12.017987 -17.179840
      vertex -36.829998 10.915357 -17.124155
    endloop
  endfacet
  facet normal -1.000000 0.000000 0.000000
    outer loop
      vertex -36.829998 10.915357 -17.124155
      vertex -36.829998 12.017987 -17.179840
      vertex -36.829998 11.454450 -17.179737
    endloop
  endfacet
  facet normal -1.000000 0.000000 0.000000
    outer loop
      vertex -36.829998 12.017987 -17.179840
      vertex -36.829998 10.296323 -15.276052
      vertex -36.829998 10.505534 -15.367964
    endloop
  endfacet
  facet normal -1.000000 0.000000 0.000000
    outer loop
      vertex -36.829998 12.017987 -17.179840
      vertex -36.829998 10.505534 -15.367964
      vertex -36.829998 10.724618 -15.443657
    endloop
  endfacet
  facet normal -1.000000 0.000000 0.000000
    outer loop
      vertex -36.829998 12.017987 -17.179840
      vertex -36.829998 10.724618 -15.443657
      vertex -36.829998 10.953576 -15.503129
    endloop
  endfacet
  facet normal -1.000000 0.000000 0.000000
    outer loop
      vertex -36.829998 12.017987 -17.179840
      vertex -36.829998 10.953576 -15.503129
      vertex -36.829998 11.192405 -15.546382
    endloop
  endfacet
  facet normal -1.000000 0.000000 0.000000
    outer loop
      vertex -36.829998 12.017987 -17.179840
      vertex -36.829998 11.192405 -15.546382
      vertex -36.829998 11.483520 -15.576344
    endloop
  endfacet
  facet normal -1.000000 0.000000 0.000000
    outer loop
      vertex -36.829998 12.017987 -17.179840
      vertex -36.829998 11.483520 -15.576344
      vertex -36.829998 12.046533 -15.573255
    endloop
  endfacet
  facet normal 0.000000 0.544667 -0.838652
    outer loop
      vertex -38.099998 12.010362 -18.686947
      vertex -38.099998 12.508080 -18.363701
      vertex -36.829998 12.508080 -18.363701
    endloop
  endfacet
  facet normal 0.000000 0.544667 -0.838652
    outer loop
      vertex -38.099998 12.010362 -18.686947
      vertex -36.829998 12.508080 -18.363701
      vertex -36.829998 12.010362 -18.686947
    endloop
  endfacet
  facet normal 0.000000 0.306907 -0.951740
    outer loop
      vertex -38.099998 12.508080 -18.363701
      vertex -36.829998 13.065978 -18.183796
      vertex -36.829998 12.508080 -18.363701
    endloop
  endfacet
  facet normal -1.000000 0.000000 0.000000
    outer loop
      vertex -38.099998 12.010362 -18.686947
      vertex -38.099998 12.017987 -17.179840
      vertex -38.099998 12.557080 -17.125095
    endloop
  endfacet
  facet normal -1.000000 0.000000 0.000000
    outer loop
      vertex -38.099998 12.010362 -18.686947
      vertex -38.099998 13.063575 -17.015606
      vertex -38.099998 12.508080 -18.363701
    endloop
  endfacet
  facet normal 0.000000 0.306907 -0.951740
    outer loop
      vertex -38.099998 12.508080 -18.363701
      vertex -38.099998 13.065978 -18.183796
      vertex -36.829998 13.065978 -18.183796
    endloop
  endfacet
  facet normal -1.000000 0.000000 0.000000
    outer loop
      vertex -38.099998 12.010362 -18.686947
      vertex -38.099998 12.557080 -17.125095
      vertex -38.099998 13.063575 -17.015606
    endloop
  endfacet
  facet normal -1.000000 0.000000 0.000000
    outer loop
      vertex -38.099998 12.508080 -18.363701
      vertex -38.099998 13.537475 -16.851372
      vertex -38.099998 13.065978 -18.183796
    endloop
  endfacet
  facet normal 0.000000 0.051986 -0.998648
    outer loop
      vertex -38.099998 13.065978 -18.183796
      vertex -38.099998 13.624921 -18.154699
      vertex -36.829998 13.624921 -18.154699
    endloop
  endfacet
  facet normal -1.000000 0.000000 0.000000
    outer loop
      vertex -38.099998 13.065978 -18.183796
      vertex -38.099998 14.187205 -16.502373
      vertex -38.099998 13.624921 -18.154699
    endloop
  endfacet
  facet normal 0.000000 -0.201999 -0.979386
    outer loop
      vertex -38.099998 14.226697 -18.278816
      vertex -36.829998 14.226697 -18.278816
      vertex -38.099998 13.624921 -18.154699
    endloop
  endfacet
  facet normal -1.000000 0.000000 0.000000
    outer loop
      vertex -38.099998 14.226697 -18.278816
      vertex -38.099998 13.624921 -18.154699
      vertex -38.099998 14.768245 -16.022413
    endloop
  endfacet
  facet normal 0.000000 0.051986 -0.998648
    outer loop
      vertex -38.099998 13.065978 -18.183796
      vertex -36.829998 13.624921 -18.154699
      vertex -36.829998 13.065978 -18.183796
    endloop
  endfacet
  facet normal 0.000000 -0.201999 -0.979386
    outer loop
      vertex -38.099998 13.624921 -18.154699
      vertex -36.829998 14.226697 -18.278816
      vertex -36.829998 13.624921 -18.154699
    endloop
  endfacet
  facet normal -1.000000 0.000000 0.000000
    outer loop
      vertex -36.829998 11.664966 -19.137026
      vertex -36.829998 12.010362 -18.686947
      vertex -36.829998 12.508080 -18.363701
    endloop
  endfacet
  facet normal -1.000000 0.000000 0.000000
    outer loop
      vertex -36.829998 11.664966 -19.137026
      vertex -36.829998 12.508080 -18.363701
      vertex -36.829998 13.624921 -18.154699
    endloop
  endfacet
  facet normal -1.000000 0.000000 0.000000
    outer loop
      vertex -36.829998 12.508080 -18.363701
      vertex -36.829998 13.065978 -18.183796
      vertex -36.829998 13.624921 -18.154699
    endloop
  endfacet
  facet normal -1.000000 0.000000 0.000000
    outer loop
      vertex -36.829998 11.664966 -19.137026
      vertex -36.829998 13.624921 -18.154699
      vertex -36.829998 15.380887 -19.522383
    endloop
  endfacet
  facet normal -1.000000 0.000000 0.000000
    outer loop
      vertex -36.829998 14.226697 -18.278816
      vertex -36.829998 14.728177 -18.568420
      vertex -36.829998 13.624921 -18.154699
    endloop
  endfacet
  facet normal 0.000000 -0.101030 0.994883
    outer loop
      vertex -38.099998 12.017987 -17.179840
      vertex -36.829998 12.017987 -17.179840
      vertex -38.099998 12.557080 -17.125095
    endloop
  endfacet
  facet normal -1.000000 0.000000 0.000000
    outer loop
      vertex -38.099998 12.508080 -18.363701
      vertex -38.099998 13.063575 -17.015606
      vertex -38.099998 13.537475 -16.851372
    endloop
  endfacet
  facet normal 0.000000 -0.211291 0.977423
    outer loop
      vertex -38.099998 12.557080 -17.125095
      vertex -36.829998 12.557080 -17.125095
      vertex -38.099998 13.063575 -17.015606
    endloop
  endfacet
  facet normal 0.000000 -0.101030 0.994883
    outer loop
      vertex -38.099998 12.557080 -17.125095
      vertex -36.829998 12.017987 -17.179840
      vertex -36.829998 12.557080 -17.125095
    endloop
  endfacet
  facet normal 0.000000 -0.211291 0.977423
    outer loop
      vertex -38.099998 13.063575 -17.015606
      vertex -36.829998 12.557080 -17.125095
      vertex -36.829998 13.063575 -17.015606
    endloop
  endfacet
  facet normal -1.000000 0.000000 0.000000
    outer loop
      vertex -38.099998 13.065978 -18.183796
      vertex -38.099998 13.537475 -16.851372
      vertex -38.099998 14.187205 -16.502373
    endloop
  endfacet
  facet normal 0.000000 -0.327452 0.944868
    outer loop
      vertex -38.099998 13.063575 -17.015606
      vertex -36.829998 13.063575 -17.015606
      vertex -38.099998 13.537475 -16.851372
    endloop
  endfacet
  facet normal -1.000000 0.000000 0.000000
    outer loop
      vertex -38.099998 13.624921 -18.154699
      vertex -38.099998 14.187205 -16.502373
      vertex -38.099998 14.768245 -16.022413
    endloop
  endfacet
  facet normal 0.000000 -0.473200 0.880955
    outer loop
      vertex -38.099998 13.537475 -16.851372
      vertex -36.829998 13.537475 -16.851372
      vertex -38.099998 14.187205 -16.502373
    endloop
  endfacet
  facet normal 0.000000 -0.327452 0.944868
    outer loop
      vertex -38.099998 13.537475 -16.851372
      vertex -36.829998 13.063575 -17.015606
      vertex -36.829998 13.537475 -16.851372
    endloop
  endfacet
  facet normal 0.000000 -0.473200 0.880955
    outer loop
      vertex -38.099998 14.187205 -16.502373
      vertex -36.829998 13.537475 -16.851372
      vertex -36.829998 14.187205 -16.502373
    endloop
  endfacet
  facet normal -1.000000 0.000000 0.000000
    outer loop
      vertex -36.829998 12.017987 -17.179840
      vertex -36.829998 13.063575 -17.015606
      vertex -36.829998 12.557080 -17.125095
    endloop
  endfacet
  facet normal -1.000000 0.000000 0.000000
    outer loop
      vertex -36.829998 12.017987 -17.179840
      vertex -36.829998 14.187205 -16.502373
      vertex -36.829998 13.063575 -17.015606
    endloop
  endfacet
  facet normal -1.000000 0.000000 0.000000
    outer loop
      vertex -36.829998 12.017987 -17.179840
      vertex -36.829998 12.046533 -15.573255
      vertex -36.829998 14.187205 -16.502373
    endloop
  endfacet
  facet normal -1.000000 0.000000 0.000000
    outer loop
      vertex -36.829998 13.063575 -17.015606
      vertex -36.829998 14.187205 -16.502373
      vertex -36.829998 13.537475 -16.851372
    endloop
  endfacet
  facet normal 0.000000 -0.476819 -0.879002
    outer loop
      vertex -38.099998 10.096984 -15.167920
      vertex -38.099998 10.296323 -15.276052
      vertex -36.829998 10.096984 -15.167920
    endloop
  endfacet
  facet normal 0.000000 -0.402219 -0.915543
    outer loop
      vertex -38.099998 10.505534 -15.367964
      vertex -36.829998 10.505534 -15.367964
      vertex -38.099998 10.296323 -15.276052
    endloop
  endfacet
  facet normal 0.000000 -0.326557 -0.945177
    outer loop
      vertex -38.099998 10.724618 -15.443657
      vertex -36.829998 10.724618 -15.443657
      vertex -38.099998 10.505534 -15.367964
    endloop
  endfacet
  facet normal 0.000000 -0.579322 -0.815099
    outer loop
      vertex -38.099998 10.096984 -15.167920
      vertex -36.829998 10.096984 -15.167920
      vertex -36.829998 9.772033 -14.936965
    endloop
  endfacet
  facet normal 0.000000 -0.402219 -0.915543
    outer loop
      vertex -38.099998 10.296323 -15.276052
      vertex -36.829998 10.505534 -15.367964
      vertex -36.829998 10.296323 -15.276052
    endloop
  endfacet
  facet normal 0.000000 -0.476819 -0.879002
    outer loop
      vertex -38.099998 10.296323 -15.276052
      vertex -36.829998 10.296323 -15.276052
      vertex -36.829998 10.096984 -15.167920
    endloop
  endfacet
  facet normal 0.000000 -0.326557 -0.945177
    outer loop
      vertex -38.099998 10.505534 -15.367964
      vertex -36.829998 10.724618 -15.443657
      vertex -36.829998 10.505534 -15.367964
    endloop
  endfacet
  facet normal 0.000000 -0.681104 -0.732187
    outer loop
      vertex -38.099998 9.772033 -14.936965
      vertex -36.829998 9.623940 -14.799205
      vertex -38.099998 9.623940 -14.799205
    endloop
  endfacet
  facet normal 0.000000 -0.749719 -0.661756
    outer loop
      vertex -38.099998 9.494130 -14.652140
      vertex -38.099998 9.623940 -14.799205
      vertex -36.829998 9.494130 -14.652140
    endloop
  endfacet
  facet normal 0.000000 -0.579322 -0.815099
    outer loop
      vertex -38.099998 9.772033 -14.936965
      vertex -38.099998 10.096984 -15.167920
      vertex -36.829998 9.772033 -14.936965
    endloop
  endfacet
  facet normal 0.000000 -0.681104 -0.732187
    outer loop
      vertex -38.099998 9.772033 -14.936965
      vertex -36.829998 9.772033 -14.936965
      vertex -36.829998 9.623940 -14.799205
    endloop
  endfacet
  facet normal 0.000000 -0.749719 -0.661756
    outer loop
      vertex -38.099998 9.623940 -14.799205
      vertex -36.829998 9.623940 -14.799205
      vertex -36.829998 9.494130 -14.652140
    endloop
  endfacet
  facet normal 0.000000 -0.251408 -0.967881
    outer loop
      vertex -38.099998 10.724618 -15.443657
      vertex -38.099998 10.953576 -15.503129
      vertex -36.829998 10.953576 -15.503129
    endloop
  endfacet
  facet normal 0.000000 -0.178206 -0.983993
    outer loop
      vertex -38.099998 10.953576 -15.503129
      vertex -38.099998 11.192405 -15.546382
      vertex -36.829998 11.192405 -15.546382
    endloop
  endfacet
  facet normal 0.000000 -0.102379 -0.994745
    outer loop
      vertex -38.099998 11.192405 -15.546382
      vertex -38.099998 11.483520 -15.576344
      vertex -36.829998 11.483520 -15.576344
    endloop
  endfacet
  facet normal 0.000000 0.005486 -0.999985
    outer loop
      vertex -38.099998 12.046533 -15.573255
      vertex -36.829998 12.046533 -15.573255
      vertex -38.099998 11.483520 -15.576344
    endloop
  endfacet
  facet normal 0.000000 -0.178206 -0.983993
    outer loop
      vertex -38.099998 10.953576 -15.503129
      vertex -36.829998 11.192405 -15.546382
      vertex -36.829998 10.953576 -15.503129
    endloop
  endfacet
  facet normal 0.000000 -0.102379 -0.994745
    outer loop
      vertex -38.099998 11.192405 -15.546382
      vertex -36.829998 11.483520 -15.576344
      vertex -36.829998 11.192405 -15.546382
    endloop
  endfacet
  facet normal 0.000000 -0.251408 -0.967881
    outer loop
      vertex -38.099998 10.724618 -15.443657
      vertex -36.829998 10.953576 -15.503129
      vertex -36.829998 10.724618 -15.443657
    endloop
  endfacet
  facet normal 0.000000 0.005486 -0.999985
    outer loop
      vertex -38.099998 11.483520 -15.576344
      vertex -36.829998 12.046533 -15.573255
      vertex -36.829998 11.483520 -15.576344
    endloop
  endfacet
  facet normal -1.000000 0.000000 0.000000
    outer loop
      vertex -36.829998 8.012723 -14.978915
      vertex -36.829998 9.623940 -14.799205
      vertex -36.829998 12.017987 -17.179840
    endloop
  endfacet
  facet normal -1.000000 0.000000 0.000000
    outer loop
      vertex -36.829998 12.017987 -17.179840
      vertex -36.829998 9.772033 -14.936965
      vertex -36.829998 10.096984 -15.167920
    endloop
  endfacet
  facet normal -1.000000 0.000000 0.000000
    outer loop
      vertex -36.829998 12.017987 -17.179840
      vertex -36.829998 9.623940 -14.799205
      vertex -36.829998 9.772033 -14.936965
    endloop
  endfacet
  facet normal -1.000000 0.000000 0.000000
    outer loop
      vertex -36.829998 12.017987 -17.179840
      vertex -36.829998 10.096984 -15.167920
      vertex -36.829998 10.296323 -15.276052
    endloop
  endfacet
  facet normal -1.000000 0.000000 0.000000
    outer loop
      vertex -38.099998 9.772033 -14.936965
      vertex -38.099998 10.096984 -11.741929
      vertex -38.099998 10.096984 -15.167920
    endloop
  endfacet
  facet normal -1.000000 0.000000 0.000000
    outer loop
      vertex -38.099998 9.494130 -14.652140
      vertex -38.099998 10.096984 -11.741929
      vertex -38.099998 9.623940 -14.799205
    endloop
  endfacet
  facet normal -1.000000 0.000000 0.000000
    outer loop
      vertex -38.099998 9.494130 -14.652140
      vertex -38.099998 9.382602 -14.495770
      vertex -38.099998 10.096984 -11.741929
    endloop
  endfacet
  facet normal -1.000000 0.000000 0.000000
    outer loop
      vertex -38.099998 9.289357 -14.330095
      vertex -38.099998 10.096984 -11.741929
      vertex -38.099998 9.382602 -14.495770
    endloop
  endfacet
  facet normal -1.000000 0.000000 0.000000
    outer loop
      vertex -38.099998 9.772033 -14.936965
      vertex -38.099998 9.623940 -14.799205
      vertex -38.099998 10.096984 -11.741929
    endloop
  endfacet
  facet normal -1.000000 0.000000 0.000000
    outer loop
      vertex -38.099998 10.505534 -15.367964
      vertex -38.099998 10.296323 -15.276052
      vertex -38.099998 10.296323 -11.632230
    endloop
  endfacet
  facet normal -1.000000 0.000000 0.000000
    outer loop
      vertex -38.099998 10.096984 -15.167920
      vertex -38.099998 10.096984 -11.741929
      vertex -38.099998 10.296323 -15.276052
    endloop
  endfacet
  facet normal -1.000000 0.000000 0.000000
    outer loop
      vertex -38.099998 10.724618 -15.443657
      vertex -38.099998 10.505534 -15.367964
      vertex -38.099998 10.505534 -11.538985
    endloop
  endfacet
  facet normal -1.000000 0.000000 0.000000
    outer loop
      vertex -38.099998 9.289357 -14.330095
      vertex -38.099998 9.242187 -14.226224
      vertex -38.099998 10.096984 -11.741929
    endloop
  endfacet
  facet normal -1.000000 0.000000 0.000000
    outer loop
      vertex -38.099998 10.296323 -15.276052
      vertex -38.099998 10.096984 -11.741929
      vertex -38.099998 10.296323 -11.632230
    endloop
  endfacet
  facet normal -1.000000 0.000000 0.000000
    outer loop
      vertex -38.099998 10.505534 -15.367964
      vertex -38.099998 10.296323 -11.632230
      vertex -38.099998 10.505534 -11.538985
    endloop
  endfacet
  facet normal -1.000000 0.000000 0.000000
    outer loop
      vertex -38.099998 10.724618 -15.443657
      vertex -38.099998 10.505534 -11.538985
      vertex -38.099998 10.724618 -11.462196
    endloop
  endfacet
  facet normal -1.000000 0.000000 0.000000
    outer loop
      vertex -38.099998 10.724618 -15.443657
      vertex -38.099998 10.724618 -11.462196
      vertex -38.099998 10.953576 -15.503129
    endloop
  endfacet
  facet normal -1.000000 0.000000 0.000000
    outer loop
      vertex -38.099998 10.953576 -15.503129
      vertex -38.099998 11.192405 -11.357983
      vertex -38.099998 11.192405 -15.546382
    endloop
  endfacet
  facet normal -1.000000 0.000000 0.000000
    outer loop
      vertex -38.099998 10.953576 -15.503129
      vertex -38.099998 10.724618 -11.462196
      vertex -38.099998 10.953576 -11.401862
    endloop
  endfacet
  facet normal -1.000000 0.000000 0.000000
    outer loop
      vertex -38.099998 10.953576 -15.503129
      vertex -38.099998 10.953576 -11.401862
      vertex -38.099998 11.192405 -11.357983
    endloop
  endfacet
  facet normal -1.000000 0.000000 0.000000
    outer loop
      vertex -38.099998 11.192405 -15.546382
      vertex -38.099998 11.192405 -11.357983
      vertex -38.099998 11.441110 -11.330558
    endloop
  endfacet
  facet normal -1.000000 0.000000 0.000000
    outer loop
      vertex -38.099998 11.192405 -15.546382
      vertex -38.099998 11.441110 -11.330558
      vertex -38.099998 12.003844 -11.327587
    endloop
  endfacet
  facet normal -1.000000 0.000000 0.000000
    outer loop
      vertex -38.099998 11.192405 -15.546382
      vertex -38.099998 12.003844 -11.327587
      vertex -38.099998 12.294524 -11.357983
    endloop
  endfacet
  facet normal 0.000000 0.109437 -0.993994
    outer loop
      vertex -38.099998 12.046533 -15.573255
      vertex -38.099998 12.295627 -15.545830
      vertex -36.829998 12.046533 -15.573255
    endloop
  endfacet
  facet normal 0.000000 0.180244 -0.983622
    outer loop
      vertex -38.099998 12.295627 -15.545830
      vertex -38.099998 12.535085 -15.501950
      vertex -36.829998 12.295627 -15.545830
    endloop
  endfacet
  facet normal 0.000000 0.253925 -0.967224
    outer loop
      vertex -38.099998 12.535085 -15.501950
      vertex -38.099998 12.764903 -15.441616
      vertex -36.829998 12.535085 -15.501950
    endloop
  endfacet
  facet normal 0.000000 0.329303 -0.944224
    outer loop
      vertex -38.099998 12.764903 -15.441616
      vertex -38.099998 12.985085 -15.364826
      vertex -36.829998 12.764903 -15.441616
    endloop
  endfacet
  facet normal 0.000000 0.404938 -0.914344
    outer loop
      vertex -38.099998 12.985085 -15.364826
      vertex -38.099998 13.195628 -15.271583
      vertex -36.829998 12.985085 -15.364826
    endloop
  endfacet
  facet normal 0.000000 0.109437 -0.993994
    outer loop
      vertex -38.099998 12.295627 -15.545830
      vertex -36.829998 12.295627 -15.545830
      vertex -36.829998 12.046533 -15.573255
    endloop
  endfacet
  facet normal 0.000000 0.180244 -0.983622
    outer loop
      vertex -38.099998 12.535085 -15.501950
      vertex -36.829998 12.535085 -15.501950
      vertex -36.829998 12.295627 -15.545830
    endloop
  endfacet
  facet normal 0.000000 0.253925 -0.967224
    outer loop
      vertex -38.099998 12.764903 -15.441616
      vertex -36.829998 12.764903 -15.441616
      vertex -36.829998 12.535085 -15.501950
    endloop
  endfacet
  facet normal 0.000000 0.329303 -0.944224
    outer loop
      vertex -38.099998 12.985085 -15.364826
      vertex -36.829998 12.985085 -15.364826
      vertex -36.829998 12.764903 -15.441616
    endloop
  endfacet
  facet normal -1.000000 0.000000 0.000000
    outer loop
      vertex -38.099998 12.046533 -15.573255
      vertex -38.099998 13.707925 -11.974206
      vertex -38.099998 12.295627 -15.545830
    endloop
  endfacet
  facet normal -1.000000 0.000000 0.000000
    outer loop
      vertex -38.099998 12.295627 -15.545830
      vertex -38.099998 13.856019 -12.111477
      vertex -38.099998 12.535085 -15.501950
    endloop
  endfacet
  facet normal -1.000000 0.000000 0.000000
    outer loop
      vertex -38.099998 12.535085 -15.501950
      vertex -38.099998 13.985829 -12.257726
      vertex -38.099998 12.764903 -15.441616
    endloop
  endfacet
  facet normal 0.000000 0.479235 -0.877687
    outer loop
      vertex -38.099998 13.195628 -15.271583
      vertex -38.099998 13.396535 -15.161883
      vertex -36.829998 13.195628 -15.271583
    endloop
  endfacet
  facet normal 0.000000 0.581088 -0.813841
    outer loop
      vertex -38.099998 13.396535 -15.161883
      vertex -38.099998 13.719998 -14.930928
      vertex -36.829998 13.396535 -15.161883
    endloop
  endfacet
  facet normal 0.000000 0.404938 -0.914344
    outer loop
      vertex -38.099998 13.195628 -15.271583
      vertex -36.829998 13.195628 -15.271583
      vertex -36.829998 12.985085 -15.364826
    endloop
  endfacet
  facet normal 0.000000 0.479235 -0.877687
    outer loop
      vertex -38.099998 13.396535 -15.161883
      vertex -36.829998 13.396535 -15.161883
      vertex -36.829998 13.195628 -15.271583
    endloop
  endfacet
  facet normal -1.000000 0.000000 0.000000
    outer loop
      vertex -38.099998 12.764903 -15.441616
      vertex -38.099998 14.190600 -12.577159
      vertex -38.099998 12.985085 -15.364826
    endloop
  endfacet
  facet normal -1.000000 0.000000 0.000000
    outer loop
      vertex -38.099998 12.985085 -15.364826
      vertex -38.099998 14.190600 -12.577159
      vertex -38.099998 13.195628 -15.271583
    endloop
  endfacet
  facet normal -1.000000 0.000000 0.000000
    outer loop
      vertex -38.099998 13.195628 -15.271583
      vertex -38.099998 14.312367 -12.895354
      vertex -38.099998 13.396535 -15.161883
    endloop
  endfacet
  facet normal 0.000000 0.684148 -0.729343
    outer loop
      vertex -38.099998 13.719998 -14.930928
      vertex -38.099998 13.865449 -14.794491
      vertex -36.829998 13.719998 -14.930928
    endloop
  endfacet
  facet normal 0.000000 0.753030 -0.657987
    outer loop
      vertex -38.099998 13.865449 -14.794491
      vertex -38.099998 13.992940 -14.648584
      vertex -36.829998 13.992940 -14.648584
    endloop
  endfacet
  facet normal -1.000000 0.000000 0.000000
    outer loop
      vertex -38.099998 13.396535 -15.161883
      vertex -38.099998 14.354419 -13.084699
      vertex -38.099998 13.719998 -14.930928
    endloop
  endfacet
  facet normal -1.000000 0.000000 0.000000
    outer loop
      vertex -38.099998 13.719998 -14.930928
      vertex -38.099998 14.375058 -13.656540
      vertex -38.099998 13.865449 -14.794491
    endloop
  endfacet
  facet normal -1.000000 0.000000 0.000000
    outer loop
      vertex -38.099998 13.865449 -14.794491
      vertex -38.099998 14.348123 -13.855468
      vertex -38.099998 13.992940 -14.648584
    endloop
  endfacet
  facet normal -1.000000 0.000000 0.000000
    outer loop
      vertex -38.099998 13.992940 -14.648584
      vertex -38.099998 14.303231 -14.044927
      vertex -38.099998 14.102477 -14.493210
    endloop
  endfacet
  facet normal -1.000000 0.000000 0.000000
    outer loop
      vertex -38.099998 14.102477 -14.493210
      vertex -38.099998 14.240384 -14.224918
      vertex -38.099998 14.159579 -14.395441
    endloop
  endfacet
  facet normal 0.000000 0.817312 -0.576195
    outer loop
      vertex -38.099998 13.992940 -14.648584
      vertex -38.099998 14.102477 -14.493210
      vertex -36.829998 14.102477 -14.493210
    endloop
  endfacet
  facet normal 0.000000 0.863508 -0.504335
    outer loop
      vertex -38.099998 14.102477 -14.493210
      vertex -38.099998 14.159579 -14.395441
      vertex -36.829998 14.159579 -14.395441
    endloop
  endfacet
  facet normal 0.000000 0.903674 -0.428220
    outer loop
      vertex -38.099998 14.159579 -14.395441
      vertex -38.099998 14.240384 -14.224918
      vertex -36.829998 14.159579 -14.395441
    endloop
  endfacet
  facet normal 0.000000 0.581088 -0.813841
    outer loop
      vertex -38.099998 13.719998 -14.930928
      vertex -36.829998 13.719998 -14.930928
      vertex -36.829998 13.396535 -15.161883
    endloop
  endfacet
  facet normal 0.000000 0.684148 -0.729343
    outer loop
      vertex -38.099998 13.865449 -14.794491
      vertex -36.829998 13.865449 -14.794491
      vertex -36.829998 13.719998 -14.930928
    endloop
  endfacet
  facet normal 0.000000 0.753030 -0.657987
    outer loop
      vertex -38.099998 13.865449 -14.794491
      vertex -36.829998 13.992940 -14.648584
      vertex -36.829998 13.865449 -14.794491
    endloop
  endfacet
  facet normal 0.000000 0.817312 -0.576195
    outer loop
      vertex -38.099998 13.992940 -14.648584
      vertex -36.829998 14.102477 -14.493210
      vertex -36.829998 13.992940 -14.648584
    endloop
  endfacet
  facet normal 0.000000 0.863508 -0.504335
    outer loop
      vertex -38.099998 14.102477 -14.493210
      vertex -36.829998 14.159579 -14.395441
      vertex -36.829998 14.102477 -14.493210
    endloop
  endfacet
  facet normal -1.000000 0.000000 0.000000
    outer loop
      vertex -36.829998 14.187205 -16.502373
      vertex -36.829998 12.046533 -15.573255
      vertex -36.829998 12.295627 -15.545830
    endloop
  endfacet
  facet normal -1.000000 0.000000 0.000000
    outer loop
      vertex -36.829998 14.187205 -16.502373
      vertex -36.829998 12.295627 -15.545830
      vertex -36.829998 12.535085 -15.501950
    endloop
  endfacet
  facet normal -1.000000 0.000000 0.000000
    outer loop
      vertex -36.829998 14.187205 -16.502373
      vertex -36.829998 12.535085 -15.501950
      vertex -36.829998 12.764903 -15.441616
    endloop
  endfacet
  facet normal -1.000000 0.000000 0.000000
    outer loop
      vertex -36.829998 14.187205 -16.502373
      vertex -36.829998 12.764903 -15.441616
      vertex -36.829998 12.985085 -15.364826
    endloop
  endfacet
  facet normal -1.000000 0.000000 0.000000
    outer loop
      vertex -36.829998 14.187205 -16.502373
      vertex -36.829998 12.985085 -15.364826
      vertex -36.829998 13.195628 -15.271583
    endloop
  endfacet
  facet normal -1.000000 0.000000 0.000000
    outer loop
      vertex -36.829998 14.187205 -16.502373
      vertex -36.829998 13.195628 -15.271583
      vertex -36.829998 13.396535 -15.161883
    endloop
  endfacet
  facet normal -1.000000 0.000000 0.000000
    outer loop
      vertex -36.829998 14.187205 -16.502373
      vertex -36.829998 13.396535 -15.161883
      vertex -36.829998 13.719998 -14.930928
    endloop
  endfacet
  facet normal -1.000000 0.000000 0.000000
    outer loop
      vertex -36.829998 14.187205 -16.502373
      vertex -36.829998 13.719998 -14.930928
      vertex -36.829998 13.865449 -14.794491
    endloop
  endfacet
  facet normal -1.000000 0.000000 0.000000
    outer loop
      vertex -36.829998 14.187205 -16.502373
      vertex -36.829998 13.865449 -14.794491
      vertex -36.829998 13.992940 -14.648584
    endloop
  endfacet
  facet normal -1.000000 0.000000 0.000000
    outer loop
      vertex -36.829998 14.187205 -16.502373
      vertex -36.829998 13.992940 -14.648584
      vertex -36.829998 14.102477 -14.493210
    endloop
  endfacet
  facet normal -1.000000 0.000000 0.000000
    outer loop
      vertex -38.099998 11.192405 -15.546382
      vertex -38.099998 13.186690 -11.632230
      vertex -38.099998 11.483520 -15.576344
    endloop
  endfacet
  facet normal -1.000000 0.000000 0.000000
    outer loop
      vertex -38.099998 12.046533 -15.573255
      vertex -38.099998 11.483520 -15.576344
      vertex -38.099998 13.186690 -11.632230
    endloop
  endfacet
  facet normal -1.000000 0.000000 0.000000
    outer loop
      vertex -38.099998 11.192405 -15.546382
      vertex -38.099998 12.294524 -11.357983
      vertex -38.099998 12.532727 -11.401862
    endloop
  endfacet
  facet normal -1.000000 0.000000 0.000000
    outer loop
      vertex -38.099998 11.192405 -15.546382
      vertex -38.099998 12.532727 -11.401862
      vertex -38.099998 12.760823 -11.462196
    endloop
  endfacet
  facet normal -1.000000 0.000000 0.000000
    outer loop
      vertex -38.099998 11.192405 -15.546382
      vertex -38.099998 12.978810 -11.538985
      vertex -38.099998 13.186690 -11.632230
    endloop
  endfacet
  facet normal -1.000000 0.000000 0.000000
    outer loop
      vertex -38.099998 11.192405 -15.546382
      vertex -38.099998 12.760823 -11.462196
      vertex -38.099998 12.978810 -11.538985
    endloop
  endfacet
  facet normal -1.000000 0.000000 0.000000
    outer loop
      vertex -38.099998 12.046533 -15.573255
      vertex -38.099998 13.186690 -11.632230
      vertex -38.099998 13.384461 -11.741929
    endloop
  endfacet
  facet normal -1.000000 0.000000 0.000000
    outer loop
      vertex -38.099998 12.046533 -15.573255
      vertex -38.099998 13.384461 -11.741929
      vertex -38.099998 13.707925 -11.974206
    endloop
  endfacet
  facet normal -1.000000 0.000000 0.000000
    outer loop
      vertex -38.099998 14.102477 -14.493210
      vertex -38.099998 14.303231 -14.044927
      vertex -38.099998 14.240384 -14.224918
    endloop
  endfacet
  facet normal -1.000000 0.000000 0.000000
    outer loop
      vertex -38.099998 13.865449 -14.794491
      vertex -38.099998 14.375058 -13.656540
      vertex -38.099998 14.348123 -13.855468
    endloop
  endfacet
  facet normal -1.000000 0.000000 0.000000
    outer loop
      vertex -38.099998 13.992940 -14.648584
      vertex -38.099998 14.348123 -13.855468
      vertex -38.099998 14.303231 -14.044927
    endloop
  endfacet
  facet normal -1.000000 0.000000 0.000000
    outer loop
      vertex -38.099998 13.719998 -14.930928
      vertex -38.099998 14.378186 -13.283022
      vertex -38.099998 14.375058 -13.656540
    endloop
  endfacet
  facet normal 0.000000 0.944103 -0.329650
    outer loop
      vertex -38.099998 14.240384 -14.224918
      vertex -38.099998 14.303231 -14.044927
      vertex -36.829998 14.303231 -14.044927
    endloop
  endfacet
  facet normal -1.000000 0.000000 0.000000
    outer loop
      vertex -38.099998 13.195628 -15.271583
      vertex -38.099998 14.252032 -12.714988
      vertex -38.099998 14.312367 -12.895354
    endloop
  endfacet
  facet normal -1.000000 0.000000 0.000000
    outer loop
      vertex -38.099998 13.195628 -15.271583
      vertex -38.099998 14.190600 -12.577159
      vertex -38.099998 14.252032 -12.714988
    endloop
  endfacet
  facet normal -1.000000 0.000000 0.000000
    outer loop
      vertex -38.099998 13.396535 -15.161883
      vertex -38.099998 14.312367 -12.895354
      vertex -38.099998 14.354419 -13.084699
    endloop
  endfacet
  facet normal -1.000000 0.000000 0.000000
    outer loop
      vertex -38.099998 13.719998 -14.930928
      vertex -38.099998 14.354419 -13.084699
      vertex -38.099998 14.378186 -13.283022
    endloop
  endfacet
  facet normal 0.000000 0.903674 -0.428220
    outer loop
      vertex -38.099998 14.240384 -14.224918
      vertex -36.829998 14.240384 -14.224918
      vertex -36.829998 14.159579 -14.395441
    endloop
  endfacet
  facet normal 0.000000 0.944103 -0.329650
    outer loop
      vertex -38.099998 14.240384 -14.224918
      vertex -36.829998 14.303231 -14.044927
      vertex -36.829998 14.240384 -14.224918
    endloop
  endfacet
  facet normal -1.000000 0.000000 0.000000
    outer loop
      vertex -38.099998 12.295627 -15.545830
      vertex -38.099998 13.707925 -11.974206
      vertex -38.099998 13.856019 -12.111477
    endloop
  endfacet
  facet normal -1.000000 0.000000 0.000000
    outer loop
      vertex -38.099998 12.764903 -15.441616
      vertex -38.099998 14.097358 -12.412953
      vertex -38.099998 14.190600 -12.577159
    endloop
  endfacet
  facet normal -1.000000 0.000000 0.000000
    outer loop
      vertex -38.099998 12.764903 -15.441616
      vertex -38.099998 13.985829 -12.257726
      vertex -38.099998 14.097358 -12.412953
    endloop
  endfacet
  facet normal -1.000000 0.000000 0.000000
    outer loop
      vertex -38.099998 12.535085 -15.501950
      vertex -38.099998 13.856019 -12.111477
      vertex -38.099998 13.985829 -12.257726
    endloop
  endfacet
  facet normal 0.000000 0.948347 0.317235
    outer loop
      vertex -38.099998 14.312367 -12.895354
      vertex -38.099998 14.252032 -12.714988
      vertex -36.829998 14.252032 -12.714988
    endloop
  endfacet
  facet normal 0.000000 -0.500097 -0.865970
    outer loop
      vertex -38.099998 14.226697 -18.278816
      vertex -38.099998 14.728177 -18.568420
      vertex -36.829998 14.728177 -18.568420
    endloop
  endfacet
  facet normal 0.000000 -0.746555 -0.665324
    outer loop
      vertex -38.099998 14.728177 -18.568420
      vertex -38.099998 15.121369 -19.009619
      vertex -36.829998 15.121369 -19.009619
    endloop
  endfacet
  facet normal 0.000000 -0.746555 -0.665324
    outer loop
      vertex -38.099998 14.728177 -18.568420
      vertex -36.829998 15.121369 -19.009619
      vertex -36.829998 14.728177 -18.568420
    endloop
  endfacet
  facet normal 0.000000 -0.500097 -0.865970
    outer loop
      vertex -38.099998 14.226697 -18.278816
      vertex -36.829998 14.728177 -18.568420
      vertex -36.829998 14.226697 -18.278816
    endloop
  endfacet
  facet normal -1.000000 0.000000 0.000000
    outer loop
      vertex -36.829998 15.380887 -19.522383
      vertex -36.829998 13.624921 -18.154699
      vertex -36.829998 14.728177 -18.568420
    endloop
  endfacet
  facet normal -1.000000 0.000000 0.000000
    outer loop
      vertex -36.829998 15.380887 -19.522383
      vertex -36.829998 14.728177 -18.568420
      vertex -36.829998 15.121369 -19.009619
    endloop
  endfacet
  facet normal -1.000000 0.000000 0.000000
    outer loop
      vertex -38.099998 14.226697 -18.278816
      vertex -38.099998 15.465354 -14.990198
      vertex -38.099998 14.728177 -18.568420
    endloop
  endfacet
  facet normal -1.000000 0.000000 0.000000
    outer loop
      vertex -38.099998 14.226697 -18.278816
      vertex -38.099998 14.768245 -16.022413
      vertex -38.099998 15.096295 -15.637109
    endloop
  endfacet
  facet normal 0.000000 -0.636858 0.770981
    outer loop
      vertex -38.099998 14.187205 -16.502373
      vertex -36.829998 14.187205 -16.502373
      vertex -38.099998 14.768245 -16.022413
    endloop
  endfacet
  facet normal 0.000000 -0.761411 0.648270
    outer loop
      vertex -38.099998 14.768245 -16.022413
      vertex -36.829998 14.768245 -16.022413
      vertex -38.099998 15.096295 -15.637109
    endloop
  endfacet
  facet normal -1.000000 0.000000 0.000000
    outer loop
      vertex -38.099998 14.226697 -18.278816
      vertex -38.099998 15.096295 -15.637109
      vertex -38.099998 15.465354 -14.990198
    endloop
  endfacet
  facet normal 0.000000 -0.636858 0.770981
    outer loop
      vertex -36.829998 14.187205 -16.502373
      vertex -36.829998 14.768245 -16.022413
      vertex -38.099998 14.768245 -16.022413
    endloop
  endfacet
  facet normal -1.000000 0.000000 0.000000
    outer loop
      vertex -36.829998 14.187205 -16.502373
      vertex -36.829998 15.096295 -15.637109
      vertex -36.829998 14.768245 -16.022413
    endloop
  endfacet
  facet normal 0.000000 -0.868593 0.495527
    outer loop
      vertex -38.099998 15.096295 -15.637109
      vertex -36.829998 15.096295 -15.637109
      vertex -38.099998 15.465354 -14.990198
    endloop
  endfacet
  facet normal 0.000000 -0.761411 0.648270
    outer loop
      vertex -36.829998 14.768245 -16.022413
      vertex -36.829998 15.096295 -15.637109
      vertex -38.099998 15.096295 -15.637109
    endloop
  endfacet
  facet normal 0.000000 -0.868593 0.495527
    outer loop
      vertex -38.099998 15.465354 -14.990198
      vertex -36.829998 15.096295 -15.637109
      vertex -36.829998 15.465354 -14.990198
    endloop
  endfacet
  facet normal 0.000000 -0.945702 0.325034
    outer loop
      vertex -38.099998 15.465354 -14.990198
      vertex -36.829998 15.465354 -14.990198
      vertex -38.099998 15.629380 -14.512956
    endloop
  endfacet
  facet normal 0.000000 -0.982160 0.188047
    outer loop
      vertex -38.099998 15.629380 -14.512956
      vertex -36.829998 15.629380 -14.512956
      vertex -38.099998 15.727796 -13.998938
    endloop
  endfacet
  facet normal 0.000000 -0.945702 0.325034
    outer loop
      vertex -38.099998 15.629380 -14.512956
      vertex -36.829998 15.465354 -14.990198
      vertex -36.829998 15.629380 -14.512956
    endloop
  endfacet
  facet normal -1.000000 0.000000 0.000000
    outer loop
      vertex -36.829998 14.187205 -16.502373
      vertex -36.829998 15.629380 -14.512956
      vertex -36.829998 15.096295 -15.637109
    endloop
  endfacet
  facet normal -1.000000 0.000000 0.000000
    outer loop
      vertex -36.829998 14.187205 -16.502373
      vertex -36.829998 14.102477 -14.493210
      vertex -36.829998 15.629380 -12.395871
    endloop
  endfacet
  facet normal -1.000000 0.000000 0.000000
    outer loop
      vertex -36.829998 15.096295 -15.637109
      vertex -36.829998 15.629380 -14.512956
      vertex -36.829998 15.465354 -14.990198
    endloop
  endfacet
  facet normal -1.000000 0.000000 0.000000
    outer loop
      vertex -36.829998 14.187205 -16.502373
      vertex -36.829998 15.629380 -12.395871
      vertex -36.829998 15.629380 -14.512956
    endloop
  endfacet
  facet normal 0.000000 0.973058 -0.230561
    outer loop
      vertex -38.099998 14.303231 -14.044927
      vertex -38.099998 14.348123 -13.855468
      vertex -36.829998 14.348123 -13.855468
    endloop
  endfacet
  facet normal 0.000000 0.990957 -0.134179
    outer loop
      vertex -38.099998 14.348123 -13.855468
      vertex -38.099998 14.375058 -13.656540
      vertex -36.829998 14.375058 -13.656540
    endloop
  endfacet
  facet normal 0.000000 0.973058 -0.230561
    outer loop
      vertex -38.099998 14.303231 -14.044927
      vertex -36.829998 14.348123 -13.855468
      vertex -36.829998 14.303231 -14.044927
    endloop
  endfacet
  facet normal 0.000000 0.990957 -0.134179
    outer loop
      vertex -38.099998 14.348123 -13.855468
      vertex -36.829998 14.375058 -13.656540
      vertex -36.829998 14.348123 -13.855468
    endloop
  endfacet
  facet normal 0.000000 0.999965 -0.008374
    outer loop
      vertex -38.099998 14.375058 -13.656540
      vertex -36.829998 14.378186 -13.283022
      vertex -36.829998 14.375058 -13.656540
    endloop
  endfacet
  facet normal 0.000000 0.999965 -0.008374
    outer loop
      vertex -38.099998 14.375058 -13.656540
      vertex -38.099998 14.378186 -13.283022
      vertex -36.829998 14.378186 -13.283022
    endloop
  endfacet
  facet normal 0.000000 0.992895 0.118991
    outer loop
      vertex -38.099998 14.378186 -13.283022
      vertex -38.099998 14.354419 -13.084699
      vertex -36.829998 14.354419 -13.084699
    endloop
  endfacet
  facet normal 0.000000 0.976215 0.216807
    outer loop
      vertex -38.099998 14.354419 -13.084699
      vertex -38.099998 14.312367 -12.895354
      vertex -36.829998 14.312367 -12.895354
    endloop
  endfacet
  facet normal 0.000000 0.992895 0.118991
    outer loop
      vertex -38.099998 14.378186 -13.283022
      vertex -36.829998 14.354419 -13.084699
      vertex -36.829998 14.378186 -13.283022
    endloop
  endfacet
  facet normal 0.000000 0.976215 0.216807
    outer loop
      vertex -38.099998 14.354419 -13.084699
      vertex -36.829998 14.312367 -12.895354
      vertex -36.829998 14.354419 -13.084699
    endloop
  endfacet
  facet normal 0.000000 0.948347 0.317235
    outer loop
      vertex -38.099998 14.312367 -12.895354
      vertex -36.829998 14.252032 -12.714988
      vertex -36.829998 14.312367 -12.895354
    endloop
  endfacet
  facet normal 0.000000 -0.998231 0.059457
    outer loop
      vertex -38.099998 15.727796 -13.998938
      vertex -36.829998 15.727796 -13.998938
      vertex -38.099998 15.760602 -13.448145
    endloop
  endfacet
  facet normal 0.000000 -0.982160 0.188047
    outer loop
      vertex -36.829998 15.629380 -14.512956
      vertex -36.829998 15.727796 -13.998938
      vertex -38.099998 15.727796 -13.998938
    endloop
  endfacet
  facet normal 0.000000 -0.998231 0.059457
    outer loop
      vertex -38.099998 15.760602 -13.448145
      vertex -36.829998 15.727796 -13.998938
      vertex -36.829998 15.760602 -13.448145
    endloop
  endfacet
  facet normal 0.000000 -0.998186 -0.060208
    outer loop
      vertex -38.099998 15.760602 -13.448145
      vertex -36.829998 15.760602 -13.448145
      vertex -38.099998 15.727796 -12.904247
    endloop
  endfacet
  facet normal 0.000000 -0.981773 -0.190059
    outer loop
      vertex -38.099998 15.727796 -12.904247
      vertex -36.829998 15.727796 -12.904247
      vertex -38.099998 15.629380 -12.395871
    endloop
  endfacet
  facet normal 0.000000 -0.998186 -0.060208
    outer loop
      vertex -38.099998 15.727796 -12.904247
      vertex -36.829998 15.760602 -13.448145
      vertex -36.829998 15.727796 -12.904247
    endloop
  endfacet
  facet normal -1.000000 0.000000 0.000000
    outer loop
      vertex -36.829998 14.102477 -14.493210
      vertex -36.829998 14.159579 -14.395441
      vertex -36.829998 15.629380 -12.395871
    endloop
  endfacet
  facet normal -1.000000 0.000000 0.000000
    outer loop
      vertex -36.829998 14.159579 -14.395441
      vertex -36.829998 14.240384 -14.224918
      vertex -36.829998 15.629380 -12.395871
    endloop
  endfacet
  facet normal -1.000000 0.000000 0.000000
    outer loop
      vertex -36.829998 14.240384 -14.224918
      vertex -36.829998 14.303231 -14.044927
      vertex -36.829998 15.629380 -12.395871
    endloop
  endfacet
  facet normal -1.000000 0.000000 0.000000
    outer loop
      vertex -36.829998 14.303231 -14.044927
      vertex -36.829998 14.348123 -13.855468
      vertex -36.829998 15.629380 -12.395871
    endloop
  endfacet
  facet normal -1.000000 0.000000 0.000000
    outer loop
      vertex -36.829998 14.348123 -13.855468
      vertex -36.829998 14.375058 -13.656540
      vertex -36.829998 15.629380 -12.395871
    endloop
  endfacet
  facet normal -1.000000 0.000000 0.000000
    outer loop
      vertex -36.829998 14.375058 -13.656540
      vertex -36.829998 14.378186 -13.283022
      vertex -36.829998 15.629380 -12.395871
    endloop
  endfacet
  facet normal -1.000000 0.000000 0.000000
    outer loop
      vertex -36.829998 14.378186 -13.283022
      vertex -36.829998 14.354419 -13.084699
      vertex -36.829998 15.629380 -12.395871
    endloop
  endfacet
  facet normal -1.000000 0.000000 0.000000
    outer loop
      vertex -36.829998 14.354419 -13.084699
      vertex -36.829998 14.312367 -12.895354
      vertex -36.829998 15.629380 -12.395871
    endloop
  endfacet
  facet normal -1.000000 0.000000 0.000000
    outer loop
      vertex -36.829998 15.629380 -14.512956
      vertex -36.829998 15.760602 -13.448145
      vertex -36.829998 15.727796 -13.998938
    endloop
  endfacet
  facet normal -1.000000 0.000000 0.000000
    outer loop
      vertex -36.829998 15.629380 -14.512956
      vertex -36.829998 15.629380 -12.395871
      vertex -36.829998 15.760602 -13.448145
    endloop
  endfacet
  facet normal -1.000000 0.000000 0.000000
    outer loop
      vertex -36.829998 15.760602 -13.448145
      vertex -36.829998 15.629380 -12.395871
      vertex -36.829998 15.727796 -12.904247
    endloop
  endfacet
  facet normal -1.000000 0.000000 0.000000
    outer loop
      vertex -38.099998 15.557502 -24.851818
      vertex -38.099998 25.400000 12.699999
      vertex -38.099998 25.400000 -38.099998
    endloop
  endfacet
  facet normal 0.000000 1.000000 0.000000
    outer loop
      vertex -38.099998 25.400000 -38.099998
      vertex -12.700000 25.400000 12.699999
      vertex -12.700000 25.400000 -38.099998
    endloop
  endfacet
  facet normal 0.000000 0.000000 -1.000000
    outer loop
      vertex -38.099998 0.000002 -38.099998
      vertex -12.700000 25.400000 -38.099998
      vertex 38.099998 0.000002 -38.099998
    endloop
  endfacet
  facet normal 0.000000 -1.000000 0.000000
    outer loop
      vertex -38.099998 0.000002 -38.099998
      vertex 38.099998 0.000002 -38.099998
      vertex -38.099998 0.000002 12.699999
    endloop
  endfacet
  facet normal 0.000000 0.982255 -0.187552
    outer loop
      vertex -38.099998 7.751954 -12.899651
      vertex -38.099998 7.849742 -12.387513
      vertex -36.829998 7.849742 -12.387513
    endloop
  endfacet
  facet normal 0.000000 0.946033 -0.324069
    outer loop
      vertex -38.099998 7.849742 -12.387513
      vertex -38.099998 8.012723 -11.911734
      vertex -36.829998 8.012723 -11.911734
    endloop
  endfacet
  facet normal 0.000000 0.946033 -0.324069
    outer loop
      vertex -38.099998 7.849742 -12.387513
      vertex -36.829998 8.012723 -11.911734
      vertex -36.829998 7.849742 -12.387513
    endloop
  endfacet
  facet normal 0.000000 0.869487 -0.493956
    outer loop
      vertex -38.099998 8.012723 -11.911734
      vertex -38.099998 8.379432 -11.266233
      vertex -36.829998 8.379432 -11.266233
    endloop
  endfacet
  facet normal 0.000000 0.869487 -0.493956
    outer loop
      vertex -38.099998 8.012723 -11.911734
      vertex -36.829998 8.379432 -11.266233
      vertex -36.829998 8.012723 -11.911734
    endloop
  endfacet
  facet normal -1.000000 0.000000 0.000000
    outer loop
      vertex -38.099998 9.167592 -12.895354
      vertex -38.099998 9.227927 -12.714988
      vertex -38.099998 9.382602 -12.412953
    endloop
  endfacet
  facet normal -1.000000 0.000000 0.000000
    outer loop
      vertex -38.099998 9.125541 -13.084699
      vertex -38.099998 9.167592 -12.895354
      vertex -38.099998 9.623940 -12.111477
    endloop
  endfacet
  facet normal -1.000000 0.000000 0.000000
    outer loop
      vertex -38.099998 9.227927 -12.714988
      vertex -38.099998 9.289357 -12.577159
      vertex -38.099998 9.382602 -12.412953
    endloop
  endfacet
  facet normal -1.000000 0.000000 0.000000
    outer loop
      vertex -38.099998 9.167592 -12.895354
      vertex -38.099998 9.382602 -12.412953
      vertex -38.099998 9.494130 -12.257726
    endloop
  endfacet
  facet normal -1.000000 0.000000 0.000000
    outer loop
      vertex -38.099998 9.167592 -12.895354
      vertex -38.099998 9.494130 -12.257726
      vertex -38.099998 9.623940 -12.111477
    endloop
  endfacet
  facet normal -1.000000 0.000000 0.000000
    outer loop
      vertex -38.099998 9.101773 -13.283022
      vertex -38.099998 9.623940 -12.111477
      vertex -38.099998 9.772033 -11.974206
    endloop
  endfacet
  facet normal 0.000000 -0.913386 0.407094
    outer loop
      vertex -38.099998 9.227927 -12.714988
      vertex -36.829998 9.227927 -12.714988
      vertex -38.099998 9.289357 -12.577159
    endloop
  endfacet
  facet normal 0.000000 -0.869579 0.493793
    outer loop
      vertex -38.099998 9.289357 -12.577159
      vertex -36.829998 9.289357 -12.577159
      vertex -38.099998 9.382602 -12.412953
    endloop
  endfacet
  facet normal 0.000000 -0.812118 0.583493
    outer loop
      vertex -38.099998 9.382602 -12.412953
      vertex -36.829998 9.382602 -12.412953
      vertex -38.099998 9.494130 -12.257726
    endloop
  endfacet
  facet normal 0.000000 -0.913386 0.407094
    outer loop
      vertex -38.099998 9.289357 -12.577159
      vertex -36.829998 9.227927 -12.714988
      vertex -36.829998 9.289357 -12.577159
    endloop
  endfacet
  facet normal 0.000000 -0.869579 0.493793
    outer loop
      vertex -38.099998 9.382602 -12.412953
      vertex -36.829998 9.289357 -12.577159
      vertex -36.829998 9.382602 -12.412953
    endloop
  endfacet
  facet normal 0.000000 -0.812118 0.583493
    outer loop
      vertex -38.099998 9.494130 -12.257726
      vertex -36.829998 9.382602 -12.412953
      vertex -36.829998 9.494130 -12.257726
    endloop
  endfacet
  facet normal 0.000000 0.763103 -0.646277
    outer loop
      vertex -38.099998 8.379432 -11.266233
      vertex -36.829998 8.705394 -10.881348
      vertex -36.829998 8.379432 -11.266233
    endloop
  endfacet
  facet normal -1.000000 0.000000 0.000000
    outer loop
      vertex -36.829998 7.751954 -12.899651
      vertex -36.829998 7.849742 -12.387513
      vertex -36.829998 8.012723 -11.911734
    endloop
  endfacet
  facet normal -1.000000 0.000000 0.000000
    outer loop
      vertex -36.829998 8.012723 -11.911734
      vertex -36.829998 9.382602 -12.412953
      vertex -36.829998 9.289357 -12.577159
    endloop
  endfacet
  facet normal -1.000000 0.000000 0.000000
    outer loop
      vertex -36.829998 8.012723 -11.911734
      vertex -36.829998 9.494130 -12.257726
      vertex -36.829998 9.382602 -12.412953
    endloop
  endfacet
  facet normal -1.000000 0.000000 0.000000
    outer loop
      vertex -36.829998 8.012723 -11.911734
      vertex -36.829998 9.623940 -12.111477
      vertex -36.829998 9.494130 -12.257726
    endloop
  endfacet
  facet normal -1.000000 0.000000 0.000000
    outer loop
      vertex -36.829998 8.012723 -11.911734
      vertex -36.829998 9.772033 -11.974206
      vertex -36.829998 9.623940 -12.111477
    endloop
  endfacet
  facet normal -1.000000 0.000000 0.000000
    outer loop
      vertex -36.829998 8.012723 -11.911734
      vertex -36.829998 8.379432 -11.266233
      vertex -36.829998 8.705394 -10.881348
    endloop
  endfacet
  facet normal -1.000000 0.000000 0.000000
    outer loop
      vertex -36.829998 8.012723 -11.911734
      vertex -36.829998 10.096984 -11.741929
      vertex -36.829998 9.772033 -11.974206
    endloop
  endfacet
  facet normal -1.000000 0.000000 0.000000
    outer loop
      vertex -36.829998 8.012723 -11.911734
      vertex -36.829998 10.296323 -11.632230
      vertex -36.829998 10.096984 -11.741929
    endloop
  endfacet
  facet normal 0.000000 0.763103 -0.646277
    outer loop
      vertex -38.099998 8.379432 -11.266233
      vertex -38.099998 8.705394 -10.881348
      vertex -36.829998 8.705394 -10.881348
    endloop
  endfacet
  facet normal -1.000000 0.000000 0.000000
    outer loop
      vertex -38.099998 8.379432 -11.266233
      vertex -38.099998 7.937501 -8.957385
      vertex -38.099998 8.705394 -10.881348
    endloop
  endfacet
  facet normal 0.000000 0.639407 -0.768868
    outer loop
      vertex -38.099998 8.705394 -10.881348
      vertex -38.099998 9.285232 -10.399142
      vertex -36.829998 9.285232 -10.399142
    endloop
  endfacet
  facet normal 0.000000 0.639407 -0.768868
    outer loop
      vertex -38.099998 8.705394 -10.881348
      vertex -36.829998 9.285232 -10.399142
      vertex -36.829998 8.705394 -10.881348
    endloop
  endfacet
  facet normal -1.000000 0.000000 0.000000
    outer loop
      vertex -38.099998 8.705394 -10.881348
      vertex -38.099998 7.937501 -8.957385
      vertex -38.099998 9.285232 -10.399142
    endloop
  endfacet
  facet normal -1.000000 0.000000 0.000000
    outer loop
      vertex -38.099998 9.285232 -10.399142
      vertex -38.099998 7.937501 -8.957385
      vertex -38.099998 9.934962 -10.047479
    endloop
  endfacet
  facet normal -1.000000 0.000000 0.000000
    outer loop
      vertex -38.099998 7.937501 -8.957385
      vertex -38.099998 10.408862 -9.881990
      vertex -38.099998 9.934962 -10.047479
    endloop
  endfacet
  facet normal 0.000000 0.475997 -0.879447
    outer loop
      vertex -38.099998 9.285232 -10.399142
      vertex -36.829998 9.934962 -10.047479
      vertex -36.829998 9.285232 -10.399142
    endloop
  endfacet
  facet normal -1.000000 0.000000 0.000000
    outer loop
      vertex -36.829998 8.012723 -11.911734
      vertex -36.829998 8.705394 -10.881348
      vertex -36.829998 9.934962 -10.047479
    endloop
  endfacet
  facet normal -1.000000 0.000000 0.000000
    outer loop
      vertex -36.829998 8.705394 -10.881348
      vertex -36.829998 9.285232 -10.399142
      vertex -36.829998 9.934962 -10.047479
    endloop
  endfacet
  facet normal -1.000000 0.000000 0.000000
    outer loop
      vertex -38.099998 7.937501 -19.736713
      vertex -38.099998 0.000002 12.699999
      vertex -38.099998 7.937501 -18.021648
    endloop
  endfacet
  facet normal -1.000000 0.000000 0.000000
    outer loop
      vertex -38.099998 7.937501 -18.021648
      vertex -38.099998 0.000002 12.699999
      vertex -38.099998 8.610635 -18.299658
    endloop
  endfacet
  facet normal -1.000000 0.000000 0.000000
    outer loop
      vertex -38.099998 8.610635 -18.299658
      vertex -38.099998 0.000002 12.699999
      vertex -38.099998 7.849742 -14.504598
    endloop
  endfacet
  facet normal 0.000000 1.000000 0.000000
    outer loop
      vertex -38.099998 7.937501 -8.957385
      vertex -36.829998 7.937501 -7.407809
      vertex -36.829998 7.937501 -8.957385
    endloop
  endfacet
  facet normal 0.000000 1.000000 0.000000
    outer loop
      vertex -38.099998 7.937501 -8.957385
      vertex -38.099998 7.937501 -7.407809
      vertex -36.829998 7.937501 -7.407809
    endloop
  endfacet
  facet normal -1.000000 0.000000 0.000000
    outer loop
      vertex -38.099998 7.849742 -14.504598
      vertex -38.099998 0.000002 12.699999
      vertex -38.099998 7.751954 -13.994341
    endloop
  endfacet
  facet normal -1.000000 0.000000 0.000000
    outer loop
      vertex -38.099998 7.751954 -13.994341
      vertex -38.099998 0.000002 12.699999
      vertex -38.099998 7.719357 -13.448145
    endloop
  endfacet
  facet normal -1.000000 0.000000 0.000000
    outer loop
      vertex -38.099998 7.719357 -13.448145
      vertex -38.099998 0.000002 12.699999
      vertex -38.099998 7.751954 -12.899651
    endloop
  endfacet
  facet normal -1.000000 0.000000 0.000000
    outer loop
      vertex -38.099998 7.751954 -12.899651
      vertex -38.099998 0.000002 12.699999
      vertex -38.099998 7.849742 -12.387513
    endloop
  endfacet
  facet normal -1.000000 0.000000 0.000000
    outer loop
      vertex -38.099998 7.849742 -12.387513
      vertex -38.099998 0.000002 12.699999
      vertex -38.099998 8.012723 -11.911734
    endloop
  endfacet
  facet normal -1.000000 0.000000 0.000000
    outer loop
      vertex -38.099998 8.012723 -11.911734
      vertex -38.099998 0.000002 12.699999
      vertex -38.099998 8.379432 -11.266233
    endloop
  endfacet
  facet normal 0.000000 1.000000 0.000000
    outer loop
      vertex -38.099998 7.937501 -4.316180
      vertex -38.099998 7.937501 -2.691383
      vertex -36.829998 7.937501 -2.691383
    endloop
  endfacet
  facet normal 0.000000 1.000000 0.000000
    outer loop
      vertex -38.099998 7.937501 -4.316180
      vertex -36.829998 7.937501 -2.691383
      vertex -36.829998 7.937501 -4.316180
    endloop
  endfacet
  facet normal -1.000000 0.000000 0.000000
    outer loop
      vertex -38.099998 8.379432 -11.266233
      vertex -38.099998 0.000002 12.699999
      vertex -38.099998 7.937501 -8.957385
    endloop
  endfacet
  facet normal -1.000000 0.000000 0.000000
    outer loop
      vertex -38.099998 7.937501 -8.957385
      vertex -38.099998 0.000002 12.699999
      vertex -38.099998 7.937501 -7.407809
    endloop
  endfacet
  facet normal -1.000000 0.000000 0.000000
    outer loop
      vertex -38.099998 9.105063 -13.656622
      vertex -38.099998 9.772033 -11.974206
      vertex -38.099998 10.096984 -11.741929
    endloop
  endfacet
  facet normal 0.000000 -0.747888 0.663825
    outer loop
      vertex -38.099998 9.494130 -12.257726
      vertex -36.829998 9.494130 -12.257726
      vertex -38.099998 9.623940 -12.111477
    endloop
  endfacet
  facet normal 0.000000 -0.679804 0.733394
    outer loop
      vertex -38.099998 9.623940 -12.111477
      vertex -36.829998 9.623940 -12.111477
      vertex -38.099998 9.772033 -11.974206
    endloop
  endfacet
  facet normal 0.000000 -0.747888 0.663825
    outer loop
      vertex -38.099998 9.623940 -12.111477
      vertex -36.829998 9.494130 -12.257726
      vertex -36.829998 9.623940 -12.111477
    endloop
  endfacet
  facet normal 0.000000 -0.679804 0.733394
    outer loop
      vertex -38.099998 9.772033 -11.974206
      vertex -36.829998 9.623940 -12.111477
      vertex -36.829998 9.772033 -11.974206
    endloop
  endfacet
  facet normal 0.000000 -0.581518 0.813533
    outer loop
      vertex -38.099998 9.772033 -11.974206
      vertex -36.829998 9.772033 -11.974206
      vertex -38.099998 10.096984 -11.741929
    endloop
  endfacet
  facet normal 0.000000 -0.482131 0.876099
    outer loop
      vertex -38.099998 10.096984 -11.741929
      vertex -36.829998 10.096984 -11.741929
      vertex -38.099998 10.296323 -11.632230
    endloop
  endfacet
  facet normal 0.000000 -0.407092 0.913387
    outer loop
      vertex -38.099998 10.505534 -11.538985
      vertex -38.099998 10.296323 -11.632230
      vertex -36.829998 10.296323 -11.632230
    endloop
  endfacet
  facet normal 0.000000 -0.330771 0.943711
    outer loop
      vertex -38.099998 10.724618 -11.462196
      vertex -38.099998 10.505534 -11.538985
      vertex -36.829998 10.505534 -11.538985
    endloop
  endfacet
  facet normal 0.000000 -0.581518 0.813533
    outer loop
      vertex -38.099998 10.096984 -11.741929
      vertex -36.829998 9.772033 -11.974206
      vertex -36.829998 10.096984 -11.741929
    endloop
  endfacet
  facet normal 0.000000 -0.482131 0.876099
    outer loop
      vertex -38.099998 10.296323 -11.632230
      vertex -36.829998 10.096984 -11.741929
      vertex -36.829998 10.296323 -11.632230
    endloop
  endfacet
  facet normal 0.000000 -0.407092 0.913387
    outer loop
      vertex -38.099998 10.505534 -11.538985
      vertex -36.829998 10.296323 -11.632230
      vertex -36.829998 10.505534 -11.538985
    endloop
  endfacet
  facet normal 0.000000 -0.330771 0.943711
    outer loop
      vertex -38.099998 10.724618 -11.462196
      vertex -36.829998 10.505534 -11.538985
      vertex -36.829998 10.724618 -11.462196
    endloop
  endfacet
  facet normal 0.000000 -0.254817 0.966989
    outer loop
      vertex -38.099998 10.724618 -11.462196
      vertex -36.829998 10.724618 -11.462196
      vertex -38.099998 10.953576 -11.401862
    endloop
  endfacet
  facet normal 0.000000 -0.180703 0.983538
    outer loop
      vertex -38.099998 11.192405 -11.357983
      vertex -38.099998 10.953576 -11.401862
      vertex -36.829998 10.953576 -11.401862
    endloop
  endfacet
  facet normal 0.000000 -0.109606 0.993975
    outer loop
      vertex -38.099998 11.192405 -11.357983
      vertex -36.829998 11.192405 -11.357983
      vertex -38.099998 11.441110 -11.330558
    endloop
  endfacet
  facet normal 0.000000 -0.005279 0.999986
    outer loop
      vertex -38.099998 11.441110 -11.330558
      vertex -36.829998 11.441110 -11.330558
      vertex -38.099998 12.003844 -11.327587
    endloop
  endfacet
  facet normal 0.000000 -0.254817 0.966989
    outer loop
      vertex -38.099998 10.953576 -11.401862
      vertex -36.829998 10.724618 -11.462196
      vertex -36.829998 10.953576 -11.401862
    endloop
  endfacet
  facet normal 0.000000 -0.180703 0.983538
    outer loop
      vertex -38.099998 11.192405 -11.357983
      vertex -36.829998 10.953576 -11.401862
      vertex -36.829998 11.192405 -11.357983
    endloop
  endfacet
  facet normal 0.000000 -0.109606 0.993975
    outer loop
      vertex -38.099998 11.441110 -11.330558
      vertex -36.829998 11.192405 -11.357983
      vertex -36.829998 11.441110 -11.330558
    endloop
  endfacet
  facet normal 0.000000 -0.005279 0.999986
    outer loop
      vertex -38.099998 12.003844 -11.327587
      vertex -36.829998 11.441110 -11.330558
      vertex -36.829998 12.003844 -11.327587
    endloop
  endfacet
  facet normal -1.000000 0.000000 0.000000
    outer loop
      vertex -36.829998 8.012723 -11.911734
      vertex -36.829998 10.505534 -11.538985
      vertex -36.829998 10.296323 -11.632230
    endloop
  endfacet
  facet normal -1.000000 0.000000 0.000000
    outer loop
      vertex -36.829998 8.012723 -11.911734
      vertex -36.829998 10.724618 -11.462196
      vertex -36.829998 10.505534 -11.538985
    endloop
  endfacet
  facet normal -1.000000 0.000000 0.000000
    outer loop
      vertex -36.829998 8.012723 -11.911734
      vertex -36.829998 10.953576 -11.401862
      vertex -36.829998 10.724618 -11.462196
    endloop
  endfacet
  facet normal 0.000000 0.475997 -0.879447
    outer loop
      vertex -38.099998 9.285232 -10.399142
      vertex -38.099998 9.934962 -10.047479
      vertex -36.829998 9.934962 -10.047479
    endloop
  endfacet
  facet normal -1.000000 0.000000 0.000000
    outer loop
      vertex -38.099998 7.937501 -8.957385
      vertex -38.099998 10.915357 -9.771665
      vertex -38.099998 10.408862 -9.881990
    endloop
  endfacet
  facet normal 0.000000 0.329682 -0.944092
    outer loop
      vertex -38.099998 9.934962 -10.047479
      vertex -38.099998 10.408862 -9.881990
      vertex -36.829998 10.408862 -9.881990
    endloop
  endfacet
  facet normal 0.000000 0.329682 -0.944092
    outer loop
      vertex -38.099998 9.934962 -10.047479
      vertex -36.829998 10.408862 -9.881990
      vertex -36.829998 9.934962 -10.047479
    endloop
  endfacet
  facet normal 0.000000 0.212832 -0.977089
    outer loop
      vertex -38.099998 10.408862 -9.881990
      vertex -36.829998 10.915357 -9.771665
      vertex -36.829998 10.408862 -9.881990
    endloop
  endfacet
  facet normal 0.000000 0.212832 -0.977089
    outer loop
      vertex -38.099998 10.408862 -9.881990
      vertex -38.099998 10.915357 -9.771665
      vertex -36.829998 10.915357 -9.771665
    endloop
  endfacet
  facet normal 0.000000 0.101795 -0.994805
    outer loop
      vertex -38.099998 10.915357 -9.771665
      vertex -38.099998 11.454450 -9.716501
      vertex -36.829998 11.454450 -9.716501
    endloop
  endfacet
  facet normal 0.000000 -0.000186 -1.000000
    outer loop
      vertex -38.099998 11.454450 -9.716501
      vertex -38.099998 12.017987 -9.716606
      vertex -36.829998 12.017987 -9.716606
    endloop
  endfacet
  facet normal 0.000000 0.101795 -0.994805
    outer loop
      vertex -38.099998 10.915357 -9.771665
      vertex -36.829998 11.454450 -9.716501
      vertex -36.829998 10.915357 -9.771665
    endloop
  endfacet
  facet normal 0.000000 -0.000186 -1.000000
    outer loop
      vertex -38.099998 11.454450 -9.716501
      vertex -36.829998 12.017987 -9.716606
      vertex -36.829998 11.454450 -9.716501
    endloop
  endfacet
  facet normal -1.000000 0.000000 0.000000
    outer loop
      vertex -36.829998 8.012723 -11.911734
      vertex -36.829998 9.934962 -10.047479
      vertex -36.829998 12.017987 -9.716606
    endloop
  endfacet
  facet normal -1.000000 0.000000 0.000000
    outer loop
      vertex -36.829998 8.012723 -11.911734
      vertex -36.829998 12.017987 -9.716606
      vertex -36.829998 10.953576 -11.401862
    endloop
  endfacet
  facet normal -1.000000 0.000000 0.000000
    outer loop
      vertex -36.829998 9.934962 -10.047479
      vertex -36.829998 10.408862 -9.881990
      vertex -36.829998 10.915357 -9.771665
    endloop
  endfacet
  facet normal -1.000000 0.000000 0.000000
    outer loop
      vertex -36.829998 12.017987 -9.716606
      vertex -36.829998 11.192405 -11.357983
      vertex -36.829998 10.953576 -11.401862
    endloop
  endfacet
  facet normal -1.000000 0.000000 0.000000
    outer loop
      vertex -36.829998 11.192405 -11.357983
      vertex -36.829998 12.017987 -9.716606
      vertex -36.829998 11.441110 -11.330558
    endloop
  endfacet
  facet normal -1.000000 0.000000 0.000000
    outer loop
      vertex -36.829998 11.441110 -11.330558
      vertex -36.829998 12.017987 -9.716606
      vertex -36.829998 12.003844 -11.327587
    endloop
  endfacet
  facet normal -1.000000 0.000000 0.000000
    outer loop
      vertex -36.829998 9.934962 -10.047479
      vertex -36.829998 10.915357 -9.771665
      vertex -36.829998 12.017987 -9.716606
    endloop
  endfacet
  facet normal -1.000000 0.000000 0.000000
    outer loop
      vertex -36.829998 10.915357 -9.771665
      vertex -36.829998 11.454450 -9.716501
      vertex -36.829998 12.017987 -9.716606
    endloop
  endfacet
  facet normal 0.000000 0.104000 0.994577
    outer loop
      vertex -38.099998 12.003844 -11.327587
      vertex -36.829998 12.003844 -11.327587
      vertex -38.099998 12.294524 -11.357983
    endloop
  endfacet
  facet normal 0.000000 0.181162 0.983453
    outer loop
      vertex -38.099998 12.532727 -11.401862
      vertex -38.099998 12.294524 -11.357983
      vertex -36.829998 12.294524 -11.357983
    endloop
  endfacet
  facet normal 0.000000 0.409264 0.912416
    outer loop
      vertex -38.099998 12.978810 -11.538985
      vertex -36.829998 12.978810 -11.538985
      vertex -38.099998 13.186690 -11.632230
    endloop
  endfacet
  facet normal 0.000000 0.255718 0.966752
    outer loop
      vertex -38.099998 12.760823 -11.462196
      vertex -38.099998 12.532727 -11.401862
      vertex -36.829998 12.532727 -11.401862
    endloop
  endfacet
  facet normal 0.000000 0.332252 0.943191
    outer loop
      vertex -38.099998 12.760823 -11.462196
      vertex -36.829998 12.760823 -11.462196
      vertex -38.099998 12.978810 -11.538985
    endloop
  endfacet
  facet normal 0.000000 0.104000 0.994577
    outer loop
      vertex -38.099998 12.294524 -11.357983
      vertex -36.829998 12.003844 -11.327587
      vertex -36.829998 12.294524 -11.357983
    endloop
  endfacet
  facet normal 0.000000 0.181162 0.983453
    outer loop
      vertex -38.099998 12.532727 -11.401862
      vertex -36.829998 12.294524 -11.357983
      vertex -36.829998 12.532727 -11.401862
    endloop
  endfacet
  facet normal 0.000000 0.332252 0.943191
    outer loop
      vertex -38.099998 12.978810 -11.538985
      vertex -36.829998 12.760823 -11.462196
      vertex -36.829998 12.978810 -11.538985
    endloop
  endfacet
  facet normal 0.000000 0.255718 0.966752
    outer loop
      vertex -38.099998 12.760823 -11.462196
      vertex -36.829998 12.532727 -11.401862
      vertex -36.829998 12.760823 -11.462196
    endloop
  endfacet
  facet normal 0.000000 0.913382 0.407105
    outer loop
      vertex -38.099998 14.252032 -12.714988
      vertex -38.099998 14.190600 -12.577159
      vertex -36.829998 14.190600 -12.577159
    endloop
  endfacet
  facet normal 0.000000 0.869584 0.493785
    outer loop
      vertex -38.099998 14.097358 -12.412953
      vertex -36.829998 14.097358 -12.412953
      vertex -38.099998 14.190600 -12.577159
    endloop
  endfacet
  facet normal 0.000000 0.812118 0.583493
    outer loop
      vertex -38.099998 13.985829 -12.257726
      vertex -36.829998 13.985829 -12.257726
      vertex -38.099998 14.097358 -12.412953
    endloop
  endfacet
  facet normal 0.000000 0.747888 0.663825
    outer loop
      vertex -38.099998 13.856019 -12.111477
      vertex -36.829998 13.856019 -12.111477
      vertex -38.099998 13.985829 -12.257726
    endloop
  endfacet
  facet normal 0.000000 0.679799 0.733398
    outer loop
      vertex -38.099998 13.707925 -11.974206
      vertex -36.829998 13.707925 -11.974206
      vertex -38.099998 13.856019 -12.111477
    endloop
  endfacet
  facet normal 0.000000 0.913382 0.407105
    outer loop
      vertex -38.099998 14.252032 -12.714988
      vertex -36.829998 14.190600 -12.577159
      vertex -36.829998 14.252032 -12.714988
    endloop
  endfacet
  facet normal 0.000000 0.869584 0.493785
    outer loop
      vertex -38.099998 14.190600 -12.577159
      vertex -36.829998 14.097358 -12.412953
      vertex -36.829998 14.190600 -12.577159
    endloop
  endfacet
  facet normal 0.000000 0.812118 0.583493
    outer loop
      vertex -38.099998 14.097358 -12.412953
      vertex -36.829998 13.985829 -12.257726
      vertex -36.829998 14.097358 -12.412953
    endloop
  endfacet
  facet normal 0.000000 0.747888 0.663825
    outer loop
      vertex -38.099998 13.985829 -12.257726
      vertex -36.829998 13.856019 -12.111477
      vertex -36.829998 13.985829 -12.257726
    endloop
  endfacet
  facet normal 0.000000 0.679799 0.733398
    outer loop
      vertex -38.099998 13.856019 -12.111477
      vertex -36.829998 13.707925 -11.974206
      vertex -36.829998 13.856019 -12.111477
    endloop
  endfacet
  facet normal 0.000000 0.485056 0.874483
    outer loop
      vertex -38.099998 13.186690 -11.632230
      vertex -36.829998 13.186690 -11.632230
      vertex -38.099998 13.384461 -11.741929
    endloop
  endfacet
  facet normal 0.000000 0.583284 0.812268
    outer loop
      vertex -38.099998 13.384461 -11.741929
      vertex -36.829998 13.384461 -11.741929
      vertex -38.099998 13.707925 -11.974206
    endloop
  endfacet
  facet normal 0.000000 0.409264 0.912416
    outer loop
      vertex -38.099998 13.186690 -11.632230
      vertex -36.829998 12.978810 -11.538985
      vertex -36.829998 13.186690 -11.632230
    endloop
  endfacet
  facet normal 0.000000 0.485056 0.874483
    outer loop
      vertex -38.099998 13.384461 -11.741929
      vertex -36.829998 13.186690 -11.632230
      vertex -36.829998 13.384461 -11.741929
    endloop
  endfacet
  facet normal 0.000000 0.583284 0.812268
    outer loop
      vertex -38.099998 13.707925 -11.974206
      vertex -36.829998 13.384461 -11.741929
      vertex -36.829998 13.707925 -11.974206
    endloop
  endfacet
  facet normal -1.000000 0.000000 0.000000
    outer loop
      vertex -36.829998 13.384461 -11.741929
      vertex -36.829998 12.017987 -9.716606
      vertex -36.829998 13.707925 -11.974206
    endloop
  endfacet
  facet normal -1.000000 0.000000 0.000000
    outer loop
      vertex -36.829998 13.856019 -12.111477
      vertex -36.829998 12.017987 -9.716606
      vertex -36.829998 13.985829 -12.257726
    endloop
  endfacet
  facet normal -1.000000 0.000000 0.000000
    outer loop
      vertex -36.829998 13.856019 -12.111477
      vertex -36.829998 13.707925 -11.974206
      vertex -36.829998 12.017987 -9.716606
    endloop
  endfacet
  facet normal -1.000000 0.000000 0.000000
    outer loop
      vertex -36.829998 13.985829 -12.257726
      vertex -36.829998 12.017987 -9.716606
      vertex -36.829998 15.629380 -12.395871
    endloop
  endfacet
  facet normal 0.000000 -0.103320 -0.994648
    outer loop
      vertex -38.099998 12.017987 -9.716606
      vertex -38.099998 12.557080 -9.772605
      vertex -36.829998 12.557080 -9.772605
    endloop
  endfacet
  facet normal 0.000000 -0.215906 -0.976414
    outer loop
      vertex -38.099998 12.557080 -9.772605
      vertex -38.099998 13.063575 -9.884602
      vertex -36.829998 13.063575 -9.884602
    endloop
  endfacet
  facet normal 0.000000 -0.103320 -0.994648
    outer loop
      vertex -38.099998 12.017987 -9.716606
      vertex -36.829998 12.557080 -9.772605
      vertex -36.829998 12.017987 -9.716606
    endloop
  endfacet
  facet normal 0.000000 -0.215906 -0.976414
    outer loop
      vertex -38.099998 12.557080 -9.772605
      vertex -36.829998 13.063575 -9.884602
      vertex -36.829998 12.557080 -9.772605
    endloop
  endfacet
  facet normal 0.000000 -0.537914 -0.843000
    outer loop
      vertex -38.099998 13.762200 -10.157596
      vertex -38.099998 14.387485 -10.556586
      vertex -36.829998 14.387485 -10.556586
    endloop
  endfacet
  facet normal 0.000000 -0.363959 -0.931415
    outer loop
      vertex -38.099998 13.063575 -9.884602
      vertex -38.099998 13.762200 -10.157596
      vertex -36.829998 13.762200 -10.157596
    endloop
  endfacet
  facet normal -1.000000 0.000000 0.000000
    outer loop
      vertex -38.099998 12.557080 -9.772605
      vertex -38.099998 15.557502 -8.957385
      vertex -38.099998 13.063575 -9.884602
    endloop
  endfacet
  facet normal -1.000000 0.000000 0.000000
    outer loop
      vertex -38.099998 13.063575 -9.884602
      vertex -38.099998 15.557502 -8.957385
      vertex -38.099998 13.762200 -10.157596
    endloop
  endfacet
  facet normal 0.000000 -0.363959 -0.931415
    outer loop
      vertex -38.099998 13.063575 -9.884602
      vertex -36.829998 13.762200 -10.157596
      vertex -36.829998 13.063575 -9.884602
    endloop
  endfacet
  facet normal 0.000000 -0.537914 -0.843000
    outer loop
      vertex -38.099998 13.762200 -10.157596
      vertex -36.829998 14.387485 -10.556586
      vertex -36.829998 13.762200 -10.157596
    endloop
  endfacet
  facet normal -1.000000 0.000000 0.000000
    outer loop
      vertex -36.829998 12.003844 -11.327587
      vertex -36.829998 12.017987 -9.716606
      vertex -36.829998 12.294524 -11.357983
    endloop
  endfacet
  facet normal -1.000000 0.000000 0.000000
    outer loop
      vertex -36.829998 12.532727 -11.401862
      vertex -36.829998 12.294524 -11.357983
      vertex -36.829998 12.017987 -9.716606
    endloop
  endfacet
  facet normal -1.000000 0.000000 0.000000
    outer loop
      vertex -36.829998 12.760823 -11.462196
      vertex -36.829998 12.532727 -11.401862
      vertex -36.829998 12.017987 -9.716606
    endloop
  endfacet
  facet normal -1.000000 0.000000 0.000000
    outer loop
      vertex -36.829998 12.978810 -11.538985
      vertex -36.829998 12.017987 -9.716606
      vertex -36.829998 13.186690 -11.632230
    endloop
  endfacet
  facet normal -1.000000 0.000000 0.000000
    outer loop
      vertex -36.829998 12.760823 -11.462196
      vertex -36.829998 12.017987 -9.716606
      vertex -36.829998 12.978810 -11.538985
    endloop
  endfacet
  facet normal -1.000000 0.000000 0.000000
    outer loop
      vertex -36.829998 13.384461 -11.741929
      vertex -36.829998 13.186690 -11.632230
      vertex -36.829998 12.017987 -9.716606
    endloop
  endfacet
  facet normal -1.000000 0.000000 0.000000
    outer loop
      vertex -36.829998 12.017987 -9.716606
      vertex -36.829998 12.557080 -9.772605
      vertex -36.829998 13.063575 -9.884602
    endloop
  endfacet
  facet normal -1.000000 0.000000 0.000000
    outer loop
      vertex -36.829998 12.017987 -9.716606
      vertex -36.829998 14.387485 -10.556586
      vertex -36.829998 15.629380 -12.395871
    endloop
  endfacet
  facet normal -1.000000 0.000000 0.000000
    outer loop
      vertex -36.829998 12.017987 -9.716606
      vertex -36.829998 13.063575 -9.884602
      vertex -36.829998 14.387485 -10.556586
    endloop
  endfacet
  facet normal -1.000000 0.000000 0.000000
    outer loop
      vertex -36.829998 13.063575 -9.884602
      vertex -36.829998 13.762200 -10.157596
      vertex -36.829998 14.387485 -10.556586
    endloop
  endfacet
  facet normal 0.000000 0.000000 1.000000
    outer loop
      vertex -38.099998 7.937501 -8.957385
      vertex -36.829998 7.937501 -8.957385
      vertex -38.099998 15.557502 -8.957385
    endloop
  endfacet
  facet normal -1.000000 0.000000 0.000000
    outer loop
      vertex -38.099998 7.937501 -8.957385
      vertex -38.099998 15.557502 -8.957385
      vertex -38.099998 10.915357 -9.771665
    endloop
  endfacet
  facet normal -1.000000 0.000000 0.000000
    outer loop
      vertex -36.829998 7.937501 -8.957385
      vertex -36.829998 7.937501 -7.407809
      vertex -36.829998 15.557502 -8.957385
    endloop
  endfacet
  facet normal 0.000000 0.000000 -1.000000
    outer loop
      vertex -38.099998 7.937501 -7.407809
      vertex -36.829998 13.165439 -7.407809
      vertex -36.829998 7.937501 -7.407809
    endloop
  endfacet
  facet normal -1.000000 0.000000 0.000000
    outer loop
      vertex -38.099998 7.937501 -7.407809
      vertex -38.099998 7.937501 -4.316180
      vertex -38.099998 13.165439 -7.407809
    endloop
  endfacet
  facet normal 0.000000 0.000000 -1.000000
    outer loop
      vertex -38.099998 7.937501 -7.407809
      vertex -38.099998 13.165439 -7.407809
      vertex -36.829998 13.165439 -7.407809
    endloop
  endfacet
  facet normal 0.000000 0.509021 0.860754
    outer loop
      vertex -36.829998 7.937501 -4.316180
      vertex -36.829998 13.165439 -7.407809
      vertex -38.099998 13.165439 -7.407809
    endloop
  endfacet
  facet normal -1.000000 0.000000 0.000000
    outer loop
      vertex -38.099998 10.915357 -9.771665
      vertex -38.099998 15.557502 -8.957385
      vertex -38.099998 11.454450 -9.716501
    endloop
  endfacet
  facet normal -1.000000 0.000000 0.000000
    outer loop
      vertex -38.099998 11.454450 -9.716501
      vertex -38.099998 15.557502 -8.957385
      vertex -38.099998 12.017987 -9.716606
    endloop
  endfacet
  facet normal 0.000000 0.000000 1.000000
    outer loop
      vertex -36.829998 7.937501 -8.957385
      vertex -36.829998 15.557502 -8.957385
      vertex -38.099998 15.557502 -8.957385
    endloop
  endfacet
  facet normal -1.000000 0.000000 0.000000
    outer loop
      vertex -38.099998 12.017987 -9.716606
      vertex -38.099998 15.557502 -8.957385
      vertex -38.099998 12.557080 -9.772605
    endloop
  endfacet
  facet normal -1.000000 0.000000 0.000000
    outer loop
      vertex -36.829998 7.937501 -7.407809
      vertex -36.829998 13.165439 -7.407809
      vertex -36.829998 15.557502 -8.957385
    endloop
  endfacet
  facet normal -1.000000 0.000000 0.000000
    outer loop
      vertex -36.829998 13.165439 -7.407809
      vertex -36.829998 10.306998 -4.225914
      vertex -36.829998 15.557502 -8.957385
    endloop
  endfacet
  facet normal -1.000000 0.000000 0.000000
    outer loop
      vertex -36.829998 15.557502 -8.957385
      vertex -36.829998 10.306998 -4.225914
      vertex -36.829998 15.557502 -7.332587
    endloop
  endfacet
  facet normal 0.000000 -0.867187 -0.497983
    outer loop
      vertex -38.099998 15.465354 -11.923017
      vertex -36.829998 15.465354 -11.923017
      vertex -38.099998 15.096295 -11.280338
    endloop
  endfacet
  facet normal 0.000000 -0.760367 -0.649494
    outer loop
      vertex -38.099998 15.096295 -11.280338
      vertex -36.829998 15.096295 -11.280338
      vertex -38.099998 14.768245 -10.896287
    endloop
  endfacet
  facet normal 0.000000 -0.867187 -0.497983
    outer loop
      vertex -38.099998 15.096295 -11.280338
      vertex -36.829998 15.465354 -11.923017
      vertex -36.829998 15.096295 -11.280338
    endloop
  endfacet
  facet normal 0.000000 -0.944772 -0.327728
    outer loop
      vertex -38.099998 15.465354 -11.923017
      vertex -38.099998 15.629380 -12.395871
      vertex -36.829998 15.629380 -12.395871
    endloop
  endfacet
  facet normal 0.000000 -0.981773 -0.190059
    outer loop
      vertex -36.829998 15.727796 -12.904247
      vertex -36.829998 15.629380 -12.395871
      vertex -38.099998 15.629380 -12.395871
    endloop
  endfacet
  facet normal 0.000000 -0.944772 -0.327728
    outer loop
      vertex -38.099998 15.465354 -11.923017
      vertex -36.829998 15.629380 -12.395871
      vertex -36.829998 15.465354 -11.923017
    endloop
  endfacet
  facet normal -1.000000 0.000000 0.000000
    outer loop
      vertex -36.829998 14.097358 -12.412953
      vertex -36.829998 13.985829 -12.257726
      vertex -36.829998 15.629380 -12.395871
    endloop
  endfacet
  facet normal -1.000000 0.000000 0.000000
    outer loop
      vertex -36.829998 14.312367 -12.895354
      vertex -36.829998 14.252032 -12.714988
      vertex -36.829998 15.629380 -12.395871
    endloop
  endfacet
  facet normal -1.000000 0.000000 0.000000
    outer loop
      vertex -36.829998 14.252032 -12.714988
      vertex -36.829998 14.190600 -12.577159
      vertex -36.829998 15.629380 -12.395871
    endloop
  endfacet
  facet normal -1.000000 0.000000 0.000000
    outer loop
      vertex -36.829998 14.190600 -12.577159
      vertex -36.829998 14.097358 -12.412953
      vertex -36.829998 15.629380 -12.395871
    endloop
  endfacet
  facet normal -1.000000 0.000000 0.000000
    outer loop
      vertex -36.829998 15.465354 -11.923017
      vertex -36.829998 15.629380 -12.395871
      vertex -36.829998 15.096295 -11.280338
    endloop
  endfacet
  facet normal -1.000000 0.000000 0.000000
    outer loop
      vertex -36.829998 15.096295 -11.280338
      vertex -36.829998 15.629380 -12.395871
      vertex -36.829998 14.387485 -10.556586
    endloop
  endfacet
  facet normal 0.000000 -0.665728 -0.746194
    outer loop
      vertex -38.099998 14.768245 -10.896287
      vertex -36.829998 14.768245 -10.896287
      vertex -38.099998 14.387485 -10.556586
    endloop
  endfacet
  facet normal 0.000000 -0.760367 -0.649494
    outer loop
      vertex -36.829998 15.096295 -11.280338
      vertex -36.829998 14.768245 -10.896287
      vertex -38.099998 14.768245 -10.896287
    endloop
  endfacet
  facet normal 0.000000 -0.665728 -0.746194
    outer loop
      vertex -38.099998 14.387485 -10.556586
      vertex -36.829998 14.768245 -10.896287
      vertex -36.829998 14.387485 -10.556586
    endloop
  endfacet
  facet normal -1.000000 0.000000 0.000000
    outer loop
      vertex -38.099998 13.762200 -10.157596
      vertex -38.099998 15.557502 -8.957385
      vertex -38.099998 14.387485 -10.556586
    endloop
  endfacet
  facet normal -1.000000 0.000000 0.000000
    outer loop
      vertex -38.099998 14.768245 -10.896287
      vertex -38.099998 14.387485 -10.556586
      vertex -38.099998 15.557502 -8.957385
    endloop
  endfacet
  facet normal -1.000000 0.000000 0.000000
    outer loop
      vertex -36.829998 15.096295 -11.280338
      vertex -36.829998 14.387485 -10.556586
      vertex -36.829998 14.768245 -10.896287
    endloop
  endfacet
  facet normal -1.000000 0.000000 0.000000
    outer loop
      vertex -38.099998 15.557502 -24.851818
      vertex -38.099998 15.557502 -24.310219
      vertex -38.099998 25.400000 12.699999
    endloop
  endfacet
  facet normal -1.000000 0.000000 0.000000
    outer loop
      vertex -38.099998 15.557502 -24.310219
      vertex -38.099998 15.557502 -20.616812
      vertex -38.099998 25.400000 12.699999
    endloop
  endfacet
  facet normal 0.000000 -1.000000 0.000000
    outer loop
      vertex -38.099998 15.557502 -8.957385
      vertex -36.829998 15.557502 -8.957385
      vertex -38.099998 15.557502 -7.332587
    endloop
  endfacet
  facet normal 0.000000 -1.000000 0.000000
    outer loop
      vertex -36.829998 15.557502 -8.957385
      vertex -36.829998 15.557502 -7.332587
      vertex -38.099998 15.557502 -7.332587
    endloop
  endfacet
  facet normal -1.000000 0.000000 0.000000
    outer loop
      vertex -38.099998 15.557502 -20.616812
      vertex -38.099998 15.525062 -20.117056
      vertex -38.099998 25.400000 12.699999
    endloop
  endfacet
  facet normal -1.000000 0.000000 0.000000
    outer loop
      vertex -38.099998 15.380887 -19.522383
      vertex -38.099998 25.400000 12.699999
      vertex -38.099998 15.525062 -20.117056
    endloop
  endfacet
  facet normal -1.000000 0.000000 0.000000
    outer loop
      vertex -38.099998 14.728177 -18.568420
      vertex -38.099998 25.400000 12.699999
      vertex -38.099998 15.121369 -19.009619
    endloop
  endfacet
  facet normal -1.000000 0.000000 0.000000
    outer loop
      vertex -38.099998 15.380887 -19.522383
      vertex -38.099998 15.121369 -19.009619
      vertex -38.099998 25.400000 12.699999
    endloop
  endfacet
  facet normal -1.000000 0.000000 0.000000
    outer loop
      vertex -38.099998 14.728177 -18.568420
      vertex -38.099998 15.465354 -14.990198
      vertex -38.099998 25.400000 12.699999
    endloop
  endfacet
  facet normal 0.000000 0.509021 0.860754
    outer loop
      vertex -38.099998 7.937501 -4.316180
      vertex -36.829998 7.937501 -4.316180
      vertex -38.099998 13.165439 -7.407809
    endloop
  endfacet
  facet normal -1.000000 0.000000 0.000000
    outer loop
      vertex -36.829998 7.937501 -4.316180
      vertex -36.829998 7.937501 -2.691383
      vertex -36.829998 13.165439 -7.407809
    endloop
  endfacet
  facet normal -1.000000 0.000000 0.000000
    outer loop
      vertex -36.829998 7.937501 -2.691383
      vertex -36.829998 10.306998 -4.225914
      vertex -36.829998 13.165439 -7.407809
    endloop
  endfacet
  facet normal -1.000000 0.000000 0.000000
    outer loop
      vertex -36.829998 7.937501 -2.691383
      vertex -36.829998 15.557502 -4.225914
      vertex -36.829998 10.306998 -4.225914
    endloop
  endfacet
  facet normal 0.000000 -0.509228 -0.860632
    outer loop
      vertex -36.829998 15.557502 -7.332587
      vertex -36.829998 10.306998 -4.225914
      vertex -38.099998 10.306998 -4.225914
    endloop
  endfacet
  facet normal 0.000000 -0.509228 -0.860632
    outer loop
      vertex -38.099998 15.557502 -7.332587
      vertex -36.829998 15.557502 -7.332587
      vertex -38.099998 10.306998 -4.225914
    endloop
  endfacet
  facet normal -1.000000 0.000000 0.000000
    outer loop
      vertex -38.099998 15.557502 -7.332587
      vertex -38.099998 10.306998 -4.225914
      vertex -38.099998 15.557502 -4.225914
    endloop
  endfacet
  facet normal 0.000000 0.000000 1.000000
    outer loop
      vertex -38.099998 10.306998 -4.225914
      vertex -36.829998 10.306998 -4.225914
      vertex -38.099998 15.557502 -4.225914
    endloop
  endfacet
  facet normal 0.000000 0.000000 1.000000
    outer loop
      vertex -36.829998 10.306998 -4.225914
      vertex -36.829998 15.557502 -4.225914
      vertex -38.099998 15.557502 -4.225914
    endloop
  endfacet
  facet normal -1.000000 0.000000 0.000000
    outer loop
      vertex -36.829998 7.937501 -2.691383
      vertex -36.829998 15.557502 -2.691383
      vertex -36.829998 15.557502 -4.225914
    endloop
  endfacet
  facet normal 0.000000 0.000000 -1.000000
    outer loop
      vertex -38.099998 7.937501 -2.691383
      vertex -36.829998 15.557502 -2.691383
      vertex -36.829998 7.937501 -2.691383
    endloop
  endfacet
  facet normal -1.000000 0.000000 0.000000
    outer loop
      vertex -38.099998 7.937501 -2.691383
      vertex -38.099998 7.937501 0.430335
      vertex -38.099998 14.188458 0.430335
    endloop
  endfacet
  facet normal -1.000000 0.000000 0.000000
    outer loop
      vertex -38.099998 7.937501 -2.691383
      vertex -38.099998 15.557502 -1.818807
      vertex -38.099998 15.557502 -2.691383
    endloop
  endfacet
  facet normal 0.000000 0.000000 -1.000000
    outer loop
      vertex -38.099998 7.937501 -2.691383
      vertex -38.099998 15.557502 -2.691383
      vertex -36.829998 15.557502 -2.691383
    endloop
  endfacet
  facet normal -1.000000 0.000000 0.000000
    outer loop
      vertex -38.099998 7.937501 -2.691383
      vertex -38.099998 14.188458 -1.818807
      vertex -38.099998 15.557502 -1.818807
    endloop
  endfacet
  facet normal -1.000000 0.000000 0.000000
    outer loop
      vertex -38.099998 7.937501 -2.691383
      vertex -38.099998 14.188458 0.430335
      vertex -38.099998 14.188458 -1.818807
    endloop
  endfacet
  facet normal 0.000000 1.000000 0.000000
    outer loop
      vertex -36.829998 14.188458 -1.818807
      vertex -38.099998 14.188458 -1.818807
      vertex -36.829998 14.188458 0.430335
    endloop
  endfacet
  facet normal 0.000000 1.000000 0.000000
    outer loop
      vertex -36.829998 14.188458 0.430335
      vertex -38.099998 14.188458 -1.818807
      vertex -38.099998 14.188458 0.430335
    endloop
  endfacet
  facet normal 0.000000 -1.000000 0.000000
    outer loop
      vertex -38.099998 15.557502 -4.225914
      vertex -36.829998 15.557502 -4.225914
      vertex -38.099998 15.557502 -2.691383
    endloop
  endfacet
  facet normal 0.000000 -1.000000 0.000000
    outer loop
      vertex -36.829998 15.557502 -4.225914
      vertex -36.829998 15.557502 -2.691383
      vertex -38.099998 15.557502 -2.691383
    endloop
  endfacet
  facet normal -1.000000 0.000000 0.000000
    outer loop
      vertex -38.099998 15.465354 -14.990198
      vertex -38.099998 15.629380 -14.512956
      vertex -38.099998 25.400000 12.699999
    endloop
  endfacet
  facet normal -1.000000 0.000000 0.000000
    outer loop
      vertex -38.099998 15.629380 -14.512956
      vertex -38.099998 15.727796 -13.998938
      vertex -38.099998 25.400000 12.699999
    endloop
  endfacet
  facet normal -1.000000 0.000000 0.000000
    outer loop
      vertex -38.099998 15.727796 -13.998938
      vertex -38.099998 15.760602 -13.448145
      vertex -38.099998 25.400000 12.699999
    endloop
  endfacet
  facet normal -1.000000 0.000000 0.000000
    outer loop
      vertex -38.099998 15.760602 -13.448145
      vertex -38.099998 15.727796 -12.904247
      vertex -38.099998 25.400000 12.699999
    endloop
  endfacet
  facet normal -1.000000 0.000000 0.000000
    outer loop
      vertex -38.099998 15.727796 -12.904247
      vertex -38.099998 15.629380 -12.395871
      vertex -38.099998 25.400000 12.699999
    endloop
  endfacet
  facet normal -1.000000 0.000000 0.000000
    outer loop
      vertex -38.099998 15.465354 -11.923017
      vertex -38.099998 25.400000 12.699999
      vertex -38.099998 15.629380 -12.395871
    endloop
  endfacet
  facet normal -1.000000 0.000000 0.000000
    outer loop
      vertex -38.099998 15.465354 -11.923017
      vertex -38.099998 15.096295 -11.280338
      vertex -38.099998 25.400000 12.699999
    endloop
  endfacet
  facet normal 0.000000 0.000000 1.000000
    outer loop
      vertex -36.829998 14.188458 -1.818807
      vertex -38.099998 15.557502 -1.818807
      vertex -38.099998 14.188458 -1.818807
    endloop
  endfacet
  facet normal 0.000000 0.000000 1.000000
    outer loop
      vertex -36.829998 14.188458 -1.818807
      vertex -36.829998 15.557502 -1.818807
      vertex -38.099998 15.557502 -1.818807
    endloop
  endfacet
  facet normal -1.000000 0.000000 0.000000
    outer loop
      vertex -38.099998 15.096295 -11.280338
      vertex -38.099998 14.768245 -10.896287
      vertex -38.099998 25.400000 12.699999
    endloop
  endfacet
  facet normal -1.000000 0.000000 0.000000
    outer loop
      vertex -38.099998 14.768245 -10.896287
      vertex -38.099998 15.557502 -8.957385
      vertex -38.099998 25.400000 12.699999
    endloop
  endfacet
  facet normal -1.000000 0.000000 0.000000
    outer loop
      vertex -38.099998 15.557502 -8.957385
      vertex -38.099998 15.557502 -7.332587
      vertex -38.099998 25.400000 12.699999
    endloop
  endfacet
  facet normal -1.000000 0.000000 0.000000
    outer loop
      vertex -38.099998 7.937501 -7.407809
      vertex -38.099998 0.000002 12.699999
      vertex -38.099998 7.937501 -4.316180
    endloop
  endfacet
  facet normal -1.000000 0.000000 0.000000
    outer loop
      vertex -38.099998 7.937501 -4.316180
      vertex -38.099998 0.000002 12.699999
      vertex -38.099998 7.937501 -2.691383
    endloop
  endfacet
  facet normal 0.000000 1.000000 0.000000
    outer loop
      vertex -36.829998 7.937501 2.009999
      vertex -38.099998 7.937501 0.430335
      vertex -38.099998 7.937501 2.009999
    endloop
  endfacet
  facet normal 0.000000 1.000000 0.000000
    outer loop
      vertex -36.829998 7.937501 0.430335
      vertex -38.099998 7.937501 0.430335
      vertex -36.829998 7.937501 2.009999
    endloop
  endfacet
  facet normal -1.000000 0.000000 0.000000
    outer loop
      vertex -38.099998 7.937501 -2.691383
      vertex -38.099998 0.000002 12.699999
      vertex -38.099998 7.937501 0.430335
    endloop
  endfacet
  facet normal -1.000000 0.000000 0.000000
    outer loop
      vertex -38.099998 0.000002 12.699999
      vertex -38.099998 7.937501 2.009999
      vertex -38.099998 7.937501 0.430335
    endloop
  endfacet
  facet normal -1.000000 0.000000 0.000000
    outer loop
      vertex -38.099998 0.000002 12.699999
      vertex -38.099998 14.188458 4.266662
      vertex -38.099998 7.937501 2.009999
    endloop
  endfacet
  facet normal 0.000000 0.000000 1.000000
    outer loop
      vertex -36.829998 7.937501 0.430335
      vertex -38.099998 14.188458 0.430335
      vertex -38.099998 7.937501 0.430335
    endloop
  endfacet
  facet normal -1.000000 0.000000 0.000000
    outer loop
      vertex -36.829998 7.937501 0.430335
      vertex -36.829998 7.937501 2.009999
      vertex -36.829998 14.188458 0.430335
    endloop
  endfacet
  facet normal 0.000000 0.000000 -1.000000
    outer loop
      vertex -36.829998 7.937501 2.009999
      vertex -38.099998 7.937501 2.009999
      vertex -36.829998 14.188458 2.009999
    endloop
  endfacet
  facet normal 0.000000 0.000000 1.000000
    outer loop
      vertex -36.829998 7.937501 0.430335
      vertex -36.829998 14.188458 0.430335
      vertex -38.099998 14.188458 0.430335
    endloop
  endfacet
  facet normal -1.000000 0.000000 0.000000
    outer loop
      vertex -36.829998 7.937501 2.009999
      vertex -36.829998 14.188458 2.009999
      vertex -36.829998 14.188458 0.430335
    endloop
  endfacet
  facet normal 0.000000 0.000000 -1.000000
    outer loop
      vertex -36.829998 14.188458 2.009999
      vertex -38.099998 7.937501 2.009999
      vertex -38.099998 14.188458 2.009999
    endloop
  endfacet
  facet normal -1.000000 0.000000 0.000000
    outer loop
      vertex -38.099998 7.937501 2.009999
      vertex -38.099998 14.188458 4.266662
      vertex -38.099998 14.188458 2.009999
    endloop
  endfacet
  facet normal 0.000000 1.000000 0.000000
    outer loop
      vertex -36.829998 14.188458 2.009999
      vertex -38.099998 14.188458 2.009999
      vertex -36.829998 14.188458 4.266662
    endloop
  endfacet
  facet normal 0.000000 1.000000 0.000000
    outer loop
      vertex -36.829998 14.188458 4.266662
      vertex -38.099998 14.188458 2.009999
      vertex -38.099998 14.188458 4.266662
    endloop
  endfacet
  facet normal 0.000000 -1.000000 0.000000
    outer loop
      vertex -36.829998 15.557502 -1.818807
      vertex -38.099998 15.557502 4.266662
      vertex -38.099998 15.557502 -1.818807
    endloop
  endfacet
  facet normal -1.000000 0.000000 0.000000
    outer loop
      vertex -36.829998 14.188458 -1.818807
      vertex -36.829998 15.557502 4.266662
      vertex -36.829998 15.557502 -1.818807
    endloop
  endfacet
  facet normal -1.000000 0.000000 0.000000
    outer loop
      vertex -36.829998 14.188458 -1.818807
      vertex -36.829998 14.188458 0.430335
      vertex -36.829998 15.557502 4.266662
    endloop
  endfacet
  facet normal 0.000000 -1.000000 0.000000
    outer loop
      vertex -36.829998 15.557502 -1.818807
      vertex -36.829998 15.557502 4.266662
      vertex -38.099998 15.557502 4.266662
    endloop
  endfacet
  facet normal -1.000000 0.000000 0.000000
    outer loop
      vertex -36.829998 14.188458 0.430335
      vertex -36.829998 14.188458 2.009999
      vertex -36.829998 15.557502 4.266662
    endloop
  endfacet
  facet normal -1.000000 0.000000 0.000000
    outer loop
      vertex -38.099998 15.557502 -7.332587
      vertex -38.099998 15.557502 -4.225914
      vertex -38.099998 25.400000 12.699999
    endloop
  endfacet
  facet normal -1.000000 0.000000 0.000000
    outer loop
      vertex -38.099998 15.557502 -4.225914
      vertex -38.099998 15.557502 -2.691383
      vertex -38.099998 25.400000 12.699999
    endloop
  endfacet
  facet normal -1.000000 0.000000 0.000000
    outer loop
      vertex -38.099998 15.557502 -2.691383
      vertex -38.099998 15.557502 -1.818807
      vertex -38.099998 25.400000 12.699999
    endloop
  endfacet
  facet normal 0.000000 0.000000 -1.000000
    outer loop
      vertex -36.829998 15.557502 4.266662
      vertex -38.099998 14.188458 4.266662
      vertex -38.099998 15.557502 4.266662
    endloop
  endfacet
  facet normal 0.000000 0.000000 -1.000000
    outer loop
      vertex -36.829998 14.188458 4.266662
      vertex -38.099998 14.188458 4.266662
      vertex -36.829998 15.557502 4.266662
    endloop
  endfacet
  facet normal -1.000000 0.000000 0.000000
    outer loop
      vertex -36.829998 14.188458 2.009999
      vertex -36.829998 14.188458 4.266662
      vertex -36.829998 15.557502 4.266662
    endloop
  endfacet
  facet normal -1.000000 0.000000 0.000000
    outer loop
      vertex -38.099998 25.400000 12.699999
      vertex -38.099998 15.557502 -1.818807
      vertex -38.099998 15.557502 4.266662
    endloop
  endfacet
  facet normal -1.000000 0.000000 0.000000
    outer loop
      vertex -38.099998 0.000002 12.699999
      vertex -38.099998 25.400000 12.699999
      vertex -38.099998 14.188458 4.266662
    endloop
  endfacet
  facet normal -1.000000 0.000000 0.000000
    outer loop
      vertex -38.099998 25.400000 12.699999
      vertex -38.099998 15.557502 4.266662
      vertex -38.099998 14.188458 4.266662
    endloop
  endfacet
  facet normal 0.000000 0.000000 1.000000
    outer loop
      vertex -38.099998 0.000002 12.699999
      vertex -12.700000 25.400000 12.699999
      vertex -38.099998 25.400000 12.699999
    endloop
  endfacet
  facet normal 0.000000 1.000000 0.000000
    outer loop
      vertex -38.099998 25.400000 -38.099998
      vertex -38.099998 25.400000 12.699999
      vertex -12.700000 25.400000 12.699999
    endloop
  endfacet
  facet normal 0.000000 0.000000 1.000000
    outer loop
      vertex -38.099998 0.000002 12.699999
      vertex 38.099998 0.000002 12.699999
      vertex -12.700000 25.400000 12.699999
    endloop
  endfacet
  facet normal -1.000000 0.000000 0.000000
    outer loop
      vertex -12.700000 25.400000 -38.099998
      vertex -12.700000 25.400000 12.699999
      vertex -12.700000 50.799999 12.699999
    endloop
  endfacet
  facet normal -1.000000 0.000000 0.000000
    outer loop
      vertex -12.700000 25.400000 -38.099998
      vertex -12.700000 50.799999 12.699999
      vertex -12.700000 50.799999 -38.099998
    endloop
  endfacet
  facet normal 0.000000 1.000000 0.000000
    outer loop
      vertex -12.700000 50.799999 -38.099998
      vertex -12.700000 50.799999 12.699999
      vertex 12.700000 50.799999 12.699999
    endloop
  endfacet
  facet normal 0.000000 0.000000 1.000000
    outer loop
      vertex -12.700000 25.400000 12.699999
      vertex 12.700000 50.799999 12.699999
      vertex -12.700000 50.799999 12.699999
    endloop
  endfacet
  facet normal 0.000000 0.000000 -1.000000
    outer loop
      vertex -12.700000 25.400000 -38.099998
      vertex -12.700000 50.799999 -38.099998
      vertex 38.099998 0.000002 -38.099998
    endloop
  endfacet
  facet normal 0.000000 0.000000 -1.000000
    outer loop
      vertex -12.700000 50.799999 -38.099998
      vertex 12.700000 50.799999 -38.099998
      vertex 38.099998 0.000002 -38.099998
    endloop
  endfacet
  facet normal 1.000000 0.000000 0.000000
    outer loop
      vertex 38.099998 0.000002 -38.099998
      vertex 38.099998 76.199997 -38.099998
      vertex 38.099998 0.000002 12.699999
    endloop
  endfacet
  facet normal 0.000000 -1.000000 0.000000
    outer loop
      vertex -38.099998 0.000002 12.699999
      vertex 38.099998 0.000002 -38.099998
      vertex 38.099998 0.000002 12.699999
    endloop
  endfacet
  facet normal 0.000000 0.000000 1.000000
    outer loop
      vertex -12.700000 25.400000 12.699999
      vertex 38.099998 0.000002 12.699999
      vertex 12.700000 50.799999 12.699999
    endloop
  endfacet
  facet normal 0.000000 1.000000 0.000000
    outer loop
      vertex -12.700000 50.799999 -38.099998
      vertex 12.700000 50.799999 12.699999
      vertex 12.700000 50.799999 -38.099998
    endloop
  endfacet
  facet normal -1.000000 0.000000 0.000000
    outer loop
      vertex 12.700000 50.799999 -38.099998
      vertex 12.700000 76.199997 12.699999
      vertex 12.700000 76.199997 -38.099998
    endloop
  endfacet
  facet normal 0.000000 0.000000 -1.000000
    outer loop
      vertex 38.099998 0.000002 -38.099998
      vertex 12.700000 50.799999 -38.099998
      vertex 38.099998 76.199997 -38.099998
    endloop
  endfacet
  facet normal 0.000000 0.000000 -1.000000
    outer loop
      vertex 12.700000 50.799999 -38.099998
      vertex 12.700000 76.199997 -38.099998
      vertex 38.099998 76.199997 -38.099998
    endloop
  endfacet
  facet normal 0.000000 1.000000 0.000000
    outer loop
      vertex 12.700000 76.199997 -38.099998
      vertex 38.099998 76.199997 12.699999
      vertex 38.099998 76.199997 -38.099998
    endloop
  endfacet
  facet normal -1.000000 0.000000 0.000000
    outer loop
      vertex 12.700000 50.799999 -38.099998
      vertex 12.700000 50.799999 12.699999
      vertex 12.700000 76.199997 12.699999
    endloop
  endfacet
  facet normal 1.000000 0.000000 0.000000
    outer loop
      vertex 38.099998 0.000002 12.699999
      vertex 38.099998 76.199997 -38.099998
      vertex 38.099998 76.199997 12.699999
    endloop
  endfacet
  facet normal 0.000000 0.000000 1.000000
    outer loop
      vertex 38.099998 0.000002 12.699999
      vertex 12.700000 76.199997 12.699999
      vertex 12.700000 50.799999 12.699999
    endloop
  endfacet
  facet normal 0.000000 0.000000 1.000000
    outer loop
      vertex 38.099998 0.000002 12.699999
      vertex 38.099998 76.199997 12.699999
      vertex 12.700000 76.199997 12.699999
    endloop
  endfacet
  facet normal 0.000000 1.000000 0.000000
    outer loop
      vertex 12.700000 76.199997 -38.099998
      vertex 12.700000 76.199997 12.699999
      vertex 38.099998 76.199997 12.699999
    endloop
  endfacet
endsolid Group_6_
