solid Group_6_
  facet normal -1.000000 0.000000 0.000000
    outer loop
      vertex -38.099998 0.000002 -38.099998
      vertex -38.099998 12.700003 19.049999
      vertex -38.099998 25.400002 6.349998
    endloop
  endfacet
  facet normal -1.000000 0.000000 0.000000
    outer loop
      vertex -38.099998 0.000002 -38.099998
      vertex -38.099998 25.400002 6.349998
      vertex -38.099998 44.450001 6.349998
    endloop
  endfacet
  facet normal -1.000000 0.000000 0.000000
    outer loop
      vertex -38.099998 0.000002 -38.099998
      vertex -38.099998 44.450001 6.349998
      vertex -38.099998 44.450001 -19.050001
    endloop
  endfacet
  facet normal 0.000000 0.000000 -1.000000
    outer loop
      vertex -38.099998 0.000002 -38.099998
      vertex -38.099998 76.199997 -38.099998
      vertex 38.099998 0.000002 -38.099998
    endloop
  endfacet
  facet normal -1.000000 0.000000 0.000000
    outer loop
      vertex -38.099998 0.000002 -38.099998
      vertex -38.099998 0.000002 38.099998
      vertex -38.099998 12.700003 19.049999
    endloop
  endfacet
  facet normal -1.000000 0.000000 0.000000
    outer loop
      vertex -38.099998 0.000002 38.099998
      vertex -38.099998 12.700003 38.099998
      vertex -38.099998 12.700003 19.049999
    endloop
  endfacet
  facet normal 0.000000 0.000000 1.000000
    outer loop
      vertex -38.099998 0.000002 38.099998
      vertex -15.874998 10.795001 38.099998
      vertex -38.099998 12.700003 38.099998
    endloop
  endfacet
  facet normal 0.000000 0.000000 1.000000
    outer loop
      vertex -38.099998 0.000002 38.099998
      vertex -15.874998 3.175000 38.099998
      vertex -15.874998 10.795001 38.099998
    endloop
  endfacet
  facet normal -1.000000 0.000000 0.000000
    outer loop
      vertex -38.099998 12.700003 19.049999
      vertex -38.099998 25.400002 19.049999
      vertex -38.099998 25.400002 6.349998
    endloop
  endfacet
  facet normal 0.000000 -1.000000 0.000000
    outer loop
      vertex -38.099998 0.000002 -38.099998
      vertex 38.099998 0.000002 38.099998
      vertex -38.099998 0.000002 38.099998
    endloop
  endfacet
  facet normal 0.000000 1.000000 0.000000
    outer loop
      vertex -15.874998 3.175000 36.829998
      vertex -15.874998 3.175000 38.099998
      vertex -14.325423 3.175000 36.829998
    endloop
  endfacet
  facet normal 0.000000 1.000000 0.000000
    outer loop
      vertex -15.874998 3.175000 38.099998
      vertex -14.325423 3.175000 38.099998
      vertex -14.325423 3.175000 36.829998
    endloop
  endfacet
  facet normal -1.000000 0.000000 0.000000
    outer loop
      vertex -14.325423 3.175000 36.829998
      vertex -14.325423 3.175000 38.099998
      vertex -14.325423 6.417075 36.829998
    endloop
  endfacet
  facet normal 1.000000 0.000000 0.000000
    outer loop
      vertex -15.874998 3.175000 36.829998
      vertex -15.874998 10.795001 38.099998
      vertex -15.874998 3.175000 38.099998
    endloop
  endfacet
  facet normal 0.000000 0.000000 1.000000
    outer loop
      vertex -15.874998 3.175000 36.829998
      vertex -14.325423 3.175000 36.829998
      vertex -15.874998 10.795001 36.829998
    endloop
  endfacet
  facet normal -1.000000 0.000000 0.000000
    outer loop
      vertex -14.325423 3.175000 38.099998
      vertex -14.325423 6.417075 38.099998
      vertex -14.325423 6.417075 36.829998
    endloop
  endfacet
  facet normal 0.000000 0.000000 1.000000
    outer loop
      vertex -14.325423 3.175000 36.829998
      vertex -14.325423 6.417075 36.829998
      vertex -15.874998 10.795001 36.829998
    endloop
  endfacet
  facet normal 1.000000 0.000000 0.000000
    outer loop
      vertex -15.874998 3.175000 36.829998
      vertex -15.874998 10.795001 36.829998
      vertex -15.874998 10.795001 38.099998
    endloop
  endfacet
  facet normal 0.000000 0.000000 1.000000
    outer loop
      vertex -14.325423 6.417075 36.829998
      vertex -14.325423 7.733462 36.829998
      vertex -15.874998 10.795001 36.829998
    endloop
  endfacet
  facet normal -1.000000 0.000000 0.000000
    outer loop
      vertex -14.325423 7.733462 36.829998
      vertex -14.325423 7.733462 38.099998
      vertex -14.325423 9.471093 36.829998
    endloop
  endfacet
  facet normal 0.000000 0.000000 1.000000
    outer loop
      vertex -14.325423 7.733462 36.829998
      vertex -14.325423 9.471093 36.829998
      vertex -15.874998 10.795001 36.829998
    endloop
  endfacet
  facet normal -1.000000 0.000000 0.000000
    outer loop
      vertex -14.325423 7.733462 38.099998
      vertex -14.325423 9.471093 38.099998
      vertex -14.325423 9.471093 36.829998
    endloop
  endfacet
  facet normal 0.000000 0.000000 1.000000
    outer loop
      vertex -14.325423 3.175000 38.099998
      vertex -10.022718 3.175000 38.099998
      vertex -11.023172 6.417075 38.099998
    endloop
  endfacet
  facet normal 0.000000 0.000000 1.000000
    outer loop
      vertex -14.325423 3.175000 38.099998
      vertex -11.023172 6.417075 38.099998
      vertex -14.325423 6.417075 38.099998
    endloop
  endfacet
  facet normal 0.000000 1.000000 0.000000
    outer loop
      vertex -14.325423 6.417075 36.829998
      vertex -14.325423 6.417075 38.099998
      vertex -11.023172 6.417075 36.829998
    endloop
  endfacet
  facet normal 0.000000 0.000000 1.000000
    outer loop
      vertex -14.325423 6.417075 36.829998
      vertex -11.023172 6.417075 36.829998
      vertex -11.023172 7.733462 36.829998
    endloop
  endfacet
  facet normal 0.000000 1.000000 0.000000
    outer loop
      vertex -14.325423 6.417075 38.099998
      vertex -11.023172 6.417075 38.099998
      vertex -11.023172 6.417075 36.829998
    endloop
  endfacet
  facet normal 0.000000 0.000000 1.000000
    outer loop
      vertex -14.325423 6.417075 36.829998
      vertex -11.023172 7.733462 36.829998
      vertex -14.325423 7.733462 36.829998
    endloop
  endfacet
  facet normal 0.000000 -1.000000 0.000000
    outer loop
      vertex -14.325423 7.733462 36.829998
      vertex -11.023172 7.733462 38.099998
      vertex -14.325423 7.733462 38.099998
    endloop
  endfacet
  facet normal 0.000000 0.000000 1.000000
    outer loop
      vertex -14.325423 7.733462 38.099998
      vertex -11.023172 7.733462 38.099998
      vertex -14.325423 9.471093 38.099998
    endloop
  endfacet
  facet normal 0.000000 -1.000000 0.000000
    outer loop
      vertex -14.325423 7.733462 36.829998
      vertex -11.023172 7.733462 36.829998
      vertex -11.023172 7.733462 38.099998
    endloop
  endfacet
  facet normal 0.000000 1.000000 0.000000
    outer loop
      vertex -14.325423 9.471093 36.829998
      vertex -14.325423 9.471093 38.099998
      vertex -10.564318 9.471093 36.829998
    endloop
  endfacet
  facet normal -1.000000 0.000000 0.000000
    outer loop
      vertex -11.023172 6.417075 36.829998
      vertex -11.023172 6.417075 38.099998
      vertex -11.023172 7.733462 36.829998
    endloop
  endfacet
  facet normal 1.000000 0.000000 0.000000
    outer loop
      vertex -10.022718 3.175000 36.829998
      vertex -10.022718 9.365686 38.099998
      vertex -10.022718 3.175000 38.099998
    endloop
  endfacet
  facet normal 0.000000 0.000000 1.000000
    outer loop
      vertex -10.022718 3.175000 38.099998
      vertex -10.022718 9.365686 38.099998
      vertex -11.023172 6.417075 38.099998
    endloop
  endfacet
  facet normal -1.000000 0.000000 0.000000
    outer loop
      vertex -11.023172 6.417075 38.099998
      vertex -11.023172 7.733462 38.099998
      vertex -11.023172 7.733462 36.829998
    endloop
  endfacet
  facet normal 0.000000 0.000000 1.000000
    outer loop
      vertex -14.325423 9.471093 38.099998
      vertex -11.023172 7.733462 38.099998
      vertex -10.022718 9.365686 38.099998
    endloop
  endfacet
  facet normal 0.000000 1.000000 0.000000
    outer loop
      vertex -14.325423 9.471093 38.099998
      vertex -10.564318 9.471093 38.099998
      vertex -10.564318 9.471093 36.829998
    endloop
  endfacet
  facet normal 0.000000 0.000000 1.000000
    outer loop
      vertex -14.325423 9.471093 38.099998
      vertex -10.022718 9.365686 38.099998
      vertex -10.564318 9.471093 38.099998
    endloop
  endfacet
  facet normal 0.000000 0.000000 1.000000
    outer loop
      vertex -11.023172 6.417075 38.099998
      vertex -10.022718 9.365686 38.099998
      vertex -11.023172 7.733462 38.099998
    endloop
  endfacet
  facet normal 1.000000 0.000000 0.000000
    outer loop
      vertex -10.022718 3.175000 36.829998
      vertex -10.022718 10.795001 36.829998
      vertex -10.022718 10.795001 38.099998
    endloop
  endfacet
  facet normal 1.000000 0.000000 0.000000
    outer loop
      vertex -10.022718 3.175000 36.829998
      vertex -10.022718 10.795001 38.099998
      vertex -10.022718 9.365686 38.099998
    endloop
  endfacet
  facet normal 0.000000 0.000000 1.000000
    outer loop
      vertex -38.099998 12.700003 19.049999
      vertex 38.099998 12.700003 19.049999
      vertex -38.099998 25.400002 19.049999
    endloop
  endfacet
  facet normal 0.000000 1.000000 0.000000
    outer loop
      vertex -38.099998 12.700003 19.049999
      vertex -38.099998 12.700003 38.099998
      vertex 38.099998 12.700003 38.099998
    endloop
  endfacet
  facet normal 0.000000 0.000000 1.000000
    outer loop
      vertex -14.325423 9.471093 36.829998
      vertex -10.564318 10.795001 36.829998
      vertex -15.874998 10.795001 36.829998
    endloop
  endfacet
  facet normal 0.000000 -1.000000 0.000000
    outer loop
      vertex -15.874998 10.795001 36.829998
      vertex -10.564318 10.795001 38.099998
      vertex -15.874998 10.795001 38.099998
    endloop
  endfacet
  facet normal 0.000000 -1.000000 0.000000
    outer loop
      vertex -15.874998 10.795001 36.829998
      vertex -10.564318 10.795001 36.829998
      vertex -10.564318 10.795001 38.099998
    endloop
  endfacet
  facet normal 0.000000 0.000000 1.000000
    outer loop
      vertex -14.325423 9.471093 36.829998
      vertex -10.564318 9.471093 36.829998
      vertex -10.564318 10.795001 36.829998
    endloop
  endfacet
  facet normal -1.000000 0.000000 0.000000
    outer loop
      vertex -10.564318 9.471093 36.829998
      vertex -10.564318 9.471093 38.099998
      vertex -10.564318 10.795001 36.829998
    endloop
  endfacet
  facet normal 0.000000 0.000000 1.000000
    outer loop
      vertex -10.564318 9.471093 38.099998
      vertex -10.022718 9.365686 38.099998
      vertex -10.022718 10.795001 38.099998
    endloop
  endfacet
  facet normal -1.000000 0.000000 0.000000
    outer loop
      vertex -10.564318 9.471093 38.099998
      vertex -10.564318 10.795001 38.099998
      vertex -10.564318 10.795001 36.829998
    endloop
  endfacet
  facet normal 0.000000 0.000000 1.000000
    outer loop
      vertex -10.564318 9.471093 38.099998
      vertex -10.022718 10.795001 38.099998
      vertex -10.564318 10.795001 38.099998
    endloop
  endfacet
  facet normal 0.000000 1.000000 0.000000
    outer loop
      vertex -10.022718 3.175000 36.829998
      vertex -10.022718 3.175000 38.099998
      vertex -8.458098 3.175000 36.829998
    endloop
  endfacet
  facet normal 0.000000 1.000000 0.000000
    outer loop
      vertex -10.022718 3.175000 38.099998
      vertex -8.458098 3.175000 38.099998
      vertex -8.458098 3.175000 36.829998
    endloop
  endfacet
  facet normal 0.000000 0.000000 1.000000
    outer loop
      vertex -10.022718 3.175000 36.829998
      vertex -8.458098 3.175000 36.829998
      vertex -8.458098 6.131230 36.829998
    endloop
  endfacet
  facet normal -1.000000 0.000000 0.000000
    outer loop
      vertex -8.458098 3.175000 36.829998
      vertex -8.458098 3.175000 38.099998
      vertex -8.458098 6.131230 36.829998
    endloop
  endfacet
  facet normal 0.000000 0.000000 1.000000
    outer loop
      vertex -38.099998 0.000002 38.099998
      vertex 38.099998 0.000002 38.099998
      vertex -15.874998 3.175000 38.099998
    endloop
  endfacet
  facet normal 0.000000 0.000000 1.000000
    outer loop
      vertex -8.458098 3.175000 38.099998
      vertex -5.449214 3.175000 38.099998
      vertex -5.615747 3.661649 38.099998
    endloop
  endfacet
  facet normal 0.000000 0.000000 1.000000
    outer loop
      vertex -8.458098 3.175000 38.099998
      vertex -5.615747 3.661649 38.099998
      vertex -5.651947 4.186791 38.099998
    endloop
  endfacet
  facet normal 0.000000 0.000000 1.000000
    outer loop
      vertex -8.458098 3.175000 38.099998
      vertex -5.651947 4.186791 38.099998
      vertex -5.652313 4.702012 38.099998
    endloop
  endfacet
  facet normal 0.000000 0.000000 1.000000
    outer loop
      vertex -8.458098 3.175000 38.099998
      vertex -5.652313 4.702012 38.099998
      vertex -5.675716 5.205163 38.099998
    endloop
  endfacet
  facet normal 0.000000 0.000000 1.000000
    outer loop
      vertex -8.458098 3.175000 38.099998
      vertex -5.675716 5.205163 38.099998
      vertex -5.829294 5.718553 38.099998
    endloop
  endfacet
  facet normal 0.000000 0.000000 1.000000
    outer loop
      vertex -5.449214 3.175000 36.829998
      vertex -4.012158 3.848134 36.829998
      vertex -5.615747 3.661649 36.829998
    endloop
  endfacet
  facet normal 0.946135 0.323772 0.000000
    outer loop
      vertex -5.449214 3.175000 36.829998
      vertex -5.615747 3.661649 36.829998
      vertex -5.615747 3.661649 38.099998
    endloop
  endfacet
  facet normal 0.946135 0.323772 0.000000
    outer loop
      vertex -5.449214 3.175000 36.829998
      vertex -5.615747 3.661649 38.099998
      vertex -5.449214 3.175000 38.099998
    endloop
  endfacet
  facet normal 0.000000 1.000000 0.000000
    outer loop
      vertex -5.449214 3.175000 36.829998
      vertex -5.449214 3.175000 38.099998
      vertex -3.734149 3.175000 36.829998
    endloop
  endfacet
  facet normal 0.000000 0.000000 1.000000
    outer loop
      vertex -5.615747 3.661649 36.829998
      vertex -5.652313 4.702012 36.829998
      vertex -5.651947 4.186791 36.829998
    endloop
  endfacet
  facet normal 0.000000 0.000000 1.000000
    outer loop
      vertex -5.615747 3.661649 36.829998
      vertex -4.012158 3.848134 36.829998
      vertex -5.652313 4.702012 36.829998
    endloop
  endfacet
  facet normal 0.000000 0.000000 1.000000
    outer loop
      vertex -5.652313 4.702012 36.829998
      vertex -4.012158 3.848134 36.829998
      vertex -5.675716 5.205163 36.829998
    endloop
  endfacet
  facet normal 0.997632 0.068771 0.000000
    outer loop
      vertex -5.615747 3.661649 36.829998
      vertex -5.651947 4.186791 36.829998
      vertex -5.651947 4.186791 38.099998
    endloop
  endfacet
  facet normal 0.997632 0.068771 0.000000
    outer loop
      vertex -5.615747 3.661649 36.829998
      vertex -5.651947 4.186791 38.099998
      vertex -5.615747 3.661649 38.099998
    endloop
  endfacet
  facet normal 1.000000 0.000710 0.000000
    outer loop
      vertex -5.651947 4.186791 36.829998
      vertex -5.652313 4.702012 36.829998
      vertex -5.652313 4.702012 38.099998
    endloop
  endfacet
  facet normal 1.000000 0.000710 0.000000
    outer loop
      vertex -5.651947 4.186791 36.829998
      vertex -5.652313 4.702012 38.099998
      vertex -5.651947 4.186791 38.099998
    endloop
  endfacet
  facet normal 0.000000 0.000000 1.000000
    outer loop
      vertex -10.022718 3.175000 36.829998
      vertex -8.458098 6.131230 36.829998
      vertex -8.458098 7.477706 36.829998
    endloop
  endfacet
  facet normal -1.000000 0.000000 0.000000
    outer loop
      vertex -8.458098 3.175000 38.099998
      vertex -8.458098 6.131230 38.099998
      vertex -8.458098 6.131230 36.829998
    endloop
  endfacet
  facet normal 0.000000 0.000000 1.000000
    outer loop
      vertex -8.458098 3.175000 38.099998
      vertex -6.803212 6.131230 38.099998
      vertex -8.458098 6.131230 38.099998
    endloop
  endfacet
  facet normal 0.000000 0.000000 1.000000
    outer loop
      vertex -8.458098 3.175000 38.099998
      vertex -6.229643 6.040963 38.099998
      vertex -6.803212 6.131230 38.099998
    endloop
  endfacet
  facet normal 0.000000 0.000000 1.000000
    outer loop
      vertex -8.458098 6.131230 36.829998
      vertex -6.444614 7.486169 36.829998
      vertex -8.458098 7.477706 36.829998
    endloop
  endfacet
  facet normal 0.000000 1.000000 0.000000
    outer loop
      vertex -8.458098 6.131230 36.829998
      vertex -8.458098 6.131230 38.099998
      vertex -6.803212 6.131230 36.829998
    endloop
  endfacet
  facet normal 0.000000 1.000000 0.000000
    outer loop
      vertex -8.458098 6.131230 38.099998
      vertex -6.803212 6.131230 38.099998
      vertex -6.803212 6.131230 36.829998
    endloop
  endfacet
  facet normal 0.000000 0.000000 1.000000
    outer loop
      vertex -10.022718 3.175000 36.829998
      vertex -8.458098 7.477706 36.829998
      vertex -10.022718 10.795001 36.829998
    endloop
  endfacet
  facet normal -1.000000 0.000000 0.000000
    outer loop
      vertex -8.458098 7.477706 36.829998
      vertex -8.458098 7.477706 38.099998
      vertex -8.458098 9.478614 36.829998
    endloop
  endfacet
  facet normal 0.000000 0.000000 1.000000
    outer loop
      vertex -10.022718 10.795001 36.829998
      vertex -8.458098 7.477706 36.829998
      vertex -8.458098 9.478614 36.829998
    endloop
  endfacet
  facet normal -1.000000 0.000000 0.000000
    outer loop
      vertex -8.458098 7.477706 38.099998
      vertex -8.458098 9.478614 38.099998
      vertex -8.458098 9.478614 36.829998
    endloop
  endfacet
  facet normal 0.004203 -0.999991 0.000000
    outer loop
      vertex -8.458098 7.477706 36.829998
      vertex -6.444614 7.486169 38.099998
      vertex -8.458098 7.477706 38.099998
    endloop
  endfacet
  facet normal 0.000000 0.000000 1.000000
    outer loop
      vertex -8.458098 7.477706 38.099998
      vertex -6.375033 9.468829 38.099998
      vertex -8.458098 9.478614 38.099998
    endloop
  endfacet
  facet normal 0.004697 0.999989 0.000000
    outer loop
      vertex -8.458098 9.478614 36.829998
      vertex -8.458098 9.478614 38.099998
      vertex -6.375033 9.468829 36.829998
    endloop
  endfacet
  facet normal 0.000000 0.000000 1.000000
    outer loop
      vertex -8.458098 3.175000 38.099998
      vertex -5.829294 5.718553 38.099998
      vertex -6.229643 6.040963 38.099998
    endloop
  endfacet
  facet normal 0.627220 0.778842 0.000000
    outer loop
      vertex -6.229643 6.040963 36.829998
      vertex -6.229643 6.040963 38.099998
      vertex -5.829294 5.718553 36.829998
    endloop
  endfacet
  facet normal 0.627220 0.778842 0.000000
    outer loop
      vertex -6.229643 6.040963 38.099998
      vertex -5.829294 5.718553 38.099998
      vertex -5.829294 5.718553 36.829998
    endloop
  endfacet
  facet normal 0.000000 0.000000 1.000000
    outer loop
      vertex -8.458098 6.131230 36.829998
      vertex -6.803212 6.131230 36.829998
      vertex -4.849526 6.902467 36.829998
    endloop
  endfacet
  facet normal 0.000000 0.000000 1.000000
    outer loop
      vertex -8.458098 6.131230 36.829998
      vertex -6.259171 7.515422 36.829998
      vertex -6.444614 7.486169 36.829998
    endloop
  endfacet
  facet normal 0.000000 0.000000 1.000000
    outer loop
      vertex -8.458098 6.131230 36.829998
      vertex -6.103437 7.559615 36.829998
      vertex -6.259171 7.515422 36.829998
    endloop
  endfacet
  facet normal 0.000000 0.000000 1.000000
    outer loop
      vertex -8.458098 6.131230 36.829998
      vertex -5.958282 7.620732 36.829998
      vertex -6.103437 7.559615 36.829998
    endloop
  endfacet
  facet normal 0.000000 0.000000 1.000000
    outer loop
      vertex -6.803212 6.131230 36.829998
      vertex -6.229643 6.040963 36.829998
      vertex -4.849526 6.902467 36.829998
    endloop
  endfacet
  facet normal 0.000000 0.000000 1.000000
    outer loop
      vertex -8.458098 6.131230 36.829998
      vertex -4.849526 6.902467 36.829998
      vertex -5.958282 7.620732 36.829998
    endloop
  endfacet
  facet normal 0.155465 0.987841 0.000000
    outer loop
      vertex -6.803212 6.131230 36.829998
      vertex -6.803212 6.131230 38.099998
      vertex -6.229643 6.040963 36.829998
    endloop
  endfacet
  facet normal 0.155465 0.987841 0.000000
    outer loop
      vertex -6.229643 6.040963 36.829998
      vertex -6.803212 6.131230 38.099998
      vertex -6.229643 6.040963 38.099998
    endloop
  endfacet
  facet normal 0.000000 0.000000 1.000000
    outer loop
      vertex -5.675716 5.205163 36.829998
      vertex -4.012158 3.848134 36.829998
      vertex -5.829294 5.718553 36.829998
    endloop
  endfacet
  facet normal 0.000000 0.000000 1.000000
    outer loop
      vertex -5.829294 5.718553 36.829998
      vertex -4.012158 3.848134 36.829998
      vertex -4.849526 6.902467 36.829998
    endloop
  endfacet
  facet normal 0.998920 0.046462 0.000000
    outer loop
      vertex -5.652313 4.702012 36.829998
      vertex -5.675716 5.205163 36.829998
      vertex -5.675716 5.205163 38.099998
    endloop
  endfacet
  facet normal 0.998920 0.046462 0.000000
    outer loop
      vertex -5.652313 4.702012 36.829998
      vertex -5.675716 5.205163 38.099998
      vertex -5.652313 4.702012 38.099998
    endloop
  endfacet
  facet normal 0.958051 0.286597 0.000000
    outer loop
      vertex -5.675716 5.205163 36.829998
      vertex -5.829294 5.718553 36.829998
      vertex -5.829294 5.718553 38.099998
    endloop
  endfacet
  facet normal 0.958051 0.286597 0.000000
    outer loop
      vertex -5.675716 5.205163 36.829998
      vertex -5.829294 5.718553 38.099998
      vertex -5.675716 5.205163 38.099998
    endloop
  endfacet
  facet normal 0.000000 0.000000 1.000000
    outer loop
      vertex -6.229643 6.040963 36.829998
      vertex -5.829294 5.718553 36.829998
      vertex -4.849526 6.902467 36.829998
    endloop
  endfacet
  facet normal 0.004203 -0.999991 0.000000
    outer loop
      vertex -8.458098 7.477706 36.829998
      vertex -6.444614 7.486169 36.829998
      vertex -6.444614 7.486169 38.099998
    endloop
  endfacet
  facet normal 0.000000 0.000000 1.000000
    outer loop
      vertex -8.458098 7.477706 38.099998
      vertex -6.444614 7.486169 38.099998
      vertex -6.259171 7.515422 38.099998
    endloop
  endfacet
  facet normal 0.000000 0.000000 1.000000
    outer loop
      vertex -8.458098 7.477706 38.099998
      vertex -6.259171 7.515422 38.099998
      vertex -6.103437 7.559615 38.099998
    endloop
  endfacet
  facet normal 0.000000 0.000000 1.000000
    outer loop
      vertex -8.458098 7.477706 38.099998
      vertex -6.103437 7.559615 38.099998
      vertex -5.958282 7.620732 38.099998
    endloop
  endfacet
  facet normal 0.000000 0.000000 1.000000
    outer loop
      vertex -8.458098 7.477706 38.099998
      vertex -5.958282 7.620732 38.099998
      vertex -5.912248 7.644866 38.099998
    endloop
  endfacet
  facet normal 0.000000 0.000000 1.000000
    outer loop
      vertex -8.458098 7.477706 38.099998
      vertex -5.912248 7.644866 38.099998
      vertex -5.680313 7.814534 38.099998
    endloop
  endfacet
  facet normal 0.000000 0.000000 1.000000
    outer loop
      vertex -8.458098 7.477706 38.099998
      vertex -5.680313 7.814534 38.099998
      vertex -5.596896 7.908237 38.099998
    endloop
  endfacet
  facet normal 0.155819 -0.987786 0.000000
    outer loop
      vertex -6.444614 7.486169 36.829998
      vertex -6.259171 7.515422 36.829998
      vertex -6.259171 7.515422 38.099998
    endloop
  endfacet
  facet normal 0.272996 -0.962015 0.000000
    outer loop
      vertex -6.259171 7.515422 36.829998
      vertex -6.103437 7.559615 36.829998
      vertex -6.103437 7.559615 38.099998
    endloop
  endfacet
  facet normal 0.388053 -0.921637 0.000000
    outer loop
      vertex -6.103437 7.559615 36.829998
      vertex -5.958282 7.620732 36.829998
      vertex -5.958282 7.620732 38.099998
    endloop
  endfacet
  facet normal 0.155819 -0.987786 0.000000
    outer loop
      vertex -6.444614 7.486169 36.829998
      vertex -6.259171 7.515422 38.099998
      vertex -6.444614 7.486169 38.099998
    endloop
  endfacet
  facet normal 0.272996 -0.962015 0.000000
    outer loop
      vertex -6.259171 7.515422 36.829998
      vertex -6.103437 7.559615 38.099998
      vertex -6.259171 7.515422 38.099998
    endloop
  endfacet
  facet normal 0.388053 -0.921637 0.000000
    outer loop
      vertex -6.103437 7.559615 36.829998
      vertex -5.958282 7.620732 38.099998
      vertex -6.103437 7.559615 38.099998
    endloop
  endfacet
  facet normal 0.000000 0.000000 1.000000
    outer loop
      vertex -8.458098 7.477706 38.099998
      vertex -5.596896 7.908237 38.099998
      vertex -5.529477 8.010896 38.099998
    endloop
  endfacet
  facet normal 0.000000 0.000000 1.000000
    outer loop
      vertex -8.458098 7.477706 38.099998
      vertex -5.529477 8.010896 38.099998
      vertex -5.505480 8.057635 38.099998
    endloop
  endfacet
  facet normal 0.000000 0.000000 1.000000
    outer loop
      vertex -8.458098 7.477706 38.099998
      vertex -5.505480 8.057635 38.099998
      vertex -5.460915 8.173093 38.099998
    endloop
  endfacet
  facet normal 0.000000 0.000000 1.000000
    outer loop
      vertex -8.458098 7.477706 38.099998
      vertex -5.460915 8.173093 38.099998
      vertex -5.429573 8.316014 38.099998
    endloop
  endfacet
  facet normal 0.000000 0.000000 1.000000
    outer loop
      vertex -8.458098 7.477706 38.099998
      vertex -5.429573 8.316014 38.099998
      vertex -5.426164 8.600472 38.099998
    endloop
  endfacet
  facet normal 0.000000 0.000000 1.000000
    outer loop
      vertex -8.458098 7.477706 38.099998
      vertex -5.426164 8.600472 38.099998
      vertex -5.451447 8.739058 38.099998
    endloop
  endfacet
  facet normal 0.000000 0.000000 1.000000
    outer loop
      vertex -8.458098 7.477706 38.099998
      vertex -6.213188 9.439475 38.099998
      vertex -6.375033 9.468829 38.099998
    endloop
  endfacet
  facet normal 0.000000 0.000000 1.000000
    outer loop
      vertex -8.458098 7.477706 38.099998
      vertex -6.061921 9.390552 38.099998
      vertex -6.213188 9.439475 38.099998
    endloop
  endfacet
  facet normal 0.000000 0.000000 1.000000
    outer loop
      vertex -8.458098 7.477706 38.099998
      vertex -5.648970 9.104802 38.099998
      vertex -5.876687 9.294879 38.099998
    endloop
  endfacet
  facet normal 0.000000 0.000000 1.000000
    outer loop
      vertex -8.458098 7.477706 38.099998
      vertex -5.566226 8.998864 38.099998
      vertex -5.648970 9.104802 38.099998
    endloop
  endfacet
  facet normal 0.000000 0.000000 1.000000
    outer loop
      vertex -8.458098 7.477706 38.099998
      vertex -5.921232 9.322059 38.099998
      vertex -6.061921 9.390552 38.099998
    endloop
  endfacet
  facet normal 0.000000 0.000000 1.000000
    outer loop
      vertex -8.458098 7.477706 38.099998
      vertex -5.876687 9.294879 38.099998
      vertex -5.921232 9.322059 38.099998
    endloop
  endfacet
  facet normal 0.004697 0.999989 0.000000
    outer loop
      vertex -6.375033 9.468829 36.829998
      vertex -8.458098 9.478614 38.099998
      vertex -6.375033 9.468829 38.099998
    endloop
  endfacet
  facet normal 0.000000 0.000000 1.000000
    outer loop
      vertex -8.458098 7.477706 38.099998
      vertex -5.495118 8.867196 38.099998
      vertex -5.557176 8.984887 38.099998
    endloop
  endfacet
  facet normal 0.000000 0.000000 1.000000
    outer loop
      vertex -8.458098 7.477706 38.099998
      vertex -5.451447 8.739058 38.099998
      vertex -5.495118 8.867196 38.099998
    endloop
  endfacet
  facet normal 0.000000 0.000000 1.000000
    outer loop
      vertex -8.458098 7.477706 38.099998
      vertex -5.557176 8.984887 38.099998
      vertex -5.566226 8.998864 38.099998
    endloop
  endfacet
  facet normal 0.178460 0.983947 0.000000
    outer loop
      vertex -6.375033 9.468829 36.829998
      vertex -6.375033 9.468829 38.099998
      vertex -6.213188 9.439475 36.829998
    endloop
  endfacet
  facet normal 0.307730 0.951474 0.000000
    outer loop
      vertex -6.213188 9.439475 36.829998
      vertex -6.213188 9.439475 38.099998
      vertex -6.061921 9.390552 36.829998
    endloop
  endfacet
  facet normal 0.437722 0.899110 0.000000
    outer loop
      vertex -6.061921 9.390552 36.829998
      vertex -6.061921 9.390552 38.099998
      vertex -5.921232 9.322059 36.829998
    endloop
  endfacet
  facet normal 0.178460 0.983947 0.000000
    outer loop
      vertex -6.213188 9.439475 36.829998
      vertex -6.375033 9.468829 38.099998
      vertex -6.213188 9.439475 38.099998
    endloop
  endfacet
  facet normal 0.307730 0.951474 0.000000
    outer loop
      vertex -6.061921 9.390552 36.829998
      vertex -6.213188 9.439475 38.099998
      vertex -6.061921 9.390552 38.099998
    endloop
  endfacet
  facet normal 0.437722 0.899110 0.000000
    outer loop
      vertex -5.921232 9.322059 36.829998
      vertex -6.061921 9.390552 38.099998
      vertex -5.921232 9.322059 38.099998
    endloop
  endfacet
  facet normal 0.000000 0.000000 1.000000
    outer loop
      vertex -4.849526 6.902467 36.829998
      vertex -5.912248 7.644866 36.829998
      vertex -5.958282 7.620732 36.829998
    endloop
  endfacet
  facet normal 0.000000 0.000000 1.000000
    outer loop
      vertex -4.849526 6.902467 36.829998
      vertex -5.680313 7.814534 36.829998
      vertex -5.912248 7.644866 36.829998
    endloop
  endfacet
  facet normal 0.000000 0.000000 1.000000
    outer loop
      vertex -4.849526 6.902467 36.829998
      vertex -5.596896 7.908237 36.829998
      vertex -5.680313 7.814534 36.829998
    endloop
  endfacet
  facet normal 0.000000 0.000000 1.000000
    outer loop
      vertex -4.849526 6.902467 36.829998
      vertex -5.529477 8.010896 36.829998
      vertex -5.596896 7.908237 36.829998
    endloop
  endfacet
  facet normal 0.000000 0.000000 1.000000
    outer loop
      vertex -4.849526 6.902467 36.829998
      vertex -5.505480 8.057635 36.829998
      vertex -5.529477 8.010896 36.829998
    endloop
  endfacet
  facet normal 0.000000 0.000000 1.000000
    outer loop
      vertex -4.849526 6.902467 36.829998
      vertex -5.460915 8.173093 36.829998
      vertex -5.505480 8.057635 36.829998
    endloop
  endfacet
  facet normal 0.000000 0.000000 1.000000
    outer loop
      vertex -4.849526 6.902467 36.829998
      vertex -5.429573 8.316014 36.829998
      vertex -5.460915 8.173093 36.829998
    endloop
  endfacet
  facet normal 0.000000 0.000000 1.000000
    outer loop
      vertex -4.849526 6.902467 36.829998
      vertex -5.426164 8.600472 36.829998
      vertex -5.429573 8.316014 36.829998
    endloop
  endfacet
  facet normal 0.000000 0.000000 1.000000
    outer loop
      vertex -4.849526 6.902467 36.829998
      vertex -5.451447 8.739058 36.829998
      vertex -5.426164 8.600472 36.829998
    endloop
  endfacet
  facet normal 0.464316 -0.885670 0.000000
    outer loop
      vertex -5.958282 7.620732 36.829998
      vertex -5.912248 7.644866 36.829998
      vertex -5.912248 7.644866 38.099998
    endloop
  endfacet
  facet normal 0.464316 -0.885670 0.000000
    outer loop
      vertex -5.958282 7.620732 36.829998
      vertex -5.912248 7.644866 38.099998
      vertex -5.958282 7.620732 38.099998
    endloop
  endfacet
  facet normal 0.590419 -0.807097 0.000000
    outer loop
      vertex -5.912248 7.644866 36.829998
      vertex -5.680313 7.814534 38.099998
      vertex -5.912248 7.644866 38.099998
    endloop
  endfacet
  facet normal 0.590419 -0.807097 0.000000
    outer loop
      vertex -5.912248 7.644866 36.829998
      vertex -5.680313 7.814534 36.829998
      vertex -5.680313 7.814534 38.099998
    endloop
  endfacet
  facet normal 0.746910 -0.664925 0.000000
    outer loop
      vertex -5.680313 7.814534 36.829998
      vertex -5.596896 7.908237 36.829998
      vertex -5.596896 7.908237 38.099998
    endloop
  endfacet
  facet normal 0.835865 -0.548935 0.000000
    outer loop
      vertex -5.596896 7.908237 36.829998
      vertex -5.529477 8.010896 36.829998
      vertex -5.529477 8.010896 38.099998
    endloop
  endfacet
  facet normal 0.889606 -0.456729 0.000000
    outer loop
      vertex -5.529477 8.010896 36.829998
      vertex -5.505480 8.057635 36.829998
      vertex -5.505480 8.057635 38.099998
    endloop
  endfacet
  facet normal 0.932916 -0.360094 0.000000
    outer loop
      vertex -5.505480 8.057635 36.829998
      vertex -5.460915 8.173093 36.829998
      vertex -5.460915 8.173093 38.099998
    endloop
  endfacet
  facet normal 0.976788 -0.214208 0.000000
    outer loop
      vertex -5.460915 8.173093 36.829998
      vertex -5.429573 8.316014 36.829998
      vertex -5.429573 8.316014 38.099998
    endloop
  endfacet
  facet normal 0.746910 -0.664925 0.000000
    outer loop
      vertex -5.680313 7.814534 36.829998
      vertex -5.596896 7.908237 38.099998
      vertex -5.680313 7.814534 38.099998
    endloop
  endfacet
  facet normal 0.835865 -0.548935 0.000000
    outer loop
      vertex -5.596896 7.908237 36.829998
      vertex -5.529477 8.010896 38.099998
      vertex -5.596896 7.908237 38.099998
    endloop
  endfacet
  facet normal 0.889606 -0.456729 0.000000
    outer loop
      vertex -5.529477 8.010896 36.829998
      vertex -5.505480 8.057635 38.099998
      vertex -5.529477 8.010896 38.099998
    endloop
  endfacet
  facet normal 0.932916 -0.360094 0.000000
    outer loop
      vertex -5.505480 8.057635 36.829998
      vertex -5.460915 8.173093 38.099998
      vertex -5.505480 8.057635 38.099998
    endloop
  endfacet
  facet normal 0.976788 -0.214208 0.000000
    outer loop
      vertex -5.460915 8.173093 36.829998
      vertex -5.429573 8.316014 38.099998
      vertex -5.460915 8.173093 38.099998
    endloop
  endfacet
  facet normal 0.000000 0.000000 1.000000
    outer loop
      vertex -5.451447 8.739058 36.829998
      vertex -5.234883 10.618386 36.829998
      vertex -5.495118 8.867196 36.829998
    endloop
  endfacet
  facet normal 0.000000 0.000000 1.000000
    outer loop
      vertex -5.557176 8.984887 36.829998
      vertex -5.495118 8.867196 36.829998
      vertex -5.234883 10.618386 36.829998
    endloop
  endfacet
  facet normal 0.000000 0.000000 1.000000
    outer loop
      vertex -4.849526 6.902467 36.829998
      vertex -5.234883 10.618386 36.829998
      vertex -5.451447 8.739058 36.829998
    endloop
  endfacet
  facet normal 0.999928 -0.011983 0.000000
    outer loop
      vertex -5.426164 8.600472 36.829998
      vertex -5.426164 8.600472 38.099998
      vertex -5.429573 8.316014 36.829998
    endloop
  endfacet
  facet normal 0.983762 0.179475 0.000000
    outer loop
      vertex -5.426164 8.600472 36.829998
      vertex -5.451447 8.739058 36.829998
      vertex -5.451447 8.739058 38.099998
    endloop
  endfacet
  facet normal 0.946539 0.322590 0.000000
    outer loop
      vertex -5.451447 8.739058 36.829998
      vertex -5.495118 8.867196 36.829998
      vertex -5.495118 8.867196 38.099998
    endloop
  endfacet
  facet normal 0.999928 -0.011983 0.000000
    outer loop
      vertex -5.429573 8.316014 36.829998
      vertex -5.426164 8.600472 38.099998
      vertex -5.429573 8.316014 38.099998
    endloop
  endfacet
  facet normal 0.884561 0.466425 0.000000
    outer loop
      vertex -5.495118 8.867196 36.829998
      vertex -5.557176 8.984887 38.099998
      vertex -5.495118 8.867196 38.099998
    endloop
  endfacet
  facet normal 0.983762 0.179475 0.000000
    outer loop
      vertex -5.426164 8.600472 36.829998
      vertex -5.451447 8.739058 38.099998
      vertex -5.426164 8.600472 38.099998
    endloop
  endfacet
  facet normal 0.946539 0.322590 0.000000
    outer loop
      vertex -5.451447 8.739058 36.829998
      vertex -5.495118 8.867196 38.099998
      vertex -5.451447 8.739058 38.099998
    endloop
  endfacet
  facet normal 0.520859 0.853643 0.000000
    outer loop
      vertex -5.921232 9.322059 36.829998
      vertex -5.921232 9.322059 38.099998
      vertex -5.876687 9.294879 36.829998
    endloop
  endfacet
  facet normal 0.640806 0.767703 0.000000
    outer loop
      vertex -5.876687 9.294879 36.829998
      vertex -5.876687 9.294879 38.099998
      vertex -5.648970 9.104802 36.829998
    endloop
  endfacet
  facet normal 0.788096 0.615552 0.000000
    outer loop
      vertex -5.566226 8.998864 36.829998
      vertex -5.648970 9.104802 36.829998
      vertex -5.648970 9.104802 38.099998
    endloop
  endfacet
  facet normal 0.884561 0.466425 0.000000
    outer loop
      vertex -5.557176 8.984887 36.829998
      vertex -5.557176 8.984887 38.099998
      vertex -5.495118 8.867196 36.829998
    endloop
  endfacet
  facet normal 0.839395 0.543522 0.000000
    outer loop
      vertex -5.557176 8.984887 36.829998
      vertex -5.566226 8.998864 36.829998
      vertex -5.566226 8.998864 38.099998
    endloop
  endfacet
  facet normal 0.640806 0.767703 0.000000
    outer loop
      vertex -5.648970 9.104802 36.829998
      vertex -5.876687 9.294879 38.099998
      vertex -5.648970 9.104802 38.099998
    endloop
  endfacet
  facet normal 0.520859 0.853643 0.000000
    outer loop
      vertex -5.876687 9.294879 36.829998
      vertex -5.921232 9.322059 38.099998
      vertex -5.876687 9.294879 38.099998
    endloop
  endfacet
  facet normal 0.788096 0.615552 0.000000
    outer loop
      vertex -5.566226 8.998864 36.829998
      vertex -5.648970 9.104802 38.099998
      vertex -5.566226 8.998864 38.099998
    endloop
  endfacet
  facet normal 0.839395 0.543522 0.000000
    outer loop
      vertex -5.557176 8.984887 36.829998
      vertex -5.566226 8.998864 38.099998
      vertex -5.557176 8.984887 38.099998
    endloop
  endfacet
  facet normal 0.000000 0.000000 1.000000
    outer loop
      vertex -5.449214 3.175000 36.829998
      vertex -3.734149 3.175000 36.829998
      vertex -4.012158 3.848134 36.829998
    endloop
  endfacet
  facet normal 0.000000 1.000000 0.000000
    outer loop
      vertex -5.449214 3.175000 38.099998
      vertex -3.734149 3.175000 38.099998
      vertex -3.734149 3.175000 36.829998
    endloop
  endfacet
  facet normal -0.924274 -0.381731 0.000000
    outer loop
      vertex -3.734149 3.175000 36.829998
      vertex -3.734149 3.175000 38.099998
      vertex -4.012158 3.848134 36.829998
    endloop
  endfacet
  facet normal -0.997575 -0.069598 0.000000
    outer loop
      vertex -4.012158 3.848134 36.829998
      vertex -4.012158 3.848134 38.099998
      vertex -4.049769 4.387227 36.829998
    endloop
  endfacet
  facet normal -0.924274 -0.381731 0.000000
    outer loop
      vertex -3.734149 3.175000 38.099998
      vertex -4.012158 3.848134 38.099998
      vertex -4.012158 3.848134 36.829998
    endloop
  endfacet
  facet normal -1.000000 -0.000596 0.000000
    outer loop
      vertex -4.049769 4.387227 36.829998
      vertex -4.049769 4.387227 38.099998
      vertex -4.050082 4.912633 36.829998
    endloop
  endfacet
  facet normal -0.997575 -0.069598 0.000000
    outer loop
      vertex -4.049769 4.387227 36.829998
      vertex -4.012158 3.848134 38.099998
      vertex -4.049769 4.387227 38.099998
    endloop
  endfacet
  facet normal -1.000000 -0.000596 0.000000
    outer loop
      vertex -4.049769 4.387227 38.099998
      vertex -4.050082 4.912633 38.099998
      vertex -4.050082 4.912633 36.829998
    endloop
  endfacet
  facet normal 0.000000 0.000000 1.000000
    outer loop
      vertex -3.734149 3.175000 38.099998
      vertex -1.335504 3.616933 38.099998
      vertex -4.012158 3.848134 38.099998
    endloop
  endfacet
  facet normal 0.000000 0.000000 1.000000
    outer loop
      vertex -4.012158 3.848134 38.099998
      vertex -2.058525 4.322453 38.099998
      vertex -4.049769 4.387227 38.099998
    endloop
  endfacet
  facet normal 0.000000 0.000000 1.000000
    outer loop
      vertex -4.049769 4.387227 38.099998
      vertex -2.454538 4.947736 38.099998
      vertex -4.050082 4.912633 38.099998
    endloop
  endfacet
  facet normal 0.000000 0.000000 1.000000
    outer loop
      vertex -4.012158 3.848134 38.099998
      vertex -1.719973 3.942895 38.099998
      vertex -2.058525 4.322453 38.099998
    endloop
  endfacet
  facet normal 0.000000 0.000000 1.000000
    outer loop
      vertex -4.049769 4.387227 38.099998
      vertex -2.058525 4.322453 38.099998
      vertex -2.454538 4.947736 38.099998
    endloop
  endfacet
  facet normal 0.000000 0.000000 1.000000
    outer loop
      vertex -3.734149 3.175000 38.099998
      vertex -0.691415 3.250222 38.099998
      vertex -1.335504 3.616933 38.099998
    endloop
  endfacet
  facet normal 0.000000 0.000000 1.000000
    outer loop
      vertex -3.734149 3.175000 38.099998
      vertex -0.217098 3.087243 38.099998
      vertex -0.691415 3.250222 38.099998
    endloop
  endfacet
  facet normal 0.000000 0.000000 1.000000
    outer loop
      vertex -3.734149 3.175000 38.099998
      vertex 0.293159 2.989453 38.099998
      vertex -0.217098 3.087243 38.099998
    endloop
  endfacet
  facet normal 0.000000 0.000000 1.000000
    outer loop
      vertex -2.058525 4.322453 36.829998
      vertex -1.719973 3.942895 36.829998
      vertex -2.454538 4.947736 36.829998
    endloop
  endfacet
  facet normal 0.000000 0.000000 1.000000
    outer loop
      vertex -1.719973 3.942895 36.829998
      vertex -0.691415 3.250222 36.829998
      vertex -2.454538 4.947736 36.829998
    endloop
  endfacet
  facet normal 0.000000 0.000000 1.000000
    outer loop
      vertex -1.719973 3.942895 36.829998
      vertex -1.335504 3.616933 36.829998
      vertex -0.691415 3.250222 36.829998
    endloop
  endfacet
  facet normal 0.000000 0.000000 1.000000
    outer loop
      vertex -4.012158 3.848134 38.099998
      vertex -1.335504 3.616933 38.099998
      vertex -1.719973 3.942895 38.099998
    endloop
  endfacet
  facet normal 0.746270 0.665644 0.000000
    outer loop
      vertex -1.719973 3.942895 36.829998
      vertex -2.058525 4.322453 38.099998
      vertex -1.719973 3.942895 38.099998
    endloop
  endfacet
  facet normal 0.844818 0.535053 0.000000
    outer loop
      vertex -2.058525 4.322453 36.829998
      vertex -2.454538 4.947736 36.829998
      vertex -2.454538 4.947736 38.099998
    endloop
  endfacet
  facet normal 0.746270 0.665644 0.000000
    outer loop
      vertex -2.058525 4.322453 36.829998
      vertex -2.058525 4.322453 38.099998
      vertex -1.719973 3.942895 36.829998
    endloop
  endfacet
  facet normal 0.844818 0.535053 0.000000
    outer loop
      vertex -2.058525 4.322453 36.829998
      vertex -2.454538 4.947736 38.099998
      vertex -2.058525 4.322453 38.099998
    endloop
  endfacet
  facet normal 0.646685 0.762757 0.000000
    outer loop
      vertex -1.719973 3.942895 36.829998
      vertex -1.719973 3.942895 38.099998
      vertex -1.335504 3.616933 36.829998
    endloop
  endfacet
  facet normal 0.646685 0.762757 0.000000
    outer loop
      vertex -1.335504 3.616933 36.829998
      vertex -1.719973 3.942895 38.099998
      vertex -1.335504 3.616933 38.099998
    endloop
  endfacet
  facet normal 0.000000 0.000000 1.000000
    outer loop
      vertex -0.691415 3.250222 36.829998
      vertex -0.217098 3.087243 36.829998
      vertex 0.293159 2.989453 36.829998
    endloop
  endfacet
  facet normal 0.494775 0.869021 0.000000
    outer loop
      vertex -1.335504 3.616933 36.829998
      vertex -1.335504 3.616933 38.099998
      vertex -0.691415 3.250222 36.829998
    endloop
  endfacet
  facet normal 0.494775 0.869021 0.000000
    outer loop
      vertex -1.335504 3.616933 38.099998
      vertex -0.691415 3.250222 38.099998
      vertex -0.691415 3.250222 36.829998
    endloop
  endfacet
  facet normal 0.324960 0.945728 0.000000
    outer loop
      vertex -0.691415 3.250222 36.829998
      vertex -0.691415 3.250222 38.099998
      vertex -0.217098 3.087243 36.829998
    endloop
  endfacet
  facet normal 0.188223 0.982126 0.000000
    outer loop
      vertex -0.217098 3.087243 36.829998
      vertex -0.217098 3.087243 38.099998
      vertex 0.293159 2.989453 36.829998
    endloop
  endfacet
  facet normal 0.324960 0.945728 0.000000
    outer loop
      vertex -0.217098 3.087243 36.829998
      vertex -0.691415 3.250222 38.099998
      vertex -0.217098 3.087243 38.099998
    endloop
  endfacet
  facet normal 0.000000 0.000000 1.000000
    outer loop
      vertex -0.691415 3.250222 36.829998
      vertex -0.511705 4.861440 36.829998
      vertex -0.649465 5.009534 36.829998
    endloop
  endfacet
  facet normal 0.000000 0.000000 1.000000
    outer loop
      vertex -0.691415 3.250222 36.829998
      vertex -0.042595 4.526856 36.829998
      vertex -0.208270 4.620103 36.829998
    endloop
  endfacet
  facet normal 0.000000 0.000000 1.000000
    outer loop
      vertex -0.691415 3.250222 36.829998
      vertex 0.061276 4.479688 36.829998
      vertex -0.042595 4.526856 36.829998
    endloop
  endfacet
  facet normal 0.000000 0.000000 1.000000
    outer loop
      vertex -0.691415 3.250222 36.829998
      vertex 0.431706 4.369988 36.829998
      vertex 0.241839 4.415696 36.829998
    endloop
  endfacet
  facet normal 0.000000 0.000000 1.000000
    outer loop
      vertex -0.691415 3.250222 36.829998
      vertex 0.241839 4.415696 36.829998
      vertex 0.061276 4.479688 36.829998
    endloop
  endfacet
  facet normal 0.000000 0.000000 1.000000
    outer loop
      vertex -0.691415 3.250222 36.829998
      vertex -0.364640 4.731629 36.829998
      vertex -0.511705 4.861440 36.829998
    endloop
  endfacet
  facet normal 0.000000 0.000000 1.000000
    outer loop
      vertex -0.691415 3.250222 36.829998
      vertex -0.208270 4.620103 36.829998
      vertex -0.364640 4.731629 36.829998
    endloop
  endfacet
  facet normal -0.580665 -0.814143 0.000000
    outer loop
      vertex -0.364640 4.731629 36.829998
      vertex -0.208270 4.620103 36.829998
      vertex -0.208270 4.620103 38.099998
    endloop
  endfacet
  facet normal -0.490479 -0.871453 0.000000
    outer loop
      vertex -0.208270 4.620103 36.829998
      vertex -0.042595 4.526856 36.829998
      vertex -0.042595 4.526856 38.099998
    endloop
  endfacet
  facet normal -0.580665 -0.814143 0.000000
    outer loop
      vertex -0.364640 4.731629 36.829998
      vertex -0.208270 4.620103 38.099998
      vertex -0.364640 4.731629 38.099998
    endloop
  endfacet
  facet normal -0.490479 -0.871453 0.000000
    outer loop
      vertex -0.208270 4.620103 36.829998
      vertex -0.042595 4.526856 38.099998
      vertex -0.208270 4.620103 38.099998
    endloop
  endfacet
  facet normal -0.413473 -0.910516 0.000000
    outer loop
      vertex -0.042595 4.526856 36.829998
      vertex 0.061276 4.479688 38.099998
      vertex -0.042595 4.526856 38.099998
    endloop
  endfacet
  facet normal 0.000000 0.000000 1.000000
    outer loop
      vertex -4.012158 3.848134 36.829998
      vertex -4.049769 4.387227 36.829998
      vertex -4.506430 6.515698 36.829998
    endloop
  endfacet
  facet normal 0.000000 0.000000 1.000000
    outer loop
      vertex -4.049769 4.387227 36.829998
      vertex -4.081007 5.491006 36.829998
      vertex -4.506430 6.515698 36.829998
    endloop
  endfacet
  facet normal 0.000000 0.000000 1.000000
    outer loop
      vertex -4.849526 6.902467 36.829998
      vertex -4.012158 3.848134 36.829998
      vertex -4.506430 6.515698 36.829998
    endloop
  endfacet
  facet normal 0.000000 0.000000 1.000000
    outer loop
      vertex -4.049769 4.387227 36.829998
      vertex -4.050082 4.912633 36.829998
      vertex -4.081007 5.491006 36.829998
    endloop
  endfacet
  facet normal -0.998574 -0.053392 0.000000
    outer loop
      vertex -4.050082 4.912633 36.829998
      vertex -4.050082 4.912633 38.099998
      vertex -4.081007 5.491006 36.829998
    endloop
  endfacet
  facet normal -0.998574 -0.053392 0.000000
    outer loop
      vertex -4.081007 5.491006 36.829998
      vertex -4.050082 4.912633 38.099998
      vertex -4.081007 5.491006 38.099998
    endloop
  endfacet
  facet normal 0.000000 0.000000 1.000000
    outer loop
      vertex -4.050082 4.912633 38.099998
      vertex -2.725494 5.646363 38.099998
      vertex -4.081007 5.491006 38.099998
    endloop
  endfacet
  facet normal -0.975615 -0.219490 0.000000
    outer loop
      vertex -4.081007 5.491006 36.829998
      vertex -4.081007 5.491006 38.099998
      vertex -4.206638 6.049428 36.829998
    endloop
  endfacet
  facet normal -0.975615 -0.219490 0.000000
    outer loop
      vertex -4.081007 5.491006 38.099998
      vertex -4.206638 6.049428 38.099998
      vertex -4.206638 6.049428 36.829998
    endloop
  endfacet
  facet normal 0.000000 0.000000 1.000000
    outer loop
      vertex -4.081007 5.491006 38.099998
      vertex -2.836656 6.152858 38.099998
      vertex -4.206638 6.049428 38.099998
    endloop
  endfacet
  facet normal 0.000000 0.000000 1.000000
    outer loop
      vertex -4.081007 5.491006 36.829998
      vertex -4.206638 6.049428 36.829998
      vertex -4.506430 6.515698 36.829998
    endloop
  endfacet
  facet normal -0.841141 -0.540816 0.000000
    outer loop
      vertex -4.506430 6.515698 36.829998
      vertex -4.206638 6.049428 36.829998
      vertex -4.206638 6.049428 38.099998
    endloop
  endfacet
  facet normal -0.841141 -0.540816 0.000000
    outer loop
      vertex -4.506430 6.515698 36.829998
      vertex -4.206638 6.049428 38.099998
      vertex -4.506430 6.515698 38.099998
    endloop
  endfacet
  facet normal -0.748079 -0.663610 0.000000
    outer loop
      vertex -4.849526 6.902467 36.829998
      vertex -4.506430 6.515698 36.829998
      vertex -4.506430 6.515698 38.099998
    endloop
  endfacet
  facet normal -0.608802 0.793322 0.000000
    outer loop
      vertex -4.849526 6.902467 36.829998
      vertex -4.849526 6.902467 38.099998
      vertex -4.399447 7.247861 36.829998
    endloop
  endfacet
  facet normal -0.748079 -0.663610 0.000000
    outer loop
      vertex -4.849526 6.902467 36.829998
      vertex -4.506430 6.515698 38.099998
      vertex -4.849526 6.902467 38.099998
    endloop
  endfacet
  facet normal -0.608802 0.793322 0.000000
    outer loop
      vertex -4.849526 6.902467 38.099998
      vertex -4.399447 7.247861 38.099998
      vertex -4.399447 7.247861 36.829998
    endloop
  endfacet
  facet normal 0.000000 0.000000 1.000000
    outer loop
      vertex -4.849526 6.902467 38.099998
      vertex -4.506430 6.515698 38.099998
      vertex -4.399447 7.247861 38.099998
    endloop
  endfacet
  facet normal 0.000000 0.000000 1.000000
    outer loop
      vertex -4.506430 6.515698 38.099998
      vertex -4.206638 6.049428 38.099998
      vertex -2.892236 6.691949 38.099998
    endloop
  endfacet
  facet normal 0.000000 0.000000 1.000000
    outer loop
      vertex -4.506430 6.515698 38.099998
      vertex -2.892341 7.255488 38.099998
      vertex -4.399447 7.247861 38.099998
    endloop
  endfacet
  facet normal 0.000000 0.000000 1.000000
    outer loop
      vertex -2.454538 4.947736 36.829998
      vertex -2.836656 6.152858 36.829998
      vertex -2.725494 5.646363 36.829998
    endloop
  endfacet
  facet normal 0.000000 0.000000 1.000000
    outer loop
      vertex -4.050082 4.912633 38.099998
      vertex -2.454538 4.947736 38.099998
      vertex -2.725494 5.646363 38.099998
    endloop
  endfacet
  facet normal 0.000000 0.000000 1.000000
    outer loop
      vertex -4.081007 5.491006 38.099998
      vertex -2.725494 5.646363 38.099998
      vertex -2.836656 6.152858 38.099998
    endloop
  endfacet
  facet normal 0.932334 0.361597 0.000000
    outer loop
      vertex -2.454538 4.947736 36.829998
      vertex -2.725494 5.646363 38.099998
      vertex -2.454538 4.947736 38.099998
    endloop
  endfacet
  facet normal 0.932334 0.361597 0.000000
    outer loop
      vertex -2.454538 4.947736 36.829998
      vertex -2.725494 5.646363 36.829998
      vertex -2.725494 5.646363 38.099998
    endloop
  endfacet
  facet normal 0.976753 0.214370 0.000000
    outer loop
      vertex -2.725494 5.646363 36.829998
      vertex -2.836656 6.152858 38.099998
      vertex -2.725494 5.646363 38.099998
    endloop
  endfacet
  facet normal 0.000000 0.000000 1.000000
    outer loop
      vertex -2.454538 4.947736 36.829998
      vertex -2.892341 7.255488 36.829998
      vertex -2.836656 6.152858 36.829998
    endloop
  endfacet
  facet normal 0.000000 0.000000 1.000000
    outer loop
      vertex -2.836656 6.152858 36.829998
      vertex -2.892341 7.255488 36.829998
      vertex -2.892236 6.691949 36.829998
    endloop
  endfacet
  facet normal 0.000000 0.000000 1.000000
    outer loop
      vertex -4.206638 6.049428 38.099998
      vertex -2.836656 6.152858 38.099998
      vertex -2.892236 6.691949 38.099998
    endloop
  endfacet
  facet normal 0.000000 0.000000 1.000000
    outer loop
      vertex -4.506430 6.515698 38.099998
      vertex -2.892236 6.691949 38.099998
      vertex -2.892341 7.255488 38.099998
    endloop
  endfacet
  facet normal 0.976753 0.214370 0.000000
    outer loop
      vertex -2.725494 5.646363 36.829998
      vertex -2.836656 6.152858 36.829998
      vertex -2.836656 6.152858 38.099998
    endloop
  endfacet
  facet normal 0.994727 0.102557 0.000000
    outer loop
      vertex -2.836656 6.152858 36.829998
      vertex -2.892236 6.691949 36.829998
      vertex -2.892236 6.691949 38.099998
    endloop
  endfacet
  facet normal 0.994727 0.102557 0.000000
    outer loop
      vertex -2.836656 6.152858 36.829998
      vertex -2.892236 6.691949 38.099998
      vertex -2.836656 6.152858 38.099998
    endloop
  endfacet
  facet normal 1.000000 0.000185 0.000000
    outer loop
      vertex -2.892236 6.691949 36.829998
      vertex -2.892341 7.255488 36.829998
      vertex -2.892341 7.255488 38.099998
    endloop
  endfacet
  facet normal 1.000000 0.000185 0.000000
    outer loop
      vertex -2.892236 6.691949 36.829998
      vertex -2.892341 7.255488 38.099998
      vertex -2.892236 6.691949 38.099998
    endloop
  endfacet
  facet normal 0.000000 0.000000 1.000000
    outer loop
      vertex -4.849526 6.902467 36.829998
      vertex -4.399447 7.247861 36.829998
      vertex -4.076201 7.745582 36.829998
    endloop
  endfacet
  facet normal 0.000000 0.000000 1.000000
    outer loop
      vertex -4.849526 6.902467 36.829998
      vertex -4.076201 7.745582 36.829998
      vertex -3.867199 8.862420 36.829998
    endloop
  endfacet
  facet normal 0.000000 0.000000 1.000000
    outer loop
      vertex -4.076201 7.745582 36.829998
      vertex -3.896295 8.303477 36.829998
      vertex -3.867199 8.862420 36.829998
    endloop
  endfacet
  facet normal -0.838653 0.544666 0.000000
    outer loop
      vertex -4.399447 7.247861 36.829998
      vertex -4.399447 7.247861 38.099998
      vertex -4.076201 7.745582 36.829998
    endloop
  endfacet
  facet normal -0.838653 0.544666 0.000000
    outer loop
      vertex -4.076201 7.745582 36.829998
      vertex -4.399447 7.247861 38.099998
      vertex -4.076201 7.745582 38.099998
    endloop
  endfacet
  facet normal 0.000000 0.000000 1.000000
    outer loop
      vertex -4.399447 7.247861 38.099998
      vertex -2.892341 7.255488 38.099998
      vertex -4.076201 7.745582 38.099998
    endloop
  endfacet
  facet normal -0.951739 0.306909 0.000000
    outer loop
      vertex -4.076201 7.745582 36.829998
      vertex -4.076201 7.745582 38.099998
      vertex -3.896295 8.303477 36.829998
    endloop
  endfacet
  facet normal -0.951739 0.306909 0.000000
    outer loop
      vertex -3.896295 8.303477 36.829998
      vertex -4.076201 7.745582 38.099998
      vertex -3.896295 8.303477 38.099998
    endloop
  endfacet
  facet normal 0.000000 0.000000 1.000000
    outer loop
      vertex -4.076201 7.745582 38.099998
      vertex -2.837596 7.794580 38.099998
      vertex -3.896295 8.303477 38.099998
    endloop
  endfacet
  facet normal 0.000000 0.000000 1.000000
    outer loop
      vertex -4.849526 6.902467 36.829998
      vertex -3.867199 8.862420 36.829998
      vertex -5.234883 10.618386 36.829998
    endloop
  endfacet
  facet normal 0.000000 0.000000 1.000000
    outer loop
      vertex -3.867199 8.862420 36.829998
      vertex -3.991315 9.464198 36.829998
      vertex -4.280920 9.965678 36.829998
    endloop
  endfacet
  facet normal -0.998648 0.051986 0.000000
    outer loop
      vertex -3.896295 8.303477 36.829998
      vertex -3.896295 8.303477 38.099998
      vertex -3.867199 8.862420 36.829998
    endloop
  endfacet
  facet normal -0.998648 0.051986 0.000000
    outer loop
      vertex -3.896295 8.303477 38.099998
      vertex -3.867199 8.862420 38.099998
      vertex -3.867199 8.862420 36.829998
    endloop
  endfacet
  facet normal -0.979386 -0.201998 0.000000
    outer loop
      vertex -3.867199 8.862420 36.829998
      vertex -3.867199 8.862420 38.099998
      vertex -3.991315 9.464198 36.829998
    endloop
  endfacet
  facet normal -0.979386 -0.201998 0.000000
    outer loop
      vertex -3.991315 9.464198 36.829998
      vertex -3.867199 8.862420 38.099998
      vertex -3.991315 9.464198 38.099998
    endloop
  endfacet
  facet normal 0.000000 0.000000 1.000000
    outer loop
      vertex -2.892341 7.255488 36.829998
      vertex -2.728106 8.301076 36.829998
      vertex -2.837596 7.794580 36.829998
    endloop
  endfacet
  facet normal 0.000000 0.000000 1.000000
    outer loop
      vertex -2.892341 7.255488 36.829998
      vertex -2.214872 9.424706 36.829998
      vertex -2.728106 8.301076 36.829998
    endloop
  endfacet
  facet normal 0.000000 0.000000 1.000000
    outer loop
      vertex -4.076201 7.745582 38.099998
      vertex -2.892341 7.255488 38.099998
      vertex -2.837596 7.794580 38.099998
    endloop
  endfacet
  facet normal 0.000000 0.000000 1.000000
    outer loop
      vertex -3.896295 8.303477 38.099998
      vertex -2.837596 7.794580 38.099998
      vertex -2.728106 8.301076 38.099998
    endloop
  endfacet
  facet normal 0.994883 -0.101031 0.000000
    outer loop
      vertex -2.892341 7.255488 36.829998
      vertex -2.837596 7.794580 36.829998
      vertex -2.837596 7.794580 38.099998
    endloop
  endfacet
  facet normal 0.994883 -0.101031 0.000000
    outer loop
      vertex -2.892341 7.255488 36.829998
      vertex -2.837596 7.794580 38.099998
      vertex -2.892341 7.255488 38.099998
    endloop
  endfacet
  facet normal 0.977423 -0.211291 0.000000
    outer loop
      vertex -2.837596 7.794580 36.829998
      vertex -2.728106 8.301076 36.829998
      vertex -2.728106 8.301076 38.099998
    endloop
  endfacet
  facet normal 0.977423 -0.211291 0.000000
    outer loop
      vertex -2.837596 7.794580 36.829998
      vertex -2.728106 8.301076 38.099998
      vertex -2.837596 7.794580 38.099998
    endloop
  endfacet
  facet normal 0.000000 0.000000 1.000000
    outer loop
      vertex -2.728106 8.301076 36.829998
      vertex -2.214872 9.424706 36.829998
      vertex -2.563871 8.774974 36.829998
    endloop
  endfacet
  facet normal 0.000000 0.000000 1.000000
    outer loop
      vertex -3.896295 8.303477 38.099998
      vertex -2.728106 8.301076 38.099998
      vertex -3.867199 8.862420 38.099998
    endloop
  endfacet
  facet normal 0.000000 0.000000 1.000000
    outer loop
      vertex -3.867199 8.862420 38.099998
      vertex -2.728106 8.301076 38.099998
      vertex -2.563871 8.774974 38.099998
    endloop
  endfacet
  facet normal 0.000000 0.000000 1.000000
    outer loop
      vertex -3.867199 8.862420 38.099998
      vertex -2.214872 9.424706 38.099998
      vertex -3.991315 9.464198 38.099998
    endloop
  endfacet
  facet normal 0.944867 -0.327455 0.000000
    outer loop
      vertex -2.728106 8.301076 36.829998
      vertex -2.563871 8.774974 36.829998
      vertex -2.563871 8.774974 38.099998
    endloop
  endfacet
  facet normal 0.944867 -0.327455 0.000000
    outer loop
      vertex -2.728106 8.301076 36.829998
      vertex -2.563871 8.774974 38.099998
      vertex -2.728106 8.301076 38.099998
    endloop
  endfacet
  facet normal 0.000000 0.000000 1.000000
    outer loop
      vertex -3.867199 8.862420 38.099998
      vertex -2.563871 8.774974 38.099998
      vertex -2.214872 9.424706 38.099998
    endloop
  endfacet
  facet normal 0.880956 -0.473199 0.000000
    outer loop
      vertex -2.563871 8.774974 36.829998
      vertex -2.214872 9.424706 38.099998
      vertex -2.563871 8.774974 38.099998
    endloop
  endfacet
  facet normal 0.000000 0.000000 1.000000
    outer loop
      vertex -0.691415 3.250222 36.829998
      vertex -2.892341 7.255488 36.829998
      vertex -2.454538 4.947736 36.829998
    endloop
  endfacet
  facet normal 0.000000 0.000000 1.000000
    outer loop
      vertex -0.691415 3.250222 36.829998
      vertex -0.649465 5.009534 36.829998
      vertex -2.892341 7.255488 36.829998
    endloop
  endfacet
  facet normal 0.000000 0.000000 1.000000
    outer loop
      vertex -2.892341 7.255488 36.829998
      vertex -0.649465 5.009534 36.829998
      vertex -0.880420 5.334485 36.829998
    endloop
  endfacet
  facet normal 0.000000 0.000000 1.000000
    outer loop
      vertex -2.892341 7.255488 36.829998
      vertex -1.215629 6.191075 36.829998
      vertex -1.258882 6.429906 36.829998
    endloop
  endfacet
  facet normal 0.000000 0.000000 1.000000
    outer loop
      vertex -2.892341 7.255488 36.829998
      vertex -1.258882 6.429906 36.829998
      vertex -1.288843 6.721019 36.829998
    endloop
  endfacet
  facet normal 0.000000 0.000000 1.000000
    outer loop
      vertex -2.892341 7.255488 36.829998
      vertex -0.988552 5.533822 36.829998
      vertex -1.080464 5.743035 36.829998
    endloop
  endfacet
  facet normal 0.000000 0.000000 1.000000
    outer loop
      vertex -2.892341 7.255488 36.829998
      vertex -0.880420 5.334485 36.829998
      vertex -0.988552 5.533822 36.829998
    endloop
  endfacet
  facet normal 0.000000 0.000000 1.000000
    outer loop
      vertex -2.892341 7.255488 36.829998
      vertex -1.080464 5.743035 36.829998
      vertex -1.156156 5.962117 36.829998
    endloop
  endfacet
  facet normal 0.000000 0.000000 1.000000
    outer loop
      vertex -2.892341 7.255488 36.829998
      vertex -1.156156 5.962117 36.829998
      vertex -1.215629 6.191075 36.829998
    endloop
  endfacet
  facet normal -0.983994 -0.178203 0.000000
    outer loop
      vertex -1.215629 6.191075 36.829998
      vertex -1.215629 6.191075 38.099998
      vertex -1.258882 6.429906 36.829998
    endloop
  endfacet
  facet normal -0.994745 -0.102380 0.000000
    outer loop
      vertex -1.258882 6.429906 36.829998
      vertex -1.258882 6.429906 38.099998
      vertex -1.288843 6.721019 36.829998
    endloop
  endfacet
  facet normal -0.967881 -0.251410 0.000000
    outer loop
      vertex -1.215629 6.191075 36.829998
      vertex -1.156156 5.962117 38.099998
      vertex -1.215629 6.191075 38.099998
    endloop
  endfacet
  facet normal -0.983994 -0.178203 0.000000
    outer loop
      vertex -1.258882 6.429906 36.829998
      vertex -1.215629 6.191075 38.099998
      vertex -1.258882 6.429906 38.099998
    endloop
  endfacet
  facet normal -0.999985 0.005486 0.000000
    outer loop
      vertex -1.288843 6.721019 36.829998
      vertex -1.285755 7.284032 38.099998
      vertex -1.285755 7.284032 36.829998
    endloop
  endfacet
  facet normal -0.994745 -0.102380 0.000000
    outer loop
      vertex -1.288843 6.721019 36.829998
      vertex -1.258882 6.429906 38.099998
      vertex -1.288843 6.721019 38.099998
    endloop
  endfacet
  facet normal -0.999985 0.005486 0.000000
    outer loop
      vertex -1.288843 6.721019 36.829998
      vertex -1.288843 6.721019 38.099998
      vertex -1.285755 7.284032 38.099998
    endloop
  endfacet
  facet normal -0.815099 -0.579322 0.000000
    outer loop
      vertex -0.880420 5.334485 36.829998
      vertex -0.649465 5.009534 36.829998
      vertex -0.649465 5.009534 38.099998
    endloop
  endfacet
  facet normal -0.732191 -0.681099 0.000000
    outer loop
      vertex -0.649465 5.009534 36.829998
      vertex -0.511705 4.861440 38.099998
      vertex -0.649465 5.009534 38.099998
    endloop
  endfacet
  facet normal -0.815099 -0.579322 0.000000
    outer loop
      vertex -0.880420 5.334485 36.829998
      vertex -0.649465 5.009534 38.099998
      vertex -0.880420 5.334485 38.099998
    endloop
  endfacet
  facet normal -0.879001 -0.476820 0.000000
    outer loop
      vertex -0.880420 5.334485 36.829998
      vertex -0.880420 5.334485 38.099998
      vertex -0.988552 5.533822 36.829998
    endloop
  endfacet
  facet normal -0.915544 -0.402219 0.000000
    outer loop
      vertex -1.080464 5.743035 36.829998
      vertex -0.988552 5.533822 36.829998
      vertex -0.988552 5.533822 38.099998
    endloop
  endfacet
  facet normal -0.945178 -0.326556 0.000000
    outer loop
      vertex -1.080464 5.743035 36.829998
      vertex -1.080464 5.743035 38.099998
      vertex -1.156156 5.962117 36.829998
    endloop
  endfacet
  facet normal -0.879001 -0.476820 0.000000
    outer loop
      vertex -0.988552 5.533822 36.829998
      vertex -0.880420 5.334485 38.099998
      vertex -0.988552 5.533822 38.099998
    endloop
  endfacet
  facet normal -0.915544 -0.402219 0.000000
    outer loop
      vertex -1.080464 5.743035 36.829998
      vertex -0.988552 5.533822 38.099998
      vertex -1.080464 5.743035 38.099998
    endloop
  endfacet
  facet normal -0.945178 -0.326556 0.000000
    outer loop
      vertex -1.156156 5.962117 36.829998
      vertex -1.080464 5.743035 38.099998
      vertex -1.156156 5.962117 38.099998
    endloop
  endfacet
  facet normal -0.732191 -0.681099 0.000000
    outer loop
      vertex -0.649465 5.009534 36.829998
      vertex -0.511705 4.861440 36.829998
      vertex -0.511705 4.861440 38.099998
    endloop
  endfacet
  facet normal -0.661756 -0.749719 0.000000
    outer loop
      vertex -0.511705 4.861440 36.829998
      vertex -0.364640 4.731629 36.829998
      vertex -0.364640 4.731629 38.099998
    endloop
  endfacet
  facet normal -0.661756 -0.749719 0.000000
    outer loop
      vertex -0.511705 4.861440 36.829998
      vertex -0.364640 4.731629 38.099998
      vertex -0.511705 4.861440 38.099998
    endloop
  endfacet
  facet normal -0.967881 -0.251410 0.000000
    outer loop
      vertex -1.156156 5.962117 36.829998
      vertex -1.156156 5.962117 38.099998
      vertex -1.215629 6.191075 36.829998
    endloop
  endfacet
  facet normal 0.000000 0.000000 1.000000
    outer loop
      vertex -2.892341 7.255488 36.829998
      vertex -1.288843 6.721019 36.829998
      vertex -2.214872 9.424706 36.829998
    endloop
  endfacet
  facet normal 0.000000 0.000000 1.000000
    outer loop
      vertex -1.288843 6.721019 36.829998
      vertex -1.285755 7.284032 36.829998
      vertex -2.214872 9.424706 36.829998
    endloop
  endfacet
  facet normal 0.000000 0.000000 1.000000
    outer loop
      vertex -1.285755 7.284032 36.829998
      vertex -1.258330 7.533128 36.829998
      vertex -2.214872 9.424706 36.829998
    endloop
  endfacet
  facet normal 0.000000 0.000000 1.000000
    outer loop
      vertex -1.258330 7.533128 36.829998
      vertex -1.214450 7.772584 36.829998
      vertex -2.214872 9.424706 36.829998
    endloop
  endfacet
  facet normal -0.993994 0.109436 0.000000
    outer loop
      vertex -1.285755 7.284032 36.829998
      vertex -1.285755 7.284032 38.099998
      vertex -1.258330 7.533128 36.829998
    endloop
  endfacet
  facet normal -0.983622 0.180245 0.000000
    outer loop
      vertex -1.258330 7.533128 36.829998
      vertex -1.258330 7.533128 38.099998
      vertex -1.214450 7.772584 36.829998
    endloop
  endfacet
  facet normal -0.993994 0.109436 0.000000
    outer loop
      vertex -1.258330 7.533128 36.829998
      vertex -1.285755 7.284032 38.099998
      vertex -1.258330 7.533128 38.099998
    endloop
  endfacet
  facet normal -0.983622 0.180245 0.000000
    outer loop
      vertex -1.214450 7.772584 36.829998
      vertex -1.258330 7.533128 38.099998
      vertex -1.214450 7.772584 38.099998
    endloop
  endfacet
  facet normal -0.967224 0.253924 0.000000
    outer loop
      vertex -1.214450 7.772584 36.829998
      vertex -1.214450 7.772584 38.099998
      vertex -1.154116 8.002404 38.099998
    endloop
  endfacet
  facet normal 0.000000 0.000000 1.000000
    outer loop
      vertex -2.214872 9.424706 36.829998
      vertex -1.214450 7.772584 36.829998
      vertex -1.154116 8.002404 36.829998
    endloop
  endfacet
  facet normal 0.000000 0.000000 1.000000
    outer loop
      vertex -2.214872 9.424706 36.829998
      vertex -1.154116 8.002404 36.829998
      vertex -1.077327 8.222585 36.829998
    endloop
  endfacet
  facet normal 0.000000 0.000000 1.000000
    outer loop
      vertex -2.214872 9.424706 36.829998
      vertex -1.077327 8.222585 36.829998
      vertex -0.984083 8.433129 36.829998
    endloop
  endfacet
  facet normal 0.000000 0.000000 1.000000
    outer loop
      vertex -2.214872 9.424706 36.829998
      vertex -0.984083 8.433129 36.829998
      vertex -0.874384 8.634034 36.829998
    endloop
  endfacet
  facet normal 0.000000 0.000000 1.000000
    outer loop
      vertex -2.214872 9.424706 36.829998
      vertex -0.874384 8.634034 36.829998
      vertex -0.643428 8.957500 36.829998
    endloop
  endfacet
  facet normal 0.880956 -0.473199 0.000000
    outer loop
      vertex -2.563871 8.774974 36.829998
      vertex -2.214872 9.424706 36.829998
      vertex -2.214872 9.424706 38.099998
    endloop
  endfacet
  facet normal -0.967224 0.253924 0.000000
    outer loop
      vertex -1.214450 7.772584 36.829998
      vertex -1.154116 8.002404 38.099998
      vertex -1.154116 8.002404 36.829998
    endloop
  endfacet
  facet normal -0.944224 0.329304 0.000000
    outer loop
      vertex -1.154116 8.002404 36.829998
      vertex -1.154116 8.002404 38.099998
      vertex -1.077327 8.222585 36.829998
    endloop
  endfacet
  facet normal -0.914345 0.404936 0.000000
    outer loop
      vertex -1.077327 8.222585 36.829998
      vertex -1.077327 8.222585 38.099998
      vertex -0.984083 8.433129 36.829998
    endloop
  endfacet
  facet normal -0.944224 0.329304 0.000000
    outer loop
      vertex -1.077327 8.222585 36.829998
      vertex -1.154116 8.002404 38.099998
      vertex -1.077327 8.222585 38.099998
    endloop
  endfacet
  facet normal 0.000000 0.000000 1.000000
    outer loop
      vertex -2.214872 9.424706 36.829998
      vertex -0.643428 8.957500 36.829998
      vertex -0.506990 9.102948 36.829998
    endloop
  endfacet
  facet normal 0.000000 0.000000 1.000000
    outer loop
      vertex -2.214872 9.424706 36.829998
      vertex -0.506990 9.102948 36.829998
      vertex -0.361084 9.230441 36.829998
    endloop
  endfacet
  facet normal 0.000000 0.000000 1.000000
    outer loop
      vertex -2.214872 9.424706 36.829998
      vertex -0.361084 9.230441 36.829998
      vertex -0.205710 9.339976 36.829998
    endloop
  endfacet
  facet normal -0.877685 0.479238 0.000000
    outer loop
      vertex -0.984083 8.433129 36.829998
      vertex -0.984083 8.433129 38.099998
      vertex -0.874384 8.634034 36.829998
    endloop
  endfacet
  facet normal -0.813842 0.581086 0.000000
    outer loop
      vertex -0.874384 8.634034 36.829998
      vertex -0.874384 8.634034 38.099998
      vertex -0.643428 8.957500 36.829998
    endloop
  endfacet
  facet normal -0.914345 0.404936 0.000000
    outer loop
      vertex -0.984083 8.433129 36.829998
      vertex -1.077327 8.222585 38.099998
      vertex -0.984083 8.433129 38.099998
    endloop
  endfacet
  facet normal -0.877685 0.479238 0.000000
    outer loop
      vertex -0.874384 8.634034 36.829998
      vertex -0.984083 8.433129 38.099998
      vertex -0.874384 8.634034 38.099998
    endloop
  endfacet
  facet normal -0.813842 0.581086 0.000000
    outer loop
      vertex -0.643428 8.957500 36.829998
      vertex -0.874384 8.634034 38.099998
      vertex -0.643428 8.957500 38.099998
    endloop
  endfacet
  facet normal -0.729337 0.684154 0.000000
    outer loop
      vertex -0.643428 8.957500 36.829998
      vertex -0.643428 8.957500 38.099998
      vertex -0.506990 9.102948 36.829998
    endloop
  endfacet
  facet normal -0.657993 0.753024 0.000000
    outer loop
      vertex -0.506990 9.102948 36.829998
      vertex -0.506990 9.102948 38.099998
      vertex -0.361084 9.230441 36.829998
    endloop
  endfacet
  facet normal -0.576189 0.817316 0.000000
    outer loop
      vertex -0.361084 9.230441 36.829998
      vertex -0.361084 9.230441 38.099998
      vertex -0.205710 9.339976 36.829998
    endloop
  endfacet
  facet normal -0.504334 0.863509 0.000000
    outer loop
      vertex -0.205710 9.339976 36.829998
      vertex -0.107941 9.397079 38.099998
      vertex -0.107941 9.397079 36.829998
    endloop
  endfacet
  facet normal -0.729337 0.684154 0.000000
    outer loop
      vertex -0.506990 9.102948 36.829998
      vertex -0.643428 8.957500 38.099998
      vertex -0.506990 9.102948 38.099998
    endloop
  endfacet
  facet normal -0.657993 0.753024 0.000000
    outer loop
      vertex -0.361084 9.230441 36.829998
      vertex -0.506990 9.102948 38.099998
      vertex -0.361084 9.230441 38.099998
    endloop
  endfacet
  facet normal -0.576189 0.817316 0.000000
    outer loop
      vertex -0.205710 9.339976 36.829998
      vertex -0.361084 9.230441 38.099998
      vertex -0.205710 9.339976 38.099998
    endloop
  endfacet
  facet normal -0.504334 0.863509 0.000000
    outer loop
      vertex -0.205710 9.339976 36.829998
      vertex -0.205710 9.339976 38.099998
      vertex -0.107941 9.397079 38.099998
    endloop
  endfacet
  facet normal -0.428219 0.903675 0.000000
    outer loop
      vertex -0.107941 9.397079 36.829998
      vertex -0.107941 9.397079 38.099998
      vertex 0.062582 9.477883 38.099998
    endloop
  endfacet
  facet normal 0.000000 0.000000 1.000000
    outer loop
      vertex -0.361084 9.230441 38.099998
      vertex 0.062582 9.477883 38.099998
      vertex -0.205710 9.339976 38.099998
    endloop
  endfacet
  facet normal 0.000000 0.000000 1.000000
    outer loop
      vertex -0.205710 9.339976 38.099998
      vertex 0.062582 9.477883 38.099998
      vertex -0.107941 9.397079 38.099998
    endloop
  endfacet
  facet normal 0.000000 0.000000 1.000000
    outer loop
      vertex -0.361084 9.230441 38.099998
      vertex 0.242573 9.540732 38.099998
      vertex 0.062582 9.477883 38.099998
    endloop
  endfacet
  facet normal 0.000000 -1.000000 0.000000
    outer loop
      vertex -10.022718 10.795001 36.829998
      vertex -6.329312 10.795001 38.099998
      vertex -10.022718 10.795001 38.099998
    endloop
  endfacet
  facet normal 0.000000 0.000000 1.000000
    outer loop
      vertex -10.022718 10.795001 36.829998
      vertex -8.458098 9.478614 36.829998
      vertex -5.234883 10.618386 36.829998
    endloop
  endfacet
  facet normal 0.000000 0.000000 1.000000
    outer loop
      vertex -10.022718 10.795001 36.829998
      vertex -5.234883 10.618386 36.829998
      vertex -6.329312 10.795001 36.829998
    endloop
  endfacet
  facet normal 0.000000 -1.000000 0.000000
    outer loop
      vertex -10.022718 10.795001 36.829998
      vertex -6.329312 10.795001 36.829998
      vertex -6.329312 10.795001 38.099998
    endloop
  endfacet
  facet normal 0.000000 0.000000 1.000000
    outer loop
      vertex -8.458098 9.478614 36.829998
      vertex -6.375033 9.468829 36.829998
      vertex -5.234883 10.618386 36.829998
    endloop
  endfacet
  facet normal -0.064772 -0.997900 0.000000
    outer loop
      vertex -6.329312 10.795001 36.829998
      vertex -5.829556 10.762563 36.829998
      vertex -5.829556 10.762563 38.099998
    endloop
  endfacet
  facet normal -0.064772 -0.997900 0.000000
    outer loop
      vertex -6.329312 10.795001 36.829998
      vertex -5.829556 10.762563 38.099998
      vertex -6.329312 10.795001 38.099998
    endloop
  endfacet
  facet normal 0.000000 0.000000 1.000000
    outer loop
      vertex -6.213188 9.439475 36.829998
      vertex -6.061921 9.390552 36.829998
      vertex -5.234883 10.618386 36.829998
    endloop
  endfacet
  facet normal 0.000000 0.000000 1.000000
    outer loop
      vertex -6.061921 9.390552 36.829998
      vertex -5.921232 9.322059 36.829998
      vertex -5.234883 10.618386 36.829998
    endloop
  endfacet
  facet normal 0.000000 0.000000 1.000000
    outer loop
      vertex -5.921232 9.322059 36.829998
      vertex -5.876687 9.294879 36.829998
      vertex -5.234883 10.618386 36.829998
    endloop
  endfacet
  facet normal 0.000000 0.000000 1.000000
    outer loop
      vertex -6.375033 9.468829 36.829998
      vertex -6.213188 9.439475 36.829998
      vertex -5.234883 10.618386 36.829998
    endloop
  endfacet
  facet normal 0.000000 0.000000 1.000000
    outer loop
      vertex -5.876687 9.294879 36.829998
      vertex -5.648970 9.104802 36.829998
      vertex -5.234883 10.618386 36.829998
    endloop
  endfacet
  facet normal 0.000000 0.000000 1.000000
    outer loop
      vertex -5.566226 8.998864 36.829998
      vertex -5.234883 10.618386 36.829998
      vertex -5.648970 9.104802 36.829998
    endloop
  endfacet
  facet normal 0.000000 0.000000 1.000000
    outer loop
      vertex -5.557176 8.984887 36.829998
      vertex -5.234883 10.618386 36.829998
      vertex -5.566226 8.998864 36.829998
    endloop
  endfacet
  facet normal -0.235621 -0.971845 0.000000
    outer loop
      vertex -5.234883 10.618386 36.829998
      vertex -5.234883 10.618386 38.099998
      vertex -5.829556 10.762563 36.829998
    endloop
  endfacet
  facet normal -0.235621 -0.971845 0.000000
    outer loop
      vertex -5.234883 10.618386 38.099998
      vertex -5.829556 10.762563 38.099998
      vertex -5.829556 10.762563 36.829998
    endloop
  endfacet
  facet normal -0.451571 -0.892235 0.000000
    outer loop
      vertex -5.234883 10.618386 36.829998
      vertex -4.722119 10.358871 36.829998
      vertex -4.722119 10.358871 38.099998
    endloop
  endfacet
  facet normal -0.451571 -0.892235 0.000000
    outer loop
      vertex -5.234883 10.618386 36.829998
      vertex -4.722119 10.358871 38.099998
      vertex -5.234883 10.618386 38.099998
    endloop
  endfacet
  facet normal 0.000000 0.000000 1.000000
    outer loop
      vertex -6.329312 10.795001 36.829998
      vertex -5.234883 10.618386 36.829998
      vertex -5.829556 10.762563 36.829998
    endloop
  endfacet
  facet normal 0.000000 0.000000 1.000000
    outer loop
      vertex -38.099998 12.700003 38.099998
      vertex -15.874998 10.795001 38.099998
      vertex 38.099998 12.700003 38.099998
    endloop
  endfacet
  facet normal 0.000000 0.000000 1.000000
    outer loop
      vertex -3.867199 8.862420 36.829998
      vertex -4.280920 9.965678 36.829998
      vertex -5.234883 10.618386 36.829998
    endloop
  endfacet
  facet normal 0.000000 0.000000 1.000000
    outer loop
      vertex -5.234883 10.618386 36.829998
      vertex -4.280920 9.965678 36.829998
      vertex -4.722119 10.358871 36.829998
    endloop
  endfacet
  facet normal -0.665323 -0.746555 0.000000
    outer loop
      vertex -4.280920 9.965678 36.829998
      vertex -4.280920 9.965678 38.099998
      vertex -4.722119 10.358871 36.829998
    endloop
  endfacet
  facet normal -0.865969 -0.500097 0.000000
    outer loop
      vertex -3.991315 9.464198 38.099998
      vertex -4.280920 9.965678 38.099998
      vertex -4.280920 9.965678 36.829998
    endloop
  endfacet
  facet normal -0.665323 -0.746555 0.000000
    outer loop
      vertex -4.722119 10.358871 36.829998
      vertex -4.280920 9.965678 38.099998
      vertex -4.722119 10.358871 38.099998
    endloop
  endfacet
  facet normal -0.865969 -0.500097 0.000000
    outer loop
      vertex -3.991315 9.464198 36.829998
      vertex -3.991315 9.464198 38.099998
      vertex -4.280920 9.965678 36.829998
    endloop
  endfacet
  facet normal 0.000000 0.000000 1.000000
    outer loop
      vertex -5.234883 10.618386 38.099998
      vertex -0.225456 10.866881 38.099998
      vertex -5.829556 10.762563 38.099998
    endloop
  endfacet
  facet normal 0.000000 0.000000 1.000000
    outer loop
      vertex -3.991315 9.464198 38.099998
      vertex -1.734913 10.005744 38.099998
      vertex -4.280920 9.965678 38.099998
    endloop
  endfacet
  facet normal 0.000000 0.000000 1.000000
    outer loop
      vertex -4.280920 9.965678 38.099998
      vertex -1.349609 10.333797 38.099998
      vertex -4.722119 10.358871 38.099998
    endloop
  endfacet
  facet normal 0.000000 0.000000 1.000000
    outer loop
      vertex -5.234883 10.618386 38.099998
      vertex -4.722119 10.358871 38.099998
      vertex -0.702698 10.702855 38.099998
    endloop
  endfacet
  facet normal 0.000000 0.000000 1.000000
    outer loop
      vertex -3.991315 9.464198 38.099998
      vertex -2.214872 9.424706 38.099998
      vertex -1.734913 10.005744 38.099998
    endloop
  endfacet
  facet normal 0.000000 0.000000 1.000000
    outer loop
      vertex -4.280920 9.965678 38.099998
      vertex -1.734913 10.005744 38.099998
      vertex -1.349609 10.333797 38.099998
    endloop
  endfacet
  facet normal 0.000000 0.000000 1.000000
    outer loop
      vertex -2.214872 9.424706 36.829998
      vertex -1.349609 10.333797 36.829998
      vertex -1.734913 10.005744 36.829998
    endloop
  endfacet
  facet normal 0.000000 0.000000 1.000000
    outer loop
      vertex -2.214872 9.424706 36.829998
      vertex -0.225456 10.866881 36.829998
      vertex -1.349609 10.333797 36.829998
    endloop
  endfacet
  facet normal 0.770980 -0.636859 0.000000
    outer loop
      vertex -2.214872 9.424706 36.829998
      vertex -1.734913 10.005744 36.829998
      vertex -1.734913 10.005744 38.099998
    endloop
  endfacet
  facet normal 0.770980 -0.636859 0.000000
    outer loop
      vertex -2.214872 9.424706 36.829998
      vertex -1.734913 10.005744 38.099998
      vertex -2.214872 9.424706 38.099998
    endloop
  endfacet
  facet normal 0.000000 0.000000 1.000000
    outer loop
      vertex -4.722119 10.358871 38.099998
      vertex -1.349609 10.333797 38.099998
      vertex -0.702698 10.702855 38.099998
    endloop
  endfacet
  facet normal 0.648272 -0.761409 0.000000
    outer loop
      vertex -1.734913 10.005744 36.829998
      vertex -1.349609 10.333797 38.099998
      vertex -1.734913 10.005744 38.099998
    endloop
  endfacet
  facet normal 0.648272 -0.761409 0.000000
    outer loop
      vertex -1.734913 10.005744 36.829998
      vertex -1.349609 10.333797 36.829998
      vertex -1.349609 10.333797 38.099998
    endloop
  endfacet
  facet normal 0.000000 0.000000 1.000000
    outer loop
      vertex -5.234883 10.618386 38.099998
      vertex -0.702698 10.702855 38.099998
      vertex -0.225456 10.866881 38.099998
    endloop
  endfacet
  facet normal 0.000000 0.000000 1.000000
    outer loop
      vertex -5.829556 10.762563 38.099998
      vertex -0.225456 10.866881 38.099998
      vertex 0.288562 10.965297 38.099998
    endloop
  endfacet
  facet normal 0.000000 0.000000 1.000000
    outer loop
      vertex -5.829556 10.762563 38.099998
      vertex 0.288562 10.965297 38.099998
      vertex 0.839355 10.998101 38.099998
    endloop
  endfacet
  facet normal 0.000000 0.000000 1.000000
    outer loop
      vertex -1.349609 10.333797 36.829998
      vertex -0.225456 10.866881 36.829998
      vertex -0.702698 10.702855 36.829998
    endloop
  endfacet
  facet normal 0.000000 0.000000 1.000000
    outer loop
      vertex -2.214872 9.424706 36.829998
      vertex -0.205710 9.339976 36.829998
      vertex 1.891629 10.866881 36.829998
    endloop
  endfacet
  facet normal 0.000000 0.000000 1.000000
    outer loop
      vertex -2.214872 9.424706 36.829998
      vertex 1.891629 10.866881 36.829998
      vertex -0.225456 10.866881 36.829998
    endloop
  endfacet
  facet normal 0.495527 -0.868592 0.000000
    outer loop
      vertex -1.349609 10.333797 36.829998
      vertex -0.702698 10.702855 36.829998
      vertex -0.702698 10.702855 38.099998
    endloop
  endfacet
  facet normal 0.495527 -0.868592 0.000000
    outer loop
      vertex -1.349609 10.333797 36.829998
      vertex -0.702698 10.702855 38.099998
      vertex -1.349609 10.333797 38.099998
    endloop
  endfacet
  facet normal 0.325034 -0.945702 0.000000
    outer loop
      vertex -0.702698 10.702855 36.829998
      vertex -0.225456 10.866881 36.829998
      vertex -0.225456 10.866881 38.099998
    endloop
  endfacet
  facet normal 0.325034 -0.945702 0.000000
    outer loop
      vertex -0.702698 10.702855 36.829998
      vertex -0.225456 10.866881 38.099998
      vertex -0.702698 10.702855 38.099998
    endloop
  endfacet
  facet normal 0.188047 -0.982160 0.000000
    outer loop
      vertex -0.225456 10.866881 36.829998
      vertex 0.288562 10.965297 38.099998
      vertex -0.225456 10.866881 38.099998
    endloop
  endfacet
  facet normal 0.000000 1.000000 0.000000
    outer loop
      vertex -38.099998 25.400002 6.349998
      vertex -38.099998 25.400002 19.049999
      vertex 38.099998 25.400002 19.049999
    endloop
  endfacet
  facet normal 0.000000 0.000000 1.000000
    outer loop
      vertex -38.099998 25.400002 6.349998
      vertex 38.099998 25.400002 6.349998
      vertex -38.099998 44.450001 6.349998
    endloop
  endfacet
  facet normal -1.000000 0.000000 0.000000
    outer loop
      vertex -38.099998 0.000002 -38.099998
      vertex -38.099998 44.450001 -19.050001
      vertex -38.099998 76.199997 -38.099998
    endloop
  endfacet
  facet normal -1.000000 0.000000 0.000000
    outer loop
      vertex -38.099998 44.450001 -19.050001
      vertex -38.099998 69.849998 -19.050001
      vertex -38.099998 69.849998 -25.400002
    endloop
  endfacet
  facet normal -1.000000 0.000000 0.000000
    outer loop
      vertex -38.099998 44.450001 -19.050001
      vertex -38.099998 69.849998 -25.400002
      vertex -38.099998 76.199997 -38.099998
    endloop
  endfacet
  facet normal -1.000000 0.000000 0.000000
    outer loop
      vertex -38.099998 76.199997 -38.099998
      vertex -38.099998 69.849998 -25.400002
      vertex -38.099998 76.199997 -25.400002
    endloop
  endfacet
  facet normal 0.000000 0.000000 1.000000
    outer loop
      vertex -38.099998 44.450001 -19.050001
      vertex 38.099998 44.450001 -19.050001
      vertex -38.099998 69.849998 -19.050001
    endloop
  endfacet
  facet normal 0.000000 1.000000 0.000000
    outer loop
      vertex -38.099998 44.450001 -19.050001
      vertex -38.099998 44.450001 6.349998
      vertex 38.099998 44.450001 6.349998
    endloop
  endfacet
  facet normal 0.000000 1.000000 0.000000
    outer loop
      vertex -38.099998 76.199997 -38.099998
      vertex -38.099998 76.199997 -25.400002
      vertex 38.099998 76.199997 -25.400002
    endloop
  endfacet
  facet normal 0.000000 1.000000 0.000000
    outer loop
      vertex -38.099998 69.849998 -25.400002
      vertex -38.099998 69.849998 -19.050001
      vertex 38.099998 69.849998 -19.050001
    endloop
  endfacet
  facet normal 0.000000 0.000000 1.000000
    outer loop
      vertex -38.099998 69.849998 -25.400002
      vertex 38.099998 69.849998 -25.400002
      vertex -38.099998 76.199997 -25.400002
    endloop
  endfacet
  facet normal 0.000000 -1.000000 0.000000
    outer loop
      vertex -38.099998 0.000002 -38.099998
      vertex 38.099998 0.000002 -38.099998
      vertex 38.099998 0.000002 38.099998
    endloop
  endfacet
  facet normal 1.000000 0.000000 0.000000
    outer loop
      vertex 38.099998 0.000002 -38.099998
      vertex 38.099998 25.400002 6.349998
      vertex 38.099998 25.400002 19.049999
    endloop
  endfacet
  facet normal 1.000000 0.000000 0.000000
    outer loop
      vertex 38.099998 0.000002 -38.099998
      vertex 38.099998 44.450001 6.349998
      vertex 38.099998 25.400002 6.349998
    endloop
  endfacet
  facet normal 1.000000 0.000000 0.000000
    outer loop
      vertex 38.099998 0.000002 -38.099998
      vertex 38.099998 44.450001 -19.050001
      vertex 38.099998 44.450001 6.349998
    endloop
  endfacet
  facet normal 0.000000 0.000000 1.000000
    outer loop
      vertex -0.691415 3.250222 36.829998
      vertex 0.293159 2.989453 36.829998
      vertex 2.375767 3.250222 36.829998
    endloop
  endfacet
  facet normal 0.000000 0.000000 1.000000
    outer loop
      vertex 0.293159 2.989453 36.829998
      vertex 0.839355 2.956856 36.829998
      vertex 1.387849 2.989453 36.829998
    endloop
  endfacet
  facet normal 0.059573 0.998224 0.000000
    outer loop
      vertex 0.293159 2.989453 36.829998
      vertex 0.293159 2.989453 38.099998
      vertex 0.839355 2.956856 36.829998
    endloop
  endfacet
  facet normal 0.188223 0.982126 0.000000
    outer loop
      vertex -0.217098 3.087243 38.099998
      vertex 0.293159 2.989453 38.099998
      vertex 0.293159 2.989453 36.829998
    endloop
  endfacet
  facet normal -0.059325 0.998239 0.000000
    outer loop
      vertex 0.839355 2.956856 36.829998
      vertex 0.839355 2.956856 38.099998
      vertex 1.387849 2.989453 36.829998
    endloop
  endfacet
  facet normal 0.059573 0.998224 0.000000
    outer loop
      vertex 0.839355 2.956856 36.829998
      vertex 0.293159 2.989453 38.099998
      vertex 0.839355 2.956856 38.099998
    endloop
  endfacet
  facet normal 0.000000 0.000000 1.000000
    outer loop
      vertex -0.691415 3.250222 36.829998
      vertex 0.630878 4.342565 36.829998
      vertex 0.431706 4.369988 36.829998
    endloop
  endfacet
  facet normal 0.000000 0.000000 1.000000
    outer loop
      vertex -0.691415 3.250222 36.829998
      vertex 1.004478 4.339272 36.829998
      vertex 0.630878 4.342565 36.829998
    endloop
  endfacet
  facet normal 0.000000 0.000000 1.000000
    outer loop
      vertex -0.691415 3.250222 36.829998
      vertex 1.202801 4.363042 36.829998
      vertex 1.004478 4.339272 36.829998
    endloop
  endfacet
  facet normal 0.000000 0.000000 1.000000
    outer loop
      vertex -0.691415 3.250222 36.829998
      vertex 1.392146 4.405091 36.829998
      vertex 1.202801 4.363042 36.829998
    endloop
  endfacet
  facet normal 0.000000 0.000000 1.000000
    outer loop
      vertex -0.691415 3.250222 36.829998
      vertex 1.572513 4.465428 36.829998
      vertex 1.392146 4.405091 36.829998
    endloop
  endfacet
  facet normal 0.000000 0.000000 1.000000
    outer loop
      vertex -0.691415 3.250222 36.829998
      vertex 1.710341 4.526856 36.829998
      vertex 1.572513 4.465428 36.829998
    endloop
  endfacet
  facet normal 0.000000 0.000000 1.000000
    outer loop
      vertex -0.691415 3.250222 36.829998
      vertex 2.375767 3.250222 36.829998
      vertex 1.710341 4.526856 36.829998
    endloop
  endfacet
  facet normal -0.334044 -0.942558 0.000000
    outer loop
      vertex 0.061276 4.479688 36.829998
      vertex 0.241839 4.415696 36.829998
      vertex 0.241839 4.415696 38.099998
    endloop
  endfacet
  facet normal -0.413473 -0.910516 0.000000
    outer loop
      vertex -0.042595 4.526856 36.829998
      vertex 0.061276 4.479688 36.829998
      vertex 0.061276 4.479688 38.099998
    endloop
  endfacet
  facet normal -0.234049 -0.972225 0.000000
    outer loop
      vertex 0.241839 4.415696 36.829998
      vertex 0.431706 4.369988 36.829998
      vertex 0.431706 4.369988 38.099998
    endloop
  endfacet
  facet normal -0.136402 -0.990654 0.000000
    outer loop
      vertex 0.431706 4.369988 36.829998
      vertex 0.630878 4.342565 36.829998
      vertex 0.630878 4.342565 38.099998
    endloop
  endfacet
  facet normal -0.334044 -0.942558 0.000000
    outer loop
      vertex 0.061276 4.479688 36.829998
      vertex 0.241839 4.415696 38.099998
      vertex 0.061276 4.479688 38.099998
    endloop
  endfacet
  facet normal 0.000000 0.000000 1.000000
    outer loop
      vertex -0.511705 4.861440 38.099998
      vertex -0.364640 4.731629 38.099998
      vertex 1.710341 4.526856 38.099998
    endloop
  endfacet
  facet normal -0.234049 -0.972225 0.000000
    outer loop
      vertex 0.241839 4.415696 36.829998
      vertex 0.431706 4.369988 38.099998
      vertex 0.241839 4.415696 38.099998
    endloop
  endfacet
  facet normal -0.136402 -0.990654 0.000000
    outer loop
      vertex 0.431706 4.369988 36.829998
      vertex 0.630878 4.342565 38.099998
      vertex 0.431706 4.369988 38.099998
    endloop
  endfacet
  facet normal 0.000000 0.000000 1.000000
    outer loop
      vertex 0.241839 4.415696 38.099998
      vertex 0.431706 4.369988 38.099998
      vertex 0.630878 4.342565 38.099998
    endloop
  endfacet
  facet normal 0.000000 0.000000 1.000000
    outer loop
      vertex -0.042595 4.526856 38.099998
      vertex 0.061276 4.479688 38.099998
      vertex 1.202801 4.363042 38.099998
    endloop
  endfacet
  facet normal 0.000000 0.000000 1.000000
    outer loop
      vertex 0.061276 4.479688 38.099998
      vertex 0.241839 4.415696 38.099998
      vertex 1.004478 4.339272 38.099998
    endloop
  endfacet
  facet normal 0.000000 0.000000 1.000000
    outer loop
      vertex -0.364640 4.731629 38.099998
      vertex -0.208270 4.620103 38.099998
      vertex 1.572513 4.465428 38.099998
    endloop
  endfacet
  facet normal 0.000000 0.000000 1.000000
    outer loop
      vertex -0.208270 4.620103 38.099998
      vertex -0.042595 4.526856 38.099998
      vertex 1.392146 4.405091 38.099998
    endloop
  endfacet
  facet normal -0.008811 -0.999961 0.000000
    outer loop
      vertex 0.630878 4.342565 36.829998
      vertex 1.004478 4.339272 36.829998
      vertex 1.004478 4.339272 38.099998
    endloop
  endfacet
  facet normal 0.119000 -0.992894 0.000000
    outer loop
      vertex 1.004478 4.339272 36.829998
      vertex 1.202801 4.363042 36.829998
      vertex 1.202801 4.363042 38.099998
    endloop
  endfacet
  facet normal -0.008811 -0.999961 0.000000
    outer loop
      vertex 0.630878 4.342565 36.829998
      vertex 1.004478 4.339272 38.099998
      vertex 0.630878 4.342565 38.099998
    endloop
  endfacet
  facet normal 0.000000 0.000000 1.000000
    outer loop
      vertex 0.241839 4.415696 38.099998
      vertex 0.630878 4.342565 38.099998
      vertex 1.004478 4.339272 38.099998
    endloop
  endfacet
  facet normal 0.000000 0.000000 1.000000
    outer loop
      vertex 0.061276 4.479688 38.099998
      vertex 1.004478 4.339272 38.099998
      vertex 1.202801 4.363042 38.099998
    endloop
  endfacet
  facet normal 0.000000 0.000000 1.000000
    outer loop
      vertex -0.042595 4.526856 38.099998
      vertex 1.202801 4.363042 38.099998
      vertex 1.392146 4.405091 38.099998
    endloop
  endfacet
  facet normal 0.119000 -0.992894 0.000000
    outer loop
      vertex 1.004478 4.339272 36.829998
      vertex 1.202801 4.363042 38.099998
      vertex 1.004478 4.339272 38.099998
    endloop
  endfacet
  facet normal 0.000000 0.000000 1.000000
    outer loop
      vertex -0.208270 4.620103 38.099998
      vertex 1.392146 4.405091 38.099998
      vertex 1.572513 4.465428 38.099998
    endloop
  endfacet
  facet normal 0.000000 0.000000 1.000000
    outer loop
      vertex -0.364640 4.731629 38.099998
      vertex 1.572513 4.465428 38.099998
      vertex 1.710341 4.526856 38.099998
    endloop
  endfacet
  facet normal 0.000000 0.000000 1.000000
    outer loop
      vertex -0.511705 4.861440 38.099998
      vertex 1.710341 4.526856 38.099998
      vertex 1.874547 4.620103 38.099998
    endloop
  endfacet
  facet normal 0.000000 0.000000 1.000000
    outer loop
      vertex 0.293159 2.989453 36.829998
      vertex 1.387849 2.989453 36.829998
      vertex 2.375767 3.250222 36.829998
    endloop
  endfacet
  facet normal 0.000000 0.000000 1.000000
    outer loop
      vertex 1.387849 2.989453 36.829998
      vertex 1.899987 3.087243 36.829998
      vertex 2.375767 3.250222 36.829998
    endloop
  endfacet
  facet normal -0.187556 0.982254 0.000000
    outer loop
      vertex 1.387849 2.989453 36.829998
      vertex 1.387849 2.989453 38.099998
      vertex 1.899987 3.087243 36.829998
    endloop
  endfacet
  facet normal -0.059325 0.998239 0.000000
    outer loop
      vertex 0.839355 2.956856 38.099998
      vertex 1.387849 2.989453 38.099998
      vertex 1.387849 2.989453 36.829998
    endloop
  endfacet
  facet normal -0.187556 0.982254 0.000000
    outer loop
      vertex 1.899987 3.087243 36.829998
      vertex 1.387849 2.989453 38.099998
      vertex 1.899987 3.087243 38.099998
    endloop
  endfacet
  facet normal -0.324066 0.946035 0.000000
    outer loop
      vertex 1.899987 3.087243 36.829998
      vertex 1.899987 3.087243 38.099998
      vertex 2.375767 3.250222 36.829998
    endloop
  endfacet
  facet normal -0.324066 0.946035 0.000000
    outer loop
      vertex 2.375767 3.250222 36.829998
      vertex 1.899987 3.087243 38.099998
      vertex 2.375767 3.250222 38.099998
    endloop
  endfacet
  facet normal 0.000000 0.000000 1.000000
    outer loop
      vertex 2.375767 3.250222 36.829998
      vertex 1.874547 4.620103 36.829998
      vertex 1.710341 4.526856 36.829998
    endloop
  endfacet
  facet normal 0.000000 0.000000 1.000000
    outer loop
      vertex 2.375767 3.250222 36.829998
      vertex 2.029774 4.731629 36.829998
      vertex 1.874547 4.620103 36.829998
    endloop
  endfacet
  facet normal 0.000000 0.000000 1.000000
    outer loop
      vertex 2.375767 3.250222 36.829998
      vertex 2.176023 4.861440 36.829998
      vertex 2.029774 4.731629 36.829998
    endloop
  endfacet
  facet normal 0.000000 0.000000 1.000000
    outer loop
      vertex 2.375767 3.250222 36.829998
      vertex 2.313294 5.009534 36.829998
      vertex 2.176023 4.861440 36.829998
    endloop
  endfacet
  facet normal 0.216797 -0.976217 0.000000
    outer loop
      vertex 1.202801 4.363042 36.829998
      vertex 1.392146 4.405091 36.829998
      vertex 1.392146 4.405091 38.099998
    endloop
  endfacet
  facet normal 0.317244 -0.948344 0.000000
    outer loop
      vertex 1.392146 4.405091 36.829998
      vertex 1.572513 4.465428 36.829998
      vertex 1.572513 4.465428 38.099998
    endloop
  endfacet
  facet normal 0.407084 -0.913391 0.000000
    outer loop
      vertex 1.572513 4.465428 36.829998
      vertex 1.710341 4.526856 36.829998
      vertex 1.710341 4.526856 38.099998
    endloop
  endfacet
  facet normal 0.216797 -0.976217 0.000000
    outer loop
      vertex 1.202801 4.363042 36.829998
      vertex 1.392146 4.405091 38.099998
      vertex 1.202801 4.363042 38.099998
    endloop
  endfacet
  facet normal 0.317244 -0.948344 0.000000
    outer loop
      vertex 1.392146 4.405091 36.829998
      vertex 1.572513 4.465428 38.099998
      vertex 1.392146 4.405091 38.099998
    endloop
  endfacet
  facet normal 0.407084 -0.913391 0.000000
    outer loop
      vertex 1.572513 4.465428 36.829998
      vertex 1.710341 4.526856 38.099998
      vertex 1.572513 4.465428 38.099998
    endloop
  endfacet
  facet normal 0.493801 -0.869575 0.000000
    outer loop
      vertex 1.710341 4.526856 36.829998
      vertex 1.874547 4.620103 38.099998
      vertex 1.710341 4.526856 38.099998
    endloop
  endfacet
  facet normal 0.493801 -0.869575 0.000000
    outer loop
      vertex 1.710341 4.526856 36.829998
      vertex 1.874547 4.620103 36.829998
      vertex 1.874547 4.620103 38.099998
    endloop
  endfacet
  facet normal 0.583488 -0.812122 0.000000
    outer loop
      vertex 1.874547 4.620103 36.829998
      vertex 2.029774 4.731629 36.829998
      vertex 2.029774 4.731629 38.099998
    endloop
  endfacet
  facet normal 0.583488 -0.812122 0.000000
    outer loop
      vertex 1.874547 4.620103 36.829998
      vertex 2.029774 4.731629 38.099998
      vertex 1.874547 4.620103 38.099998
    endloop
  endfacet
  facet normal 0.000000 0.000000 1.000000
    outer loop
      vertex -15.874998 3.175000 38.099998
      vertex 38.099998 0.000002 38.099998
      vertex -14.325423 3.175000 38.099998
    endloop
  endfacet
  facet normal 0.000000 0.000000 1.000000
    outer loop
      vertex -14.325423 3.175000 38.099998
      vertex 38.099998 0.000002 38.099998
      vertex -10.022718 3.175000 38.099998
    endloop
  endfacet
  facet normal -0.493958 0.869486 0.000000
    outer loop
      vertex 2.375767 3.250222 36.829998
      vertex 2.375767 3.250222 38.099998
      vertex 3.021266 3.616933 36.829998
    endloop
  endfacet
  facet normal -0.493958 0.869486 0.000000
    outer loop
      vertex 2.375767 3.250222 38.099998
      vertex 3.021266 3.616933 38.099998
      vertex 3.021266 3.616933 36.829998
    endloop
  endfacet
  facet normal 0.000000 0.000000 1.000000
    outer loop
      vertex 2.375767 3.250222 36.829998
      vertex 3.021266 3.616933 36.829998
      vertex 3.406153 3.942895 36.829998
    endloop
  endfacet
  facet normal 0.000000 0.000000 1.000000
    outer loop
      vertex 2.375767 3.250222 36.829998
      vertex 2.545571 5.334485 36.829998
      vertex 2.313294 5.009534 36.829998
    endloop
  endfacet
  facet normal 0.000000 0.000000 1.000000
    outer loop
      vertex 2.375767 3.250222 36.829998
      vertex 2.655270 5.533822 36.829998
      vertex 2.545571 5.334485 36.829998
    endloop
  endfacet
  facet normal 0.000000 0.000000 1.000000
    outer loop
      vertex 2.375767 3.250222 36.829998
      vertex 3.406153 3.942895 36.829998
      vertex 4.240021 5.172463 36.829998
    endloop
  endfacet
  facet normal -0.646276 0.763104 0.000000
    outer loop
      vertex 3.021266 3.616933 36.829998
      vertex 3.021266 3.616933 38.099998
      vertex 3.406153 3.942895 36.829998
    endloop
  endfacet
  facet normal -0.768869 0.639407 0.000000
    outer loop
      vertex 3.406153 3.942895 36.829998
      vertex 3.406153 3.942895 38.099998
      vertex 3.888358 4.522733 36.829998
    endloop
  endfacet
  facet normal -0.646276 0.763104 0.000000
    outer loop
      vertex 3.406153 3.942895 36.829998
      vertex 3.021266 3.616933 38.099998
      vertex 3.406153 3.942895 38.099998
    endloop
  endfacet
  facet normal 0.000000 0.000000 1.000000
    outer loop
      vertex 2.375767 3.250222 38.099998
      vertex 5.330115 3.175000 38.099998
      vertex 3.021266 3.616933 38.099998
    endloop
  endfacet
  facet normal 0.000000 0.000000 1.000000
    outer loop
      vertex 3.406153 3.942895 36.829998
      vertex 3.888358 4.522733 36.829998
      vertex 4.240021 5.172463 36.829998
    endloop
  endfacet
  facet normal 0.000000 0.000000 1.000000
    outer loop
      vertex 3.021266 3.616933 38.099998
      vertex 5.330115 3.175000 38.099998
      vertex 3.406153 3.942895 38.099998
    endloop
  endfacet
  facet normal -0.879447 0.475996 0.000000
    outer loop
      vertex 3.888358 4.522733 36.829998
      vertex 3.888358 4.522733 38.099998
      vertex 4.240021 5.172463 36.829998
    endloop
  endfacet
  facet normal -0.768869 0.639407 0.000000
    outer loop
      vertex 3.406153 3.942895 38.099998
      vertex 3.888358 4.522733 38.099998
      vertex 3.888358 4.522733 36.829998
    endloop
  endfacet
  facet normal 0.000000 0.000000 1.000000
    outer loop
      vertex 3.406153 3.942895 38.099998
      vertex 5.330115 3.175000 38.099998
      vertex 3.888358 4.522733 38.099998
    endloop
  endfacet
  facet normal 0.000000 0.000000 1.000000
    outer loop
      vertex 3.888358 4.522733 38.099998
      vertex 5.330115 3.175000 38.099998
      vertex 4.240021 5.172463 38.099998
    endloop
  endfacet
  facet normal 0.000000 0.000000 1.000000
    outer loop
      vertex 4.240021 5.172463 38.099998
      vertex 5.330115 3.175000 38.099998
      vertex 4.405510 5.646363 38.099998
    endloop
  endfacet
  facet normal 0.000000 0.000000 1.000000
    outer loop
      vertex -0.880420 5.334485 38.099998
      vertex -0.649465 5.009534 38.099998
      vertex 1.874547 4.620103 38.099998
    endloop
  endfacet
  facet normal 0.000000 0.000000 1.000000
    outer loop
      vertex -0.649465 5.009534 38.099998
      vertex -0.511705 4.861440 38.099998
      vertex 1.874547 4.620103 38.099998
    endloop
  endfacet
  facet normal 0.000000 0.000000 1.000000
    outer loop
      vertex -0.880420 5.334485 38.099998
      vertex 2.313294 5.009534 38.099998
      vertex -0.988552 5.533822 38.099998
    endloop
  endfacet
  facet normal 0.000000 0.000000 1.000000
    outer loop
      vertex -1.080464 5.743035 38.099998
      vertex -0.988552 5.533822 38.099998
      vertex 2.545571 5.334485 38.099998
    endloop
  endfacet
  facet normal 0.000000 0.000000 1.000000
    outer loop
      vertex -1.080464 5.743035 38.099998
      vertex 2.545571 5.334485 38.099998
      vertex -1.156156 5.962117 38.099998
    endloop
  endfacet
  facet normal 0.000000 0.000000 1.000000
    outer loop
      vertex -1.156156 5.962117 38.099998
      vertex 2.655270 5.533822 38.099998
      vertex -1.215629 6.191075 38.099998
    endloop
  endfacet
  facet normal 0.000000 0.000000 1.000000
    outer loop
      vertex -0.880420 5.334485 38.099998
      vertex 1.874547 4.620103 38.099998
      vertex 2.029774 4.731629 38.099998
    endloop
  endfacet
  facet normal 0.000000 0.000000 1.000000
    outer loop
      vertex -0.880420 5.334485 38.099998
      vertex 2.029774 4.731629 38.099998
      vertex 2.176023 4.861440 38.099998
    endloop
  endfacet
  facet normal 0.000000 0.000000 1.000000
    outer loop
      vertex -1.215629 6.191075 38.099998
      vertex 2.748514 5.743035 38.099998
      vertex -1.258882 6.429906 38.099998
    endloop
  endfacet
  facet normal 0.000000 0.000000 1.000000
    outer loop
      vertex -1.288843 6.721019 38.099998
      vertex -1.258882 6.429906 38.099998
      vertex 2.885638 6.191075 38.099998
    endloop
  endfacet
  facet normal 0.000000 0.000000 1.000000
    outer loop
      vertex -1.288843 6.721019 38.099998
      vertex 2.885638 6.191075 38.099998
      vertex -1.285755 7.284032 38.099998
    endloop
  endfacet
  facet normal 0.000000 0.000000 1.000000
    outer loop
      vertex -0.880420 5.334485 38.099998
      vertex 2.176023 4.861440 38.099998
      vertex 2.313294 5.009534 38.099998
    endloop
  endfacet
  facet normal 0.000000 0.000000 1.000000
    outer loop
      vertex -0.988552 5.533822 38.099998
      vertex 2.313294 5.009534 38.099998
      vertex 2.545571 5.334485 38.099998
    endloop
  endfacet
  facet normal 0.000000 0.000000 1.000000
    outer loop
      vertex -1.156156 5.962117 38.099998
      vertex 2.545571 5.334485 38.099998
      vertex 2.655270 5.533822 38.099998
    endloop
  endfacet
  facet normal 0.000000 0.000000 1.000000
    outer loop
      vertex -1.215629 6.191075 38.099998
      vertex 2.655270 5.533822 38.099998
      vertex 2.748514 5.743035 38.099998
    endloop
  endfacet
  facet normal 0.663824 -0.747889 0.000000
    outer loop
      vertex 2.029774 4.731629 36.829998
      vertex 2.176023 4.861440 36.829998
      vertex 2.176023 4.861440 38.099998
    endloop
  endfacet
  facet normal 0.733400 -0.679798 0.000000
    outer loop
      vertex 2.176023 4.861440 36.829998
      vertex 2.313294 5.009534 36.829998
      vertex 2.313294 5.009534 38.099998
    endloop
  endfacet
  facet normal 0.663824 -0.747889 0.000000
    outer loop
      vertex 2.029774 4.731629 36.829998
      vertex 2.176023 4.861440 38.099998
      vertex 2.029774 4.731629 38.099998
    endloop
  endfacet
  facet normal 0.733400 -0.679798 0.000000
    outer loop
      vertex 2.176023 4.861440 36.829998
      vertex 2.313294 5.009534 38.099998
      vertex 2.176023 4.861440 38.099998
    endloop
  endfacet
  facet normal 0.000000 0.000000 1.000000
    outer loop
      vertex -1.258882 6.429906 38.099998
      vertex 2.748514 5.743035 38.099998
      vertex 2.825304 5.962117 38.099998
    endloop
  endfacet
  facet normal 0.000000 0.000000 1.000000
    outer loop
      vertex -1.258882 6.429906 38.099998
      vertex 2.825304 5.962117 38.099998
      vertex 2.885638 6.191075 38.099998
    endloop
  endfacet
  facet normal 0.000000 0.000000 1.000000
    outer loop
      vertex -1.285755 7.284032 38.099998
      vertex 2.885638 6.191075 38.099998
      vertex 2.929518 6.429906 38.099998
    endloop
  endfacet
  facet normal 0.000000 0.000000 1.000000
    outer loop
      vertex -1.285755 7.284032 38.099998
      vertex 2.929518 6.429906 38.099998
      vertex 2.956942 6.678609 38.099998
    endloop
  endfacet
  facet normal 0.000000 0.000000 1.000000
    outer loop
      vertex -1.285755 7.284032 38.099998
      vertex 2.956942 6.678609 38.099998
      vertex 2.959913 7.241345 38.099998
    endloop
  endfacet
  facet normal 0.000000 0.000000 1.000000
    outer loop
      vertex -1.285755 7.284032 38.099998
      vertex 2.959913 7.241345 38.099998
      vertex -1.258330 7.533128 38.099998
    endloop
  endfacet
  facet normal 0.000000 0.000000 1.000000
    outer loop
      vertex -1.258330 7.533128 38.099998
      vertex 2.959913 7.241345 38.099998
      vertex -1.214450 7.772584 38.099998
    endloop
  endfacet
  facet normal 0.000000 0.000000 1.000000
    outer loop
      vertex -1.214450 7.772584 38.099998
      vertex 2.929518 7.532023 38.099998
      vertex -1.154116 8.002404 38.099998
    endloop
  endfacet
  facet normal 0.000000 0.000000 1.000000
    outer loop
      vertex -1.154116 8.002404 38.099998
      vertex 2.929518 7.532023 38.099998
      vertex -1.077327 8.222585 38.099998
    endloop
  endfacet
  facet normal 0.000000 0.000000 1.000000
    outer loop
      vertex -1.077327 8.222585 38.099998
      vertex 2.929518 7.532023 38.099998
      vertex -0.984083 8.433129 38.099998
    endloop
  endfacet
  facet normal 0.000000 0.000000 1.000000
    outer loop
      vertex -0.984083 8.433129 38.099998
      vertex 2.313294 8.945426 38.099998
      vertex -0.874384 8.634034 38.099998
    endloop
  endfacet
  facet normal 0.000000 0.000000 1.000000
    outer loop
      vertex -0.874384 8.634034 38.099998
      vertex 2.313294 8.945426 38.099998
      vertex -0.643428 8.957500 38.099998
    endloop
  endfacet
  facet normal -0.428219 0.903675 0.000000
    outer loop
      vertex -0.107941 9.397079 36.829998
      vertex 0.062582 9.477883 38.099998
      vertex 0.062582 9.477883 36.829998
    endloop
  endfacet
  facet normal -0.329659 0.944100 0.000000
    outer loop
      vertex 0.062582 9.477883 36.829998
      vertex 0.062582 9.477883 38.099998
      vertex 0.242573 9.540732 36.829998
    endloop
  endfacet
  facet normal 0.000000 0.000000 1.000000
    outer loop
      vertex -0.643428 8.957500 38.099998
      vertex 2.029774 9.223330 38.099998
      vertex -0.506990 9.102948 38.099998
    endloop
  endfacet
  facet normal -0.329659 0.944100 0.000000
    outer loop
      vertex 0.242573 9.540732 36.829998
      vertex 0.062582 9.477883 38.099998
      vertex 0.242573 9.540732 38.099998
    endloop
  endfacet
  facet normal 0.000000 0.000000 1.000000
    outer loop
      vertex -0.361084 9.230441 38.099998
      vertex 0.432032 9.585624 38.099998
      vertex 0.242573 9.540732 38.099998
    endloop
  endfacet
  facet normal 0.000000 0.000000 1.000000
    outer loop
      vertex -0.361084 9.230441 38.099998
      vertex 0.630960 9.612559 38.099998
      vertex 0.432032 9.585624 38.099998
    endloop
  endfacet
  facet normal 0.000000 0.000000 1.000000
    outer loop
      vertex -0.506990 9.102948 38.099998
      vertex 1.874547 9.334857 38.099998
      vertex -0.361084 9.230441 38.099998
    endloop
  endfacet
  facet normal 0.000000 0.000000 1.000000
    outer loop
      vertex -0.361084 9.230441 38.099998
      vertex 1.004478 9.615685 38.099998
      vertex 0.630960 9.612559 38.099998
    endloop
  endfacet
  facet normal 0.000000 0.000000 1.000000
    outer loop
      vertex -0.361084 9.230441 38.099998
      vertex 1.202801 9.591918 38.099998
      vertex 1.004478 9.615685 38.099998
    endloop
  endfacet
  facet normal 0.000000 0.000000 1.000000
    outer loop
      vertex -0.361084 9.230441 38.099998
      vertex 1.392146 9.549867 38.099998
      vertex 1.202801 9.591918 38.099998
    endloop
  endfacet
  facet normal 0.000000 0.000000 1.000000
    outer loop
      vertex -0.361084 9.230441 38.099998
      vertex 1.572513 9.489532 38.099998
      vertex 1.392146 9.549867 38.099998
    endloop
  endfacet
  facet normal 0.000000 0.000000 1.000000
    outer loop
      vertex -0.643428 8.957500 38.099998
      vertex 2.176023 9.093520 38.099998
      vertex 2.029774 9.223330 38.099998
    endloop
  endfacet
  facet normal 0.000000 0.000000 1.000000
    outer loop
      vertex -0.506990 9.102948 38.099998
      vertex 2.029774 9.223330 38.099998
      vertex 1.874547 9.334857 38.099998
    endloop
  endfacet
  facet normal 0.000000 0.000000 1.000000
    outer loop
      vertex -0.361084 9.230441 38.099998
      vertex 1.710341 9.428102 38.099998
      vertex 1.572513 9.489532 38.099998
    endloop
  endfacet
  facet normal 0.000000 0.000000 1.000000
    outer loop
      vertex -0.361084 9.230441 38.099998
      vertex 1.874547 9.334857 38.099998
      vertex 1.710341 9.428102 38.099998
    endloop
  endfacet
  facet normal 0.000000 0.000000 1.000000
    outer loop
      vertex -1.214450 7.772584 38.099998
      vertex 2.959913 7.241345 38.099998
      vertex 2.929518 7.532023 38.099998
    endloop
  endfacet
  facet normal 0.000000 0.000000 1.000000
    outer loop
      vertex -0.984083 8.433129 38.099998
      vertex 2.929518 7.532023 38.099998
      vertex 2.885638 7.770226 38.099998
    endloop
  endfacet
  facet normal 0.000000 0.000000 1.000000
    outer loop
      vertex -0.984083 8.433129 38.099998
      vertex 2.885638 7.770226 38.099998
      vertex 2.825304 7.998322 38.099998
    endloop
  endfacet
  facet normal 0.000000 0.000000 1.000000
    outer loop
      vertex -0.984083 8.433129 38.099998
      vertex 2.825304 7.998322 38.099998
      vertex 2.748514 8.216310 38.099998
    endloop
  endfacet
  facet normal 0.000000 0.000000 1.000000
    outer loop
      vertex -0.984083 8.433129 38.099998
      vertex 2.748514 8.216310 38.099998
      vertex 2.655270 8.424190 38.099998
    endloop
  endfacet
  facet normal 0.000000 0.000000 1.000000
    outer loop
      vertex -0.984083 8.433129 38.099998
      vertex 2.655270 8.424190 38.099998
      vertex 2.545571 8.621961 38.099998
    endloop
  endfacet
  facet normal 0.000000 0.000000 1.000000
    outer loop
      vertex -0.984083 8.433129 38.099998
      vertex 2.545571 8.621961 38.099998
      vertex 2.313294 8.945426 38.099998
    endloop
  endfacet
  facet normal 0.407094 0.913386 0.000000
    outer loop
      vertex 1.572513 9.489532 36.829998
      vertex 1.572513 9.489532 38.099998
      vertex 1.710341 9.428102 36.829998
    endloop
  endfacet
  facet normal 0.493793 0.869579 0.000000
    outer loop
      vertex 1.710341 9.428102 36.829998
      vertex 1.710341 9.428102 38.099998
      vertex 1.874547 9.334857 36.829998
    endloop
  endfacet
  facet normal 0.000000 0.000000 1.000000
    outer loop
      vertex -0.643428 8.957500 38.099998
      vertex 2.313294 8.945426 38.099998
      vertex 2.176023 9.093520 38.099998
    endloop
  endfacet
  facet normal 0.317235 0.948347 0.000000
    outer loop
      vertex 1.572513 9.489532 36.829998
      vertex 1.392146 9.549867 38.099998
      vertex 1.572513 9.489532 38.099998
    endloop
  endfacet
  facet normal 0.407094 0.913386 0.000000
    outer loop
      vertex 1.710341 9.428102 36.829998
      vertex 1.572513 9.489532 38.099998
      vertex 1.710341 9.428102 38.099998
    endloop
  endfacet
  facet normal 0.663824 0.747889 0.000000
    outer loop
      vertex 2.029774 9.223330 36.829998
      vertex 2.029774 9.223330 38.099998
      vertex 2.176023 9.093520 36.829998
    endloop
  endfacet
  facet normal 0.583488 0.812122 0.000000
    outer loop
      vertex 1.874547 9.334857 36.829998
      vertex 1.874547 9.334857 38.099998
      vertex 2.029774 9.223330 36.829998
    endloop
  endfacet
  facet normal 0.733400 0.679798 0.000000
    outer loop
      vertex 2.176023 9.093520 36.829998
      vertex 2.176023 9.093520 38.099998
      vertex 2.313294 8.945426 36.829998
    endloop
  endfacet
  facet normal 0.493793 0.869579 0.000000
    outer loop
      vertex 1.874547 9.334857 36.829998
      vertex 1.710341 9.428102 38.099998
      vertex 1.874547 9.334857 38.099998
    endloop
  endfacet
  facet normal 0.583488 0.812122 0.000000
    outer loop
      vertex 2.029774 9.223330 36.829998
      vertex 1.874547 9.334857 38.099998
      vertex 2.029774 9.223330 38.099998
    endloop
  endfacet
  facet normal 0.663824 0.747889 0.000000
    outer loop
      vertex 2.176023 9.093520 36.829998
      vertex 2.029774 9.223330 38.099998
      vertex 2.176023 9.093520 38.099998
    endloop
  endfacet
  facet normal 0.733400 0.679798 0.000000
    outer loop
      vertex 2.313294 8.945426 36.829998
      vertex 2.176023 9.093520 38.099998
      vertex 2.313294 8.945426 38.099998
    endloop
  endfacet
  facet normal 0.000000 0.000000 1.000000
    outer loop
      vertex 2.375767 3.250222 36.829998
      vertex 2.748514 5.743035 36.829998
      vertex 2.655270 5.533822 36.829998
    endloop
  endfacet
  facet normal 0.000000 0.000000 1.000000
    outer loop
      vertex 2.375767 3.250222 36.829998
      vertex 2.825304 5.962117 36.829998
      vertex 2.748514 5.743035 36.829998
    endloop
  endfacet
  facet normal 0.000000 0.000000 1.000000
    outer loop
      vertex 2.375767 3.250222 36.829998
      vertex 2.885638 6.191075 36.829998
      vertex 2.825304 5.962117 36.829998
    endloop
  endfacet
  facet normal 0.000000 0.000000 1.000000
    outer loop
      vertex 2.375767 3.250222 36.829998
      vertex 4.570894 7.255488 36.829998
      vertex 2.885638 6.191075 36.829998
    endloop
  endfacet
  facet normal 0.813533 -0.581519 0.000000
    outer loop
      vertex 2.313294 5.009534 36.829998
      vertex 2.545571 5.334485 36.829998
      vertex 2.545571 5.334485 38.099998
    endloop
  endfacet
  facet normal 0.813533 -0.581519 0.000000
    outer loop
      vertex 2.313294 5.009534 36.829998
      vertex 2.545571 5.334485 38.099998
      vertex 2.313294 5.009534 38.099998
    endloop
  endfacet
  facet normal 0.876098 -0.482134 0.000000
    outer loop
      vertex 2.545571 5.334485 36.829998
      vertex 2.655270 5.533822 36.829998
      vertex 2.655270 5.533822 38.099998
    endloop
  endfacet
  facet normal 0.913389 -0.407088 0.000000
    outer loop
      vertex 2.655270 5.533822 36.829998
      vertex 2.748514 5.743035 36.829998
      vertex 2.748514 5.743035 38.099998
    endloop
  endfacet
  facet normal 0.943710 -0.330774 0.000000
    outer loop
      vertex 2.748514 5.743035 36.829998
      vertex 2.825304 5.962117 36.829998
      vertex 2.825304 5.962117 38.099998
    endloop
  endfacet
  facet normal 0.876098 -0.482134 0.000000
    outer loop
      vertex 2.545571 5.334485 36.829998
      vertex 2.655270 5.533822 38.099998
      vertex 2.545571 5.334485 38.099998
    endloop
  endfacet
  facet normal 0.913389 -0.407088 0.000000
    outer loop
      vertex 2.655270 5.533822 36.829998
      vertex 2.748514 5.743035 38.099998
      vertex 2.655270 5.533822 38.099998
    endloop
  endfacet
  facet normal 0.943710 -0.330774 0.000000
    outer loop
      vertex 2.748514 5.743035 36.829998
      vertex 2.825304 5.962117 38.099998
      vertex 2.748514 5.743035 38.099998
    endloop
  endfacet
  facet normal 0.000000 0.000000 1.000000
    outer loop
      vertex 2.885638 6.191075 36.829998
      vertex 4.570894 7.255488 36.829998
      vertex 2.929518 6.429906 36.829998
    endloop
  endfacet
  facet normal 0.000000 0.000000 1.000000
    outer loop
      vertex 2.929518 6.429906 36.829998
      vertex 4.570894 7.255488 36.829998
      vertex 2.956942 6.678609 36.829998
    endloop
  endfacet
  facet normal 0.000000 0.000000 1.000000
    outer loop
      vertex 2.956942 6.678609 36.829998
      vertex 4.570894 7.255488 36.829998
      vertex 2.959913 7.241345 36.829998
    endloop
  endfacet
  facet normal 0.966989 -0.254818 0.000000
    outer loop
      vertex 2.825304 5.962117 36.829998
      vertex 2.885638 6.191075 36.829998
      vertex 2.885638 6.191075 38.099998
    endloop
  endfacet
  facet normal 0.983538 -0.180702 0.000000
    outer loop
      vertex 2.885638 6.191075 36.829998
      vertex 2.929518 6.429906 36.829998
      vertex 2.929518 6.429906 38.099998
    endloop
  endfacet
  facet normal 0.966989 -0.254818 0.000000
    outer loop
      vertex 2.825304 5.962117 36.829998
      vertex 2.885638 6.191075 38.099998
      vertex 2.825304 5.962117 38.099998
    endloop
  endfacet
  facet normal 0.983538 -0.180702 0.000000
    outer loop
      vertex 2.885638 6.191075 36.829998
      vertex 2.929518 6.429906 38.099998
      vertex 2.885638 6.191075 38.099998
    endloop
  endfacet
  facet normal 0.993975 -0.109607 0.000000
    outer loop
      vertex 2.929518 6.429906 36.829998
      vertex 2.956942 6.678609 38.099998
      vertex 2.929518 6.429906 38.099998
    endloop
  endfacet
  facet normal 0.993975 -0.109607 0.000000
    outer loop
      vertex 2.929518 6.429906 36.829998
      vertex 2.956942 6.678609 36.829998
      vertex 2.956942 6.678609 38.099998
    endloop
  endfacet
  facet normal 0.999986 -0.005279 0.000000
    outer loop
      vertex 2.956942 6.678609 36.829998
      vertex 2.959913 7.241345 36.829998
      vertex 2.959913 7.241345 38.099998
    endloop
  endfacet
  facet normal 0.999986 -0.005279 0.000000
    outer loop
      vertex 2.956942 6.678609 36.829998
      vertex 2.959913 7.241345 38.099998
      vertex 2.956942 6.678609 38.099998
    endloop
  endfacet
  facet normal 0.000000 0.000000 1.000000
    outer loop
      vertex 2.375767 3.250222 36.829998
      vertex 4.240021 5.172463 36.829998
      vertex 4.570894 7.255488 36.829998
    endloop
  endfacet
  facet normal 0.000000 0.000000 1.000000
    outer loop
      vertex 4.240021 5.172463 36.829998
      vertex 4.405510 5.646363 36.829998
      vertex 4.515836 6.152858 36.829998
    endloop
  endfacet
  facet normal -0.879447 0.475996 0.000000
    outer loop
      vertex 3.888358 4.522733 38.099998
      vertex 4.240021 5.172463 38.099998
      vertex 4.240021 5.172463 36.829998
    endloop
  endfacet
  facet normal -0.944092 0.329683 0.000000
    outer loop
      vertex 4.240021 5.172463 36.829998
      vertex 4.240021 5.172463 38.099998
      vertex 4.405510 5.646363 36.829998
    endloop
  endfacet
  facet normal 0.000000 0.000000 1.000000
    outer loop
      vertex 4.405510 5.646363 38.099998
      vertex 5.330115 3.175000 38.099998
      vertex 4.515836 6.152858 38.099998
    endloop
  endfacet
  facet normal -0.977089 0.212832 0.000000
    outer loop
      vertex 4.405510 5.646363 36.829998
      vertex 4.405510 5.646363 38.099998
      vertex 4.515836 6.152858 36.829998
    endloop
  endfacet
  facet normal -0.944092 0.329683 0.000000
    outer loop
      vertex 4.405510 5.646363 36.829998
      vertex 4.240021 5.172463 38.099998
      vertex 4.405510 5.646363 38.099998
    endloop
  endfacet
  facet normal 0.000000 0.000000 1.000000
    outer loop
      vertex 4.240021 5.172463 36.829998
      vertex 4.515836 6.152858 36.829998
      vertex 4.570894 7.255488 36.829998
    endloop
  endfacet
  facet normal 0.000000 0.000000 1.000000
    outer loop
      vertex 4.515836 6.152858 36.829998
      vertex 4.570999 6.691949 36.829998
      vertex 4.570894 7.255488 36.829998
    endloop
  endfacet
  facet normal -0.994805 0.101794 0.000000
    outer loop
      vertex 4.515836 6.152858 36.829998
      vertex 4.515836 6.152858 38.099998
      vertex 4.570999 6.691949 36.829998
    endloop
  endfacet
  facet normal -0.977089 0.212832 0.000000
    outer loop
      vertex 4.405510 5.646363 38.099998
      vertex 4.515836 6.152858 38.099998
      vertex 4.515836 6.152858 36.829998
    endloop
  endfacet
  facet normal -0.994805 0.101794 0.000000
    outer loop
      vertex 4.570999 6.691949 36.829998
      vertex 4.515836 6.152858 38.099998
      vertex 4.570999 6.691949 38.099998
    endloop
  endfacet
  facet normal -1.000000 -0.000185 0.000000
    outer loop
      vertex 4.570999 6.691949 36.829998
      vertex 4.570999 6.691949 38.099998
      vertex 4.570894 7.255488 36.829998
    endloop
  endfacet
  facet normal -1.000000 -0.000185 0.000000
    outer loop
      vertex 4.570999 6.691949 38.099998
      vertex 4.570894 7.255488 38.099998
      vertex 4.570894 7.255488 36.829998
    endloop
  endfacet
  facet normal 0.000000 0.000000 1.000000
    outer loop
      vertex 2.959913 7.241345 36.829998
      vertex 4.570894 7.255488 36.829998
      vertex 2.929518 7.532023 36.829998
    endloop
  endfacet
  facet normal 0.000000 0.000000 1.000000
    outer loop
      vertex 2.929518 7.532023 36.829998
      vertex 4.570894 7.255488 36.829998
      vertex 2.885638 7.770226 36.829998
    endloop
  endfacet
  facet normal 0.000000 0.000000 1.000000
    outer loop
      vertex 2.825304 7.998322 36.829998
      vertex 2.885638 7.770226 36.829998
      vertex 4.570894 7.255488 36.829998
    endloop
  endfacet
  facet normal 0.000000 0.000000 1.000000
    outer loop
      vertex 2.655270 8.424190 36.829998
      vertex 4.570894 7.255488 36.829998
      vertex 2.545571 8.621961 36.829998
    endloop
  endfacet
  facet normal 0.000000 0.000000 1.000000
    outer loop
      vertex 2.313294 8.945426 36.829998
      vertex 2.545571 8.621961 36.829998
      vertex 4.570894 7.255488 36.829998
    endloop
  endfacet
  facet normal 0.000000 0.000000 1.000000
    outer loop
      vertex 2.825304 7.998322 36.829998
      vertex 4.570894 7.255488 36.829998
      vertex 2.748514 8.216310 36.829998
    endloop
  endfacet
  facet normal 0.000000 0.000000 1.000000
    outer loop
      vertex 2.748514 8.216310 36.829998
      vertex 4.570894 7.255488 36.829998
      vertex 2.655270 8.424190 36.829998
    endloop
  endfacet
  facet normal 0.994577 0.104001 0.000000
    outer loop
      vertex 2.959913 7.241345 36.829998
      vertex 2.929518 7.532023 36.829998
      vertex 2.929518 7.532023 38.099998
    endloop
  endfacet
  facet normal 0.983453 0.181162 0.000000
    outer loop
      vertex 2.929518 7.532023 36.829998
      vertex 2.885638 7.770226 36.829998
      vertex 2.885638 7.770226 38.099998
    endloop
  endfacet
  facet normal 0.994577 0.104001 0.000000
    outer loop
      vertex 2.959913 7.241345 36.829998
      vertex 2.929518 7.532023 38.099998
      vertex 2.959913 7.241345 38.099998
    endloop
  endfacet
  facet normal 0.983453 0.181162 0.000000
    outer loop
      vertex 2.929518 7.532023 36.829998
      vertex 2.885638 7.770226 38.099998
      vertex 2.929518 7.532023 38.099998
    endloop
  endfacet
  facet normal 0.966751 0.255719 0.000000
    outer loop
      vertex 2.825304 7.998322 36.829998
      vertex 2.825304 7.998322 38.099998
      vertex 2.885638 7.770226 36.829998
    endloop
  endfacet
  facet normal 0.943190 0.332253 0.000000
    outer loop
      vertex 2.825304 7.998322 36.829998
      vertex 2.748514 8.216310 36.829998
      vertex 2.748514 8.216310 38.099998
    endloop
  endfacet
  facet normal 0.966751 0.255719 0.000000
    outer loop
      vertex 2.885638 7.770226 36.829998
      vertex 2.825304 7.998322 38.099998
      vertex 2.885638 7.770226 38.099998
    endloop
  endfacet
  facet normal 0.943190 0.332253 0.000000
    outer loop
      vertex 2.825304 7.998322 36.829998
      vertex 2.748514 8.216310 38.099998
      vertex 2.825304 7.998322 38.099998
    endloop
  endfacet
  facet normal 0.912417 0.409262 0.000000
    outer loop
      vertex 2.748514 8.216310 36.829998
      vertex 2.655270 8.424190 38.099998
      vertex 2.748514 8.216310 38.099998
    endloop
  endfacet
  facet normal 0.000000 0.000000 1.000000
    outer loop
      vertex 2.029774 9.223330 36.829998
      vertex 2.176023 9.093520 36.829998
      vertex 4.570894 7.255488 36.829998
    endloop
  endfacet
  facet normal 0.000000 0.000000 1.000000
    outer loop
      vertex 2.029774 9.223330 36.829998
      vertex 4.570894 7.255488 36.829998
      vertex 1.891629 10.866881 36.829998
    endloop
  endfacet
  facet normal 0.000000 0.000000 1.000000
    outer loop
      vertex 2.176023 9.093520 36.829998
      vertex 2.313294 8.945426 36.829998
      vertex 4.570894 7.255488 36.829998
    endloop
  endfacet
  facet normal 0.000000 0.000000 1.000000
    outer loop
      vertex 4.570894 7.255488 36.829998
      vertex 3.730914 9.624984 36.829998
      vertex 1.891629 10.866881 36.829998
    endloop
  endfacet
  facet normal 0.874483 0.485056 0.000000
    outer loop
      vertex 2.655270 8.424190 36.829998
      vertex 2.545571 8.621961 36.829998
      vertex 2.545571 8.621961 38.099998
    endloop
  endfacet
  facet normal 0.812269 0.583283 0.000000
    outer loop
      vertex 2.313294 8.945426 36.829998
      vertex 2.313294 8.945426 38.099998
      vertex 2.545571 8.621961 36.829998
    endloop
  endfacet
  facet normal 0.912417 0.409262 0.000000
    outer loop
      vertex 2.748514 8.216310 36.829998
      vertex 2.655270 8.424190 36.829998
      vertex 2.655270 8.424190 38.099998
    endloop
  endfacet
  facet normal 0.874483 0.485056 0.000000
    outer loop
      vertex 2.655270 8.424190 36.829998
      vertex 2.545571 8.621961 38.099998
      vertex 2.655270 8.424190 38.099998
    endloop
  endfacet
  facet normal 0.812269 0.583283 0.000000
    outer loop
      vertex 2.545571 8.621961 36.829998
      vertex 2.313294 8.945426 38.099998
      vertex 2.545571 8.621961 38.099998
    endloop
  endfacet
  facet normal 0.000000 0.000000 1.000000
    outer loop
      vertex 4.570894 7.255488 36.829998
      vertex 4.514895 7.794580 36.829998
      vertex 4.402898 8.301076 36.829998
    endloop
  endfacet
  facet normal -0.994648 -0.103320 0.000000
    outer loop
      vertex 4.570894 7.255488 36.829998
      vertex 4.570894 7.255488 38.099998
      vertex 4.514895 7.794580 36.829998
    endloop
  endfacet
  facet normal -0.994648 -0.103320 0.000000
    outer loop
      vertex 4.514895 7.794580 36.829998
      vertex 4.570894 7.255488 38.099998
      vertex 4.514895 7.794580 38.099998
    endloop
  endfacet
  facet normal -0.976414 -0.215907 0.000000
    outer loop
      vertex 4.402898 8.301076 36.829998
      vertex 4.514895 7.794580 36.829998
      vertex 4.514895 7.794580 38.099998
    endloop
  endfacet
  facet normal -0.976414 -0.215907 0.000000
    outer loop
      vertex 4.402898 8.301076 36.829998
      vertex 4.514895 7.794580 38.099998
      vertex 4.402898 8.301076 38.099998
    endloop
  endfacet
  facet normal 0.000000 0.000000 1.000000
    outer loop
      vertex 4.402898 8.301076 36.829998
      vertex 4.129904 8.999701 36.829998
      vertex 3.730914 9.624984 36.829998
    endloop
  endfacet
  facet normal 0.000000 0.000000 1.000000
    outer loop
      vertex 4.570894 7.255488 36.829998
      vertex 4.402898 8.301076 36.829998
      vertex 3.730914 9.624984 36.829998
    endloop
  endfacet
  facet normal -0.842999 -0.537915 0.000000
    outer loop
      vertex 4.129904 8.999701 36.829998
      vertex 4.129904 8.999701 38.099998
      vertex 3.730914 9.624984 36.829998
    endloop
  endfacet
  facet normal -0.842999 -0.537915 0.000000
    outer loop
      vertex 4.129904 8.999701 38.099998
      vertex 3.730914 9.624984 38.099998
      vertex 3.730914 9.624984 36.829998
    endloop
  endfacet
  facet normal -0.931415 -0.363958 0.000000
    outer loop
      vertex 4.402898 8.301076 36.829998
      vertex 4.402898 8.301076 38.099998
      vertex 4.129904 8.999701 36.829998
    endloop
  endfacet
  facet normal -0.931415 -0.363958 0.000000
    outer loop
      vertex 4.402898 8.301076 38.099998
      vertex 4.129904 8.999701 38.099998
      vertex 4.129904 8.999701 36.829998
    endloop
  endfacet
  facet normal 0.000000 0.000000 1.000000
    outer loop
      vertex 4.402898 8.301076 38.099998
      vertex 4.514895 7.794580 38.099998
      vertex 5.330115 10.795001 38.099998
    endloop
  endfacet
  facet normal 0.000000 0.000000 1.000000
    outer loop
      vertex 4.402898 8.301076 38.099998
      vertex 5.330115 10.795001 38.099998
      vertex 4.129904 8.999701 38.099998
    endloop
  endfacet
  facet normal 0.000000 0.000000 1.000000
    outer loop
      vertex -10.022718 3.175000 38.099998
      vertex 38.099998 0.000002 38.099998
      vertex -8.458098 3.175000 38.099998
    endloop
  endfacet
  facet normal 0.000000 1.000000 0.000000
    outer loop
      vertex 5.330115 3.175000 36.829998
      vertex 5.330115 3.175000 38.099998
      vertex 6.879691 3.175000 36.829998
    endloop
  endfacet
  facet normal 0.000000 1.000000 0.000000
    outer loop
      vertex 5.330115 3.175000 38.099998
      vertex 6.879691 3.175000 38.099998
      vertex 6.879691 3.175000 36.829998
    endloop
  endfacet
  facet normal 0.000000 0.000000 1.000000
    outer loop
      vertex -8.458098 3.175000 38.099998
      vertex 38.099998 0.000002 38.099998
      vertex -5.449214 3.175000 38.099998
    endloop
  endfacet
  facet normal 0.000000 0.000000 1.000000
    outer loop
      vertex 5.330115 3.175000 36.829998
      vertex 6.879691 3.175000 36.829998
      vertex 5.330115 10.795001 36.829998
    endloop
  endfacet
  facet normal 0.000000 0.000000 1.000000
    outer loop
      vertex 4.515836 6.152858 38.099998
      vertex 5.330115 3.175000 38.099998
      vertex 4.570999 6.691949 38.099998
    endloop
  endfacet
  facet normal 1.000000 0.000000 0.000000
    outer loop
      vertex 5.330115 3.175000 36.829998
      vertex 5.330115 10.795001 38.099998
      vertex 5.330115 3.175000 38.099998
    endloop
  endfacet
  facet normal 0.000000 0.000000 1.000000
    outer loop
      vertex 4.570999 6.691949 38.099998
      vertex 5.330115 3.175000 38.099998
      vertex 5.330115 10.795001 38.099998
    endloop
  endfacet
  facet normal -1.000000 0.000000 0.000000
    outer loop
      vertex 6.879691 3.175000 36.829998
      vertex 6.879691 3.175000 38.099998
      vertex 6.879691 8.402938 36.829998
    endloop
  endfacet
  facet normal -1.000000 0.000000 0.000000
    outer loop
      vertex 6.879691 3.175000 38.099998
      vertex 6.879691 8.402938 38.099998
      vertex 6.879691 8.402938 36.829998
    endloop
  endfacet
  facet normal 1.000000 0.000000 0.000000
    outer loop
      vertex 5.330115 3.175000 36.829998
      vertex 5.330115 10.795001 36.829998
      vertex 5.330115 10.795001 38.099998
    endloop
  endfacet
  facet normal 0.000000 0.000000 1.000000
    outer loop
      vertex 4.570999 6.691949 38.099998
      vertex 5.330115 10.795001 38.099998
      vertex 4.570894 7.255488 38.099998
    endloop
  endfacet
  facet normal 0.000000 0.000000 1.000000
    outer loop
      vertex 4.570894 7.255488 38.099998
      vertex 5.330115 10.795001 38.099998
      vertex 4.514895 7.794580 38.099998
    endloop
  endfacet
  facet normal 0.000000 0.000000 1.000000
    outer loop
      vertex 6.879691 3.175000 36.829998
      vertex 6.879691 8.402938 36.829998
      vertex 5.330115 10.795001 36.829998
    endloop
  endfacet
  facet normal 0.000000 0.000000 1.000000
    outer loop
      vertex 6.879691 3.175000 38.099998
      vertex 9.971319 3.175000 38.099998
      vertex 6.879691 8.402938 38.099998
    endloop
  endfacet
  facet normal 0.860754 0.509021 0.000000
    outer loop
      vertex 6.879691 8.402938 36.829998
      vertex 6.879691 8.402938 38.099998
      vertex 9.971319 3.175000 36.829998
    endloop
  endfacet
  facet normal 0.000000 0.000000 1.000000
    outer loop
      vertex 6.879691 8.402938 36.829998
      vertex 9.971319 3.175000 36.829998
      vertex 11.596117 3.175000 36.829998
    endloop
  endfacet
  facet normal 0.000000 0.000000 1.000000
    outer loop
      vertex 6.879691 8.402938 36.829998
      vertex 11.596117 3.175000 36.829998
      vertex 10.061586 5.544499 36.829998
    endloop
  endfacet
  facet normal 0.860754 0.509021 0.000000
    outer loop
      vertex 6.879691 8.402938 38.099998
      vertex 9.971319 3.175000 38.099998
      vertex 9.971319 3.175000 36.829998
    endloop
  endfacet
  facet normal 0.000000 0.000000 1.000000
    outer loop
      vertex 6.879691 8.402938 36.829998
      vertex 10.061586 5.544499 36.829998
      vertex 5.330115 10.795001 36.829998
    endloop
  endfacet
  facet normal 0.000000 0.000000 1.000000
    outer loop
      vertex 5.330115 10.795001 36.829998
      vertex 10.061586 5.544499 36.829998
      vertex 6.954913 10.795001 36.829998
    endloop
  endfacet
  facet normal -0.860632 -0.509228 0.000000
    outer loop
      vertex 6.954913 10.795001 36.829998
      vertex 10.061586 5.544499 38.099998
      vertex 6.954913 10.795001 38.099998
    endloop
  endfacet
  facet normal -0.860632 -0.509228 0.000000
    outer loop
      vertex 6.954913 10.795001 36.829998
      vertex 10.061586 5.544499 36.829998
      vertex 10.061586 5.544499 38.099998
    endloop
  endfacet
  facet normal 0.000000 0.000000 1.000000
    outer loop
      vertex 6.954913 10.795001 38.099998
      vertex 10.061586 5.544499 38.099998
      vertex 10.061586 10.795001 38.099998
    endloop
  endfacet
  facet normal 0.000000 0.000000 1.000000
    outer loop
      vertex -0.205710 9.339976 36.829998
      vertex -0.107941 9.397079 36.829998
      vertex 1.891629 10.866881 36.829998
    endloop
  endfacet
  facet normal 0.000000 0.000000 1.000000
    outer loop
      vertex -0.107941 9.397079 36.829998
      vertex 0.062582 9.477883 36.829998
      vertex 1.891629 10.866881 36.829998
    endloop
  endfacet
  facet normal 0.000000 0.000000 1.000000
    outer loop
      vertex 0.062582 9.477883 36.829998
      vertex 0.242573 9.540732 36.829998
      vertex 1.891629 10.866881 36.829998
    endloop
  endfacet
  facet normal 0.000000 0.000000 1.000000
    outer loop
      vertex 0.242573 9.540732 36.829998
      vertex 0.432032 9.585624 36.829998
      vertex 1.891629 10.866881 36.829998
    endloop
  endfacet
  facet normal 0.000000 0.000000 1.000000
    outer loop
      vertex 0.432032 9.585624 36.829998
      vertex 0.630960 9.612559 36.829998
      vertex 1.891629 10.866881 36.829998
    endloop
  endfacet
  facet normal 0.000000 0.000000 1.000000
    outer loop
      vertex 0.630960 9.612559 36.829998
      vertex 1.004478 9.615685 36.829998
      vertex 1.891629 10.866881 36.829998
    endloop
  endfacet
  facet normal -0.230561 0.973058 0.000000
    outer loop
      vertex 0.242573 9.540732 36.829998
      vertex 0.242573 9.540732 38.099998
      vertex 0.432032 9.585624 36.829998
    endloop
  endfacet
  facet normal -0.134180 0.990957 0.000000
    outer loop
      vertex 0.432032 9.585624 36.829998
      vertex 0.432032 9.585624 38.099998
      vertex 0.630960 9.612559 36.829998
    endloop
  endfacet
  facet normal -0.230561 0.973058 0.000000
    outer loop
      vertex 0.432032 9.585624 36.829998
      vertex 0.242573 9.540732 38.099998
      vertex 0.432032 9.585624 38.099998
    endloop
  endfacet
  facet normal -0.134180 0.990957 0.000000
    outer loop
      vertex 0.630960 9.612559 36.829998
      vertex 0.432032 9.585624 38.099998
      vertex 0.630960 9.612559 38.099998
    endloop
  endfacet
  facet normal -0.008369 0.999965 0.000000
    outer loop
      vertex 0.630960 9.612559 36.829998
      vertex 0.630960 9.612559 38.099998
      vertex 1.004478 9.615685 36.829998
    endloop
  endfacet
  facet normal 0.118991 0.992895 0.000000
    outer loop
      vertex 1.004478 9.615685 36.829998
      vertex 1.004478 9.615685 38.099998
      vertex 1.202801 9.591918 36.829998
    endloop
  endfacet
  facet normal -0.008369 0.999965 0.000000
    outer loop
      vertex 1.004478 9.615685 36.829998
      vertex 0.630960 9.612559 38.099998
      vertex 1.004478 9.615685 38.099998
    endloop
  endfacet
  facet normal 0.118991 0.992895 0.000000
    outer loop
      vertex 1.004478 9.615685 38.099998
      vertex 1.202801 9.591918 38.099998
      vertex 1.202801 9.591918 36.829998
    endloop
  endfacet
  facet normal 0.000000 0.000000 1.000000
    outer loop
      vertex -0.225456 10.866881 36.829998
      vertex 0.839355 10.998101 36.829998
      vertex 0.288562 10.965297 36.829998
    endloop
  endfacet
  facet normal 0.000000 0.000000 1.000000
    outer loop
      vertex -0.225456 10.866881 36.829998
      vertex 1.891629 10.866881 36.829998
      vertex 0.839355 10.998101 36.829998
    endloop
  endfacet
  facet normal 0.188047 -0.982160 0.000000
    outer loop
      vertex -0.225456 10.866881 36.829998
      vertex 0.288562 10.965297 36.829998
      vertex 0.288562 10.965297 38.099998
    endloop
  endfacet
  facet normal 0.059453 -0.998231 0.000000
    outer loop
      vertex 0.288562 10.965297 36.829998
      vertex 0.839355 10.998101 38.099998
      vertex 0.288562 10.965297 38.099998
    endloop
  endfacet
  facet normal 0.059453 -0.998231 0.000000
    outer loop
      vertex 0.288562 10.965297 36.829998
      vertex 0.839355 10.998101 36.829998
      vertex 0.839355 10.998101 38.099998
    endloop
  endfacet
  facet normal -0.060204 -0.998186 0.000000
    outer loop
      vertex 0.839355 10.998101 36.829998
      vertex 1.383253 10.965297 38.099998
      vertex 0.839355 10.998101 38.099998
    endloop
  endfacet
  facet normal 0.000000 0.000000 1.000000
    outer loop
      vertex 1.004478 9.615685 36.829998
      vertex 1.202801 9.591918 36.829998
      vertex 1.891629 10.866881 36.829998
    endloop
  endfacet
  facet normal 0.000000 0.000000 1.000000
    outer loop
      vertex 1.392146 9.549867 36.829998
      vertex 1.572513 9.489532 36.829998
      vertex 1.891629 10.866881 36.829998
    endloop
  endfacet
  facet normal 0.000000 0.000000 1.000000
    outer loop
      vertex 1.202801 9.591918 36.829998
      vertex 1.392146 9.549867 36.829998
      vertex 1.891629 10.866881 36.829998
    endloop
  endfacet
  facet normal 0.000000 0.000000 1.000000
    outer loop
      vertex 1.572513 9.489532 36.829998
      vertex 1.710341 9.428102 36.829998
      vertex 1.891629 10.866881 36.829998
    endloop
  endfacet
  facet normal 0.000000 0.000000 1.000000
    outer loop
      vertex 1.874547 9.334857 36.829998
      vertex 2.029774 9.223330 36.829998
      vertex 1.891629 10.866881 36.829998
    endloop
  endfacet
  facet normal 0.000000 0.000000 1.000000
    outer loop
      vertex 1.710341 9.428102 36.829998
      vertex 1.874547 9.334857 36.829998
      vertex 1.891629 10.866881 36.829998
    endloop
  endfacet
  facet normal 0.216806 0.976215 0.000000
    outer loop
      vertex 1.202801 9.591918 36.829998
      vertex 1.202801 9.591918 38.099998
      vertex 1.392146 9.549867 36.829998
    endloop
  endfacet
  facet normal 0.317235 0.948347 0.000000
    outer loop
      vertex 1.392146 9.549867 36.829998
      vertex 1.392146 9.549867 38.099998
      vertex 1.572513 9.489532 36.829998
    endloop
  endfacet
  facet normal 0.216806 0.976215 0.000000
    outer loop
      vertex 1.392146 9.549867 36.829998
      vertex 1.202801 9.591918 38.099998
      vertex 1.392146 9.549867 38.099998
    endloop
  endfacet
  facet normal 0.000000 0.000000 1.000000
    outer loop
      vertex 0.839355 10.998101 36.829998
      vertex 1.891629 10.866881 36.829998
      vertex 1.383253 10.965297 36.829998
    endloop
  endfacet
  facet normal -0.060204 -0.998186 0.000000
    outer loop
      vertex 0.839355 10.998101 36.829998
      vertex 1.383253 10.965297 36.829998
      vertex 1.383253 10.965297 38.099998
    endloop
  endfacet
  facet normal -0.190059 -0.981773 0.000000
    outer loop
      vertex 1.383253 10.965297 36.829998
      vertex 1.891629 10.866881 36.829998
      vertex 1.891629 10.866881 38.099998
    endloop
  endfacet
  facet normal -0.190059 -0.981773 0.000000
    outer loop
      vertex 1.383253 10.965297 36.829998
      vertex 1.891629 10.866881 38.099998
      vertex 1.383253 10.965297 38.099998
    endloop
  endfacet
  facet normal -0.327728 -0.944772 0.000000
    outer loop
      vertex 2.364483 10.702855 36.829998
      vertex 2.364483 10.702855 38.099998
      vertex 1.891629 10.866881 36.829998
    endloop
  endfacet
  facet normal -0.327728 -0.944772 0.000000
    outer loop
      vertex 2.364483 10.702855 38.099998
      vertex 1.891629 10.866881 38.099998
      vertex 1.891629 10.866881 36.829998
    endloop
  endfacet
  facet normal 0.000000 0.000000 1.000000
    outer loop
      vertex 2.364483 10.702855 36.829998
      vertex 1.891629 10.866881 36.829998
      vertex 3.007162 10.333797 36.829998
    endloop
  endfacet
  facet normal 0.000000 0.000000 1.000000
    outer loop
      vertex 1.891629 10.866881 36.829998
      vertex 3.730914 9.624984 36.829998
      vertex 3.007162 10.333797 36.829998
    endloop
  endfacet
  facet normal 0.000000 0.000000 1.000000
    outer loop
      vertex 3.391213 10.005744 36.829998
      vertex 3.007162 10.333797 36.829998
      vertex 3.730914 9.624984 36.829998
    endloop
  endfacet
  facet normal -0.497983 -0.867187 0.000000
    outer loop
      vertex 2.364483 10.702855 36.829998
      vertex 3.007162 10.333797 36.829998
      vertex 3.007162 10.333797 38.099998
    endloop
  endfacet
  facet normal -0.497983 -0.867187 0.000000
    outer loop
      vertex 2.364483 10.702855 36.829998
      vertex 3.007162 10.333797 38.099998
      vertex 2.364483 10.702855 38.099998
    endloop
  endfacet
  facet normal -0.649496 -0.760365 0.000000
    outer loop
      vertex 3.391213 10.005744 36.829998
      vertex 3.391213 10.005744 38.099998
      vertex 3.007162 10.333797 36.829998
    endloop
  endfacet
  facet normal -0.746194 -0.665728 0.000000
    outer loop
      vertex 3.391213 10.005744 36.829998
      vertex 3.730914 9.624984 38.099998
      vertex 3.391213 10.005744 38.099998
    endloop
  endfacet
  facet normal -0.649496 -0.760365 0.000000
    outer loop
      vertex 3.007162 10.333797 36.829998
      vertex 3.391213 10.005744 38.099998
      vertex 3.007162 10.333797 38.099998
    endloop
  endfacet
  facet normal 0.000000 0.000000 1.000000
    outer loop
      vertex 2.364483 10.702855 38.099998
      vertex 3.007162 10.333797 38.099998
      vertex 5.330115 10.795001 38.099998
    endloop
  endfacet
  facet normal -0.746194 -0.665728 0.000000
    outer loop
      vertex 3.391213 10.005744 36.829998
      vertex 3.730914 9.624984 36.829998
      vertex 3.730914 9.624984 38.099998
    endloop
  endfacet
  facet normal 0.000000 0.000000 1.000000
    outer loop
      vertex 3.391213 10.005744 38.099998
      vertex 5.330115 10.795001 38.099998
      vertex 3.007162 10.333797 38.099998
    endloop
  endfacet
  facet normal 0.000000 0.000000 1.000000
    outer loop
      vertex 3.391213 10.005744 38.099998
      vertex 3.730914 9.624984 38.099998
      vertex 5.330115 10.795001 38.099998
    endloop
  endfacet
  facet normal 0.000000 0.000000 1.000000
    outer loop
      vertex 4.129904 8.999701 38.099998
      vertex 5.330115 10.795001 38.099998
      vertex 3.730914 9.624984 38.099998
    endloop
  endfacet
  facet normal 0.000000 0.000000 1.000000
    outer loop
      vertex -15.874998 10.795001 38.099998
      vertex -10.564318 10.795001 38.099998
      vertex 38.099998 12.700003 38.099998
    endloop
  endfacet
  facet normal 0.000000 -1.000000 0.000000
    outer loop
      vertex 5.330115 10.795001 36.829998
      vertex 6.954913 10.795001 38.099998
      vertex 5.330115 10.795001 38.099998
    endloop
  endfacet
  facet normal 0.000000 0.000000 1.000000
    outer loop
      vertex -10.564318 10.795001 38.099998
      vertex -10.022718 10.795001 38.099998
      vertex 38.099998 12.700003 38.099998
    endloop
  endfacet
  facet normal 0.000000 -1.000000 0.000000
    outer loop
      vertex 5.330115 10.795001 36.829998
      vertex 6.954913 10.795001 36.829998
      vertex 6.954913 10.795001 38.099998
    endloop
  endfacet
  facet normal 0.000000 0.000000 1.000000
    outer loop
      vertex -10.022718 10.795001 38.099998
      vertex -6.329312 10.795001 38.099998
      vertex 38.099998 12.700003 38.099998
    endloop
  endfacet
  facet normal 0.000000 0.000000 1.000000
    outer loop
      vertex -6.329312 10.795001 38.099998
      vertex -5.829556 10.762563 38.099998
      vertex 38.099998 12.700003 38.099998
    endloop
  endfacet
  facet normal 0.000000 0.000000 1.000000
    outer loop
      vertex -5.449214 3.175000 38.099998
      vertex 38.099998 0.000002 38.099998
      vertex -3.734149 3.175000 38.099998
    endloop
  endfacet
  facet normal 0.000000 0.000000 1.000000
    outer loop
      vertex -3.734149 3.175000 38.099998
      vertex 38.099998 0.000002 38.099998
      vertex 0.293159 2.989453 38.099998
    endloop
  endfacet
  facet normal 0.000000 1.000000 0.000000
    outer loop
      vertex 9.971319 3.175000 36.829998
      vertex 9.971319 3.175000 38.099998
      vertex 11.596117 3.175000 36.829998
    endloop
  endfacet
  facet normal 0.000000 1.000000 0.000000
    outer loop
      vertex 9.971319 3.175000 38.099998
      vertex 11.596117 3.175000 38.099998
      vertex 11.596117 3.175000 36.829998
    endloop
  endfacet
  facet normal 0.000000 0.000000 1.000000
    outer loop
      vertex 0.293159 2.989453 38.099998
      vertex 38.099998 0.000002 38.099998
      vertex 0.839355 2.956856 38.099998
    endloop
  endfacet
  facet normal 0.000000 0.000000 1.000000
    outer loop
      vertex 0.839355 2.956856 38.099998
      vertex 38.099998 0.000002 38.099998
      vertex 1.387849 2.989453 38.099998
    endloop
  endfacet
  facet normal 0.000000 0.000000 1.000000
    outer loop
      vertex 1.387849 2.989453 38.099998
      vertex 38.099998 0.000002 38.099998
      vertex 1.899987 3.087243 38.099998
    endloop
  endfacet
  facet normal 0.000000 0.000000 1.000000
    outer loop
      vertex 1.899987 3.087243 38.099998
      vertex 38.099998 0.000002 38.099998
      vertex 2.375767 3.250222 38.099998
    endloop
  endfacet
  facet normal 0.000000 0.000000 1.000000
    outer loop
      vertex 11.596117 3.175000 36.829998
      vertex 10.061586 10.795001 36.829998
      vertex 10.061586 5.544499 36.829998
    endloop
  endfacet
  facet normal -1.000000 0.000000 0.000000
    outer loop
      vertex 11.596117 3.175000 36.829998
      vertex 11.596117 3.175000 38.099998
      vertex 11.596117 10.795001 36.829998
    endloop
  endfacet
  facet normal 1.000000 0.000000 0.000000
    outer loop
      vertex 10.061586 5.544499 36.829998
      vertex 10.061586 10.795001 38.099998
      vertex 10.061586 5.544499 38.099998
    endloop
  endfacet
  facet normal 1.000000 0.000000 0.000000
    outer loop
      vertex 10.061586 5.544499 36.829998
      vertex 10.061586 10.795001 36.829998
      vertex 10.061586 10.795001 38.099998
    endloop
  endfacet
  facet normal 0.000000 0.000000 1.000000
    outer loop
      vertex 11.596117 3.175000 36.829998
      vertex 11.596117 10.795001 36.829998
      vertex 10.061586 10.795001 36.829998
    endloop
  endfacet
  facet normal -1.000000 0.000000 0.000000
    outer loop
      vertex 11.596117 3.175000 38.099998
      vertex 11.596117 10.795001 38.099998
      vertex 11.596117 10.795001 36.829998
    endloop
  endfacet
  facet normal 0.000000 0.000000 1.000000
    outer loop
      vertex 11.596117 3.175000 38.099998
      vertex 12.468694 9.425960 38.099998
      vertex 11.596117 10.795001 38.099998
    endloop
  endfacet
  facet normal 0.000000 0.000000 1.000000
    outer loop
      vertex 11.596117 3.175000 38.099998
      vertex 14.717834 3.175000 38.099998
      vertex 14.717834 9.425960 38.099998
    endloop
  endfacet
  facet normal 0.000000 0.000000 1.000000
    outer loop
      vertex 11.596117 3.175000 38.099998
      vertex 14.717834 9.425960 38.099998
      vertex 12.468694 9.425960 38.099998
    endloop
  endfacet
  facet normal 0.000000 1.000000 0.000000
    outer loop
      vertex 12.468694 9.425960 36.829998
      vertex 12.468694 9.425960 38.099998
      vertex 14.717834 9.425960 36.829998
    endloop
  endfacet
  facet normal 0.000000 1.000000 0.000000
    outer loop
      vertex 14.717834 9.425960 36.829998
      vertex 12.468694 9.425960 38.099998
      vertex 14.717834 9.425960 38.099998
    endloop
  endfacet
  facet normal 0.000000 0.000000 1.000000
    outer loop
      vertex 2.375767 3.250222 38.099998
      vertex 38.099998 0.000002 38.099998
      vertex 5.330115 3.175000 38.099998
    endloop
  endfacet
  facet normal 0.000000 1.000000 0.000000
    outer loop
      vertex 14.717834 3.175000 36.829998
      vertex 14.717834 3.175000 38.099998
      vertex 16.297499 3.175000 36.829998
    endloop
  endfacet
  facet normal 0.000000 1.000000 0.000000
    outer loop
      vertex 16.297499 3.175000 36.829998
      vertex 14.717834 3.175000 38.099998
      vertex 16.297499 3.175000 38.099998
    endloop
  endfacet
  facet normal 0.000000 0.000000 1.000000
    outer loop
      vertex 5.330115 3.175000 38.099998
      vertex 38.099998 0.000002 38.099998
      vertex 6.879691 3.175000 38.099998
    endloop
  endfacet
  facet normal 0.000000 0.000000 1.000000
    outer loop
      vertex 6.879691 3.175000 38.099998
      vertex 38.099998 0.000002 38.099998
      vertex 9.971319 3.175000 38.099998
    endloop
  endfacet
  facet normal 0.000000 0.000000 1.000000
    outer loop
      vertex 14.717834 3.175000 36.829998
      vertex 16.297499 3.175000 36.829998
      vertex 14.717834 9.425960 36.829998
    endloop
  endfacet
  facet normal 1.000000 0.000000 0.000000
    outer loop
      vertex 14.717834 3.175000 36.829998
      vertex 14.717834 9.425960 38.099998
      vertex 14.717834 3.175000 38.099998
    endloop
  endfacet
  facet normal -1.000000 0.000000 0.000000
    outer loop
      vertex 16.297499 3.175000 36.829998
      vertex 16.297499 3.175000 38.099998
      vertex 16.297499 9.425960 36.829998
    endloop
  endfacet
  facet normal 1.000000 0.000000 0.000000
    outer loop
      vertex 14.717834 3.175000 36.829998
      vertex 14.717834 9.425960 36.829998
      vertex 14.717834 9.425960 38.099998
    endloop
  endfacet
  facet normal 0.000000 0.000000 1.000000
    outer loop
      vertex 14.717834 9.425960 36.829998
      vertex 16.297499 3.175000 36.829998
      vertex 16.297499 9.425960 36.829998
    endloop
  endfacet
  facet normal -1.000000 0.000000 0.000000
    outer loop
      vertex 16.297499 9.425960 36.829998
      vertex 16.297499 3.175000 38.099998
      vertex 16.297499 9.425960 38.099998
    endloop
  endfacet
  facet normal 0.000000 0.000000 1.000000
    outer loop
      vertex 16.297499 3.175000 38.099998
      vertex 18.554163 9.425960 38.099998
      vertex 16.297499 9.425960 38.099998
    endloop
  endfacet
  facet normal 0.000000 1.000000 0.000000
    outer loop
      vertex 16.297499 9.425960 36.829998
      vertex 16.297499 9.425960 38.099998
      vertex 18.554163 9.425960 36.829998
    endloop
  endfacet
  facet normal 0.000000 1.000000 0.000000
    outer loop
      vertex 18.554163 9.425960 36.829998
      vertex 16.297499 9.425960 38.099998
      vertex 18.554163 9.425960 38.099998
    endloop
  endfacet
  facet normal 0.000000 1.000000 0.000000
    outer loop
      vertex -38.099998 12.700003 19.049999
      vertex 38.099998 12.700003 38.099998
      vertex 38.099998 12.700003 19.049999
    endloop
  endfacet
  facet normal 0.000000 -1.000000 0.000000
    outer loop
      vertex 10.061586 10.795001 36.829998
      vertex 11.596117 10.795001 38.099998
      vertex 10.061586 10.795001 38.099998
    endloop
  endfacet
  facet normal 0.000000 -1.000000 0.000000
    outer loop
      vertex 10.061586 10.795001 36.829998
      vertex 11.596117 10.795001 36.829998
      vertex 11.596117 10.795001 38.099998
    endloop
  endfacet
  facet normal 0.000000 0.000000 1.000000
    outer loop
      vertex -5.829556 10.762563 38.099998
      vertex 0.839355 10.998101 38.099998
      vertex 38.099998 12.700003 38.099998
    endloop
  endfacet
  facet normal 1.000000 0.000000 0.000000
    outer loop
      vertex 12.468694 9.425960 36.829998
      vertex 12.468694 10.795001 38.099998
      vertex 12.468694 9.425960 38.099998
    endloop
  endfacet
  facet normal 1.000000 0.000000 0.000000
    outer loop
      vertex 12.468694 9.425960 36.829998
      vertex 12.468694 10.795001 36.829998
      vertex 12.468694 10.795001 38.099998
    endloop
  endfacet
  facet normal 0.000000 0.000000 1.000000
    outer loop
      vertex 11.596117 10.795001 38.099998
      vertex 12.468694 9.425960 38.099998
      vertex 12.468694 10.795001 38.099998
    endloop
  endfacet
  facet normal 0.000000 0.000000 1.000000
    outer loop
      vertex 0.839355 10.998101 38.099998
      vertex 1.383253 10.965297 38.099998
      vertex 38.099998 12.700003 38.099998
    endloop
  endfacet
  facet normal 0.000000 0.000000 1.000000
    outer loop
      vertex 1.383253 10.965297 38.099998
      vertex 1.891629 10.866881 38.099998
      vertex 38.099998 12.700003 38.099998
    endloop
  endfacet
  facet normal 0.000000 0.000000 1.000000
    outer loop
      vertex 2.364483 10.702855 38.099998
      vertex 38.099998 12.700003 38.099998
      vertex 1.891629 10.866881 38.099998
    endloop
  endfacet
  facet normal 0.000000 0.000000 1.000000
    outer loop
      vertex 12.468694 9.425960 36.829998
      vertex 18.554163 10.795001 36.829998
      vertex 12.468694 10.795001 36.829998
    endloop
  endfacet
  facet normal 0.000000 0.000000 1.000000
    outer loop
      vertex 12.468694 9.425960 36.829998
      vertex 14.717834 9.425960 36.829998
      vertex 18.554163 10.795001 36.829998
    endloop
  endfacet
  facet normal 0.000000 -1.000000 0.000000
    outer loop
      vertex 12.468694 10.795001 36.829998
      vertex 18.554163 10.795001 38.099998
      vertex 12.468694 10.795001 38.099998
    endloop
  endfacet
  facet normal 0.000000 0.000000 1.000000
    outer loop
      vertex 2.364483 10.702855 38.099998
      vertex 5.330115 10.795001 38.099998
      vertex 38.099998 12.700003 38.099998
    endloop
  endfacet
  facet normal 0.000000 0.000000 1.000000
    outer loop
      vertex 14.717834 9.425960 36.829998
      vertex 16.297499 9.425960 36.829998
      vertex 18.554163 10.795001 36.829998
    endloop
  endfacet
  facet normal 0.000000 -1.000000 0.000000
    outer loop
      vertex 12.468694 10.795001 36.829998
      vertex 18.554163 10.795001 36.829998
      vertex 18.554163 10.795001 38.099998
    endloop
  endfacet
  facet normal 0.000000 0.000000 1.000000
    outer loop
      vertex 16.297499 9.425960 36.829998
      vertex 18.554163 9.425960 36.829998
      vertex 18.554163 10.795001 36.829998
    endloop
  endfacet
  facet normal 0.000000 0.000000 1.000000
    outer loop
      vertex 5.330115 10.795001 38.099998
      vertex 6.954913 10.795001 38.099998
      vertex 38.099998 12.700003 38.099998
    endloop
  endfacet
  facet normal -1.000000 0.000000 0.000000
    outer loop
      vertex 18.554163 9.425960 36.829998
      vertex 18.554163 9.425960 38.099998
      vertex 18.554163 10.795001 36.829998
    endloop
  endfacet
  facet normal -1.000000 0.000000 0.000000
    outer loop
      vertex 18.554163 10.795001 36.829998
      vertex 18.554163 9.425960 38.099998
      vertex 18.554163 10.795001 38.099998
    endloop
  endfacet
  facet normal 0.000000 0.000000 1.000000
    outer loop
      vertex 6.954913 10.795001 38.099998
      vertex 10.061586 10.795001 38.099998
      vertex 38.099998 12.700003 38.099998
    endloop
  endfacet
  facet normal 0.000000 1.000000 0.000000
    outer loop
      vertex -38.099998 25.400002 6.349998
      vertex 38.099998 25.400002 19.049999
      vertex 38.099998 25.400002 6.349998
    endloop
  endfacet
  facet normal 0.000000 0.000000 1.000000
    outer loop
      vertex -38.099998 25.400002 19.049999
      vertex 38.099998 12.700003 19.049999
      vertex 38.099998 25.400002 19.049999
    endloop
  endfacet
  facet normal 1.000000 0.000000 0.000000
    outer loop
      vertex 38.099998 0.000002 -38.099998
      vertex 38.099998 12.700003 19.049999
      vertex 38.099998 12.700003 38.099998
    endloop
  endfacet
  facet normal 1.000000 0.000000 0.000000
    outer loop
      vertex 38.099998 0.000002 -38.099998
      vertex 38.099998 12.700003 38.099998
      vertex 38.099998 0.000002 38.099998
    endloop
  endfacet
  facet normal 1.000000 0.000000 0.000000
    outer loop
      vertex 38.099998 0.000002 -38.099998
      vertex 38.099998 25.400002 19.049999
      vertex 38.099998 12.700003 19.049999
    endloop
  endfacet
  facet normal 0.000000 0.000000 1.000000
    outer loop
      vertex 9.971319 3.175000 38.099998
      vertex 38.099998 0.000002 38.099998
      vertex 11.596117 3.175000 38.099998
    endloop
  endfacet
  facet normal 0.000000 0.000000 1.000000
    outer loop
      vertex 11.596117 3.175000 38.099998
      vertex 38.099998 0.000002 38.099998
      vertex 14.717834 3.175000 38.099998
    endloop
  endfacet
  facet normal 0.000000 0.000000 1.000000
    outer loop
      vertex 38.099998 0.000002 38.099998
      vertex 16.297499 3.175000 38.099998
      vertex 14.717834 3.175000 38.099998
    endloop
  endfacet
  facet normal 0.000000 0.000000 1.000000
    outer loop
      vertex 38.099998 12.700003 38.099998
      vertex 18.554163 9.425960 38.099998
      vertex 16.297499 3.175000 38.099998
    endloop
  endfacet
  facet normal 0.000000 0.000000 1.000000
    outer loop
      vertex 10.061586 10.795001 38.099998
      vertex 11.596117 10.795001 38.099998
      vertex 38.099998 12.700003 38.099998
    endloop
  endfacet
  facet normal 0.000000 0.000000 1.000000
    outer loop
      vertex 11.596117 10.795001 38.099998
      vertex 12.468694 10.795001 38.099998
      vertex 38.099998 12.700003 38.099998
    endloop
  endfacet
  facet normal 0.000000 0.000000 1.000000
    outer loop
      vertex 38.099998 12.700003 38.099998
      vertex 12.468694 10.795001 38.099998
      vertex 18.554163 10.795001 38.099998
    endloop
  endfacet
  facet normal 0.000000 0.000000 1.000000
    outer loop
      vertex 38.099998 12.700003 38.099998
      vertex 18.554163 10.795001 38.099998
      vertex 18.554163 9.425960 38.099998
    endloop
  endfacet
  facet normal 0.000000 0.000000 1.000000
    outer loop
      vertex 38.099998 0.000002 38.099998
      vertex 38.099998 12.700003 38.099998
      vertex 16.297499 3.175000 38.099998
    endloop
  endfacet
  facet normal 0.000000 0.000000 -1.000000
    outer loop
      vertex -38.099998 76.199997 -38.099998
      vertex 38.099998 76.199997 -38.099998
      vertex 38.099998 0.000002 -38.099998
    endloop
  endfacet
  facet normal 0.000000 1.000000 0.000000
    outer loop
      vertex -38.099998 44.450001 -19.050001
      vertex 38.099998 44.450001 6.349998
      vertex 38.099998 44.450001 -19.050001
    endloop
  endfacet
  facet normal 0.000000 0.000000 1.000000
    outer loop
      vertex -38.099998 69.849998 -19.050001
      vertex 38.099998 44.450001 -19.050001
      vertex 38.099998 69.849998 -19.050001
    endloop
  endfacet
  facet normal 0.000000 1.000000 0.000000
    outer loop
      vertex -38.099998 76.199997 -38.099998
      vertex 38.099998 76.199997 -25.400002
      vertex 38.099998 76.199997 -38.099998
    endloop
  endfacet
  facet normal 0.000000 1.000000 0.000000
    outer loop
      vertex -38.099998 69.849998 -25.400002
      vertex 38.099998 69.849998 -19.050001
      vertex 38.099998 69.849998 -25.400002
    endloop
  endfacet
  facet normal 0.000000 0.000000 1.000000
    outer loop
      vertex -38.099998 76.199997 -25.400002
      vertex 38.099998 69.849998 -25.400002
      vertex 38.099998 76.199997 -25.400002
    endloop
  endfacet
  facet normal 1.000000 0.000000 0.000000
    outer loop
      vertex 38.099998 0.000002 -38.099998
      vertex 38.099998 76.199997 -38.099998
      vertex 38.099998 44.450001 -19.050001
    endloop
  endfacet
  facet normal 1.000000 0.000000 0.000000
    outer loop
      vertex 38.099998 44.450001 -19.050001
      vertex 38.099998 69.849998 -25.400002
      vertex 38.099998 69.849998 -19.050001
    endloop
  endfacet
  facet normal 1.000000 0.000000 0.000000
    outer loop
      vertex 38.099998 44.450001 -19.050001
      vertex 38.099998 76.199997 -38.099998
      vertex 38.099998 69.849998 -25.400002
    endloop
  endfacet
  facet normal 1.000000 0.000000 0.000000
    outer loop
      vertex 38.099998 76.199997 -38.099998
      vertex 38.099998 76.199997 -25.400002
      vertex 38.099998 69.849998 -25.400002
    endloop
  endfacet
  facet normal 0.000000 0.000000 1.000000
    outer loop
      vertex -38.099998 44.450001 6.349998
      vertex 38.099998 25.400002 6.349998
      vertex 38.099998 44.450001 6.349998
    endloop
  endfacet
endsolid Group_6_
