solid Group_6_
  facet normal -1.000000 0.000000 0.000000
    outer loop
      vertex -38.099998 0.000002 -38.099998
      vertex -38.099998 0.000002 38.099998
      vertex -38.099998 15.875002 -19.050001
    endloop
  endfacet
  facet normal 0.000000 0.000000 -1.000000
    outer loop
      vertex -38.099998 0.000002 -38.099998
      vertex -38.099998 76.199997 -38.099998
      vertex -22.224998 15.875002 -38.099998
    endloop
  endfacet
  facet normal -1.000000 0.000000 0.000000
    outer loop
      vertex -38.099998 0.000002 -38.099998
      vertex -38.099998 15.875002 -19.050001
      vertex -38.099998 76.199997 -19.050001
    endloop
  endfacet
  facet normal 0.000000 0.000000 1.000000
    outer loop
      vertex -38.099998 15.875002 -19.050001
      vertex -22.224998 15.875002 -19.050001
      vertex -38.099998 76.199997 -19.050001
    endloop
  endfacet
  facet normal 1.000000 0.000000 0.000000
    outer loop
      vertex -22.224998 15.875002 -38.099998
      vertex -22.224998 76.199997 -38.099998
      vertex -22.224998 15.875002 -19.050001
    endloop
  endfacet
  facet normal 0.000000 0.000000 -1.000000
    outer loop
      vertex -38.099998 0.000002 -38.099998
      vertex -22.224998 15.875002 -38.099998
      vertex 15.875002 15.875002 -38.099998
    endloop
  endfacet
  facet normal 0.000000 1.000000 0.000000
    outer loop
      vertex -22.224998 15.875002 -38.099998
      vertex -22.224998 15.875002 -19.050001
      vertex 15.875002 15.875002 -19.050001
    endloop
  endfacet
  facet normal 0.000000 1.000000 0.000000
    outer loop
      vertex -38.099998 15.875002 -19.050001
      vertex 38.099998 15.875002 22.224998
      vertex -22.224998 15.875002 -19.050001
    endloop
  endfacet
  facet normal 0.000000 1.000000 0.000000
    outer loop
      vertex -38.099998 15.875002 -19.050001
      vertex -38.099998 15.875002 22.224998
      vertex -22.224998 15.875002 22.224998
    endloop
  endfacet
  facet normal -1.000000 0.000000 0.000000
    outer loop
      vertex -38.099998 15.875002 -19.050001
      vertex -38.099998 0.000002 38.099998
      vertex -38.099998 15.875002 22.224998
    endloop
  endfacet
  facet normal 0.000000 0.000000 1.000000
    outer loop
      vertex -38.099998 0.000002 38.099998
      vertex -15.874998 12.382503 38.099998
      vertex -22.224998 15.875002 38.099998
    endloop
  endfacet
  facet normal 0.000000 0.000000 1.000000
    outer loop
      vertex -38.099998 0.000002 38.099998
      vertex -14.325423 4.762502 38.099998
      vertex -15.874998 4.762502 38.099998
    endloop
  endfacet
  facet normal 0.000000 0.000000 1.000000
    outer loop
      vertex -38.099998 0.000002 38.099998
      vertex -15.874998 4.762502 38.099998
      vertex -15.874998 12.382503 38.099998
    endloop
  endfacet
  facet normal -1.000000 0.000000 0.000000
    outer loop
      vertex -38.099998 0.000002 38.099998
      vertex -38.099998 57.150002 38.099998
      vertex -38.099998 15.875002 22.224998
    endloop
  endfacet
  facet normal 0.000000 0.000000 1.000000
    outer loop
      vertex -38.099998 0.000002 38.099998
      vertex -22.224998 15.875002 38.099998
      vertex -38.099998 57.150002 38.099998
    endloop
  endfacet
  facet normal 0.000000 0.000000 -1.000000
    outer loop
      vertex -38.099998 15.875002 22.224998
      vertex -22.224998 57.150002 22.224998
      vertex -22.224998 15.875002 22.224998
    endloop
  endfacet
  facet normal 1.000000 0.000000 0.000000
    outer loop
      vertex -22.224998 15.875002 22.224998
      vertex -22.224998 57.150002 22.224998
      vertex -22.224998 15.875002 38.099998
    endloop
  endfacet
  facet normal 0.000000 -1.000000 0.000000
    outer loop
      vertex -38.099998 0.000002 -38.099998
      vertex 38.099998 0.000002 38.099998
      vertex -38.099998 0.000002 38.099998
    endloop
  endfacet
  facet normal 0.000000 1.000000 0.000000
    outer loop
      vertex -38.099998 15.875002 -19.050001
      vertex -22.224998 15.875002 22.224998
      vertex 15.875002 15.875002 22.224998
    endloop
  endfacet
  facet normal 0.000000 1.000000 0.000000
    outer loop
      vertex -15.874998 4.762502 36.829998
      vertex -15.874998 4.762502 38.099998
      vertex -14.325423 4.762502 36.829998
    endloop
  endfacet
  facet normal 0.000000 1.000000 0.000000
    outer loop
      vertex -15.874998 4.762502 38.099998
      vertex -14.325423 4.762502 38.099998
      vertex -14.325423 4.762502 36.829998
    endloop
  endfacet
  facet normal -1.000000 0.000000 0.000000
    outer loop
      vertex -14.325423 4.762502 36.829998
      vertex -14.325423 4.762502 38.099998
      vertex -14.325423 8.004575 36.829998
    endloop
  endfacet
  facet normal -1.000000 0.000000 0.000000
    outer loop
      vertex -14.325423 4.762502 38.099998
      vertex -14.325423 8.004575 38.099998
      vertex -14.325423 8.004575 36.829998
    endloop
  endfacet
  facet normal 1.000000 0.000000 0.000000
    outer loop
      vertex -15.874998 4.762502 36.829998
      vertex -15.874998 12.382503 38.099998
      vertex -15.874998 4.762502 38.099998
    endloop
  endfacet
  facet normal 0.000000 0.000000 1.000000
    outer loop
      vertex -15.874998 4.762502 36.829998
      vertex -14.325423 4.762502 36.829998
      vertex -15.874998 12.382503 36.829998
    endloop
  endfacet
  facet normal 0.000000 0.000000 1.000000
    outer loop
      vertex -14.325423 4.762502 36.829998
      vertex -14.325423 8.004575 36.829998
      vertex -15.874998 12.382503 36.829998
    endloop
  endfacet
  facet normal 0.000000 0.000000 1.000000
    outer loop
      vertex -14.325423 4.762502 38.099998
      vertex -11.023172 8.004575 38.099998
      vertex -14.325423 8.004575 38.099998
    endloop
  endfacet
  facet normal 0.000000 1.000000 0.000000
    outer loop
      vertex -14.325423 8.004575 36.829998
      vertex -14.325423 8.004575 38.099998
      vertex -11.023172 8.004575 36.829998
    endloop
  endfacet
  facet normal 0.000000 0.000000 1.000000
    outer loop
      vertex -14.325423 8.004575 36.829998
      vertex -11.023172 9.320962 36.829998
      vertex -14.325423 9.320962 36.829998
    endloop
  endfacet
  facet normal 0.000000 -1.000000 0.000000
    outer loop
      vertex -14.325423 9.320962 36.829998
      vertex -11.023172 9.320962 38.099998
      vertex -14.325423 9.320962 38.099998
    endloop
  endfacet
  facet normal 0.000000 1.000000 0.000000
    outer loop
      vertex -14.325423 8.004575 38.099998
      vertex -11.023172 8.004575 38.099998
      vertex -11.023172 8.004575 36.829998
    endloop
  endfacet
  facet normal 0.000000 0.000000 1.000000
    outer loop
      vertex -14.325423 8.004575 36.829998
      vertex -11.023172 8.004575 36.829998
      vertex -11.023172 9.320962 36.829998
    endloop
  endfacet
  facet normal 0.000000 -1.000000 0.000000
    outer loop
      vertex -14.325423 9.320962 36.829998
      vertex -11.023172 9.320962 36.829998
      vertex -11.023172 9.320962 38.099998
    endloop
  endfacet
  facet normal 0.000000 0.000000 1.000000
    outer loop
      vertex -14.325423 4.762502 38.099998
      vertex -10.022718 4.762502 38.099998
      vertex -11.023172 8.004575 38.099998
    endloop
  endfacet
  facet normal -1.000000 0.000000 0.000000
    outer loop
      vertex -11.023172 8.004575 36.829998
      vertex -11.023172 8.004575 38.099998
      vertex -11.023172 9.320962 36.829998
    endloop
  endfacet
  facet normal -1.000000 0.000000 0.000000
    outer loop
      vertex -11.023172 8.004575 38.099998
      vertex -11.023172 9.320962 38.099998
      vertex -11.023172 9.320962 36.829998
    endloop
  endfacet
  facet normal 0.000000 0.000000 1.000000
    outer loop
      vertex -10.022718 4.762502 38.099998
      vertex -11.023172 9.320962 38.099998
      vertex -11.023172 8.004575 38.099998
    endloop
  endfacet
  facet normal 1.000000 0.000000 0.000000
    outer loop
      vertex -10.022718 4.762502 36.829998
      vertex -10.022718 12.382503 38.099998
      vertex -10.022718 4.762502 38.099998
    endloop
  endfacet
  facet normal 0.000000 0.000000 1.000000
    outer loop
      vertex -10.022718 4.762502 38.099998
      vertex -10.022718 12.382503 38.099998
      vertex -11.023172 9.320962 38.099998
    endloop
  endfacet
  facet normal 1.000000 0.000000 0.000000
    outer loop
      vertex -15.874998 4.762502 36.829998
      vertex -15.874998 12.382503 36.829998
      vertex -15.874998 12.382503 38.099998
    endloop
  endfacet
  facet normal 0.000000 0.000000 1.000000
    outer loop
      vertex -14.325423 8.004575 36.829998
      vertex -14.325423 9.320962 36.829998
      vertex -15.874998 12.382503 36.829998
    endloop
  endfacet
  facet normal -1.000000 0.000000 0.000000
    outer loop
      vertex -14.325423 9.320962 36.829998
      vertex -14.325423 9.320962 38.099998
      vertex -14.325423 11.058593 36.829998
    endloop
  endfacet
  facet normal -1.000000 0.000000 0.000000
    outer loop
      vertex -14.325423 9.320962 38.099998
      vertex -14.325423 11.058593 38.099998
      vertex -14.325423 11.058593 36.829998
    endloop
  endfacet
  facet normal 0.000000 0.000000 1.000000
    outer loop
      vertex -14.325423 9.320962 36.829998
      vertex -14.325423 11.058593 36.829998
      vertex -15.874998 12.382503 36.829998
    endloop
  endfacet
  facet normal 0.000000 0.000000 1.000000
    outer loop
      vertex -14.325423 9.320962 38.099998
      vertex -11.023172 9.320962 38.099998
      vertex -14.325423 11.058593 38.099998
    endloop
  endfacet
  facet normal 0.000000 0.000000 1.000000
    outer loop
      vertex -11.023172 9.320962 38.099998
      vertex -10.564318 11.058593 38.099998
      vertex -14.325423 11.058593 38.099998
    endloop
  endfacet
  facet normal 0.000000 1.000000 0.000000
    outer loop
      vertex -14.325423 11.058593 36.829998
      vertex -14.325423 11.058593 38.099998
      vertex -10.564318 11.058593 36.829998
    endloop
  endfacet
  facet normal 0.000000 0.000000 1.000000
    outer loop
      vertex -14.325423 11.058593 36.829998
      vertex -10.564318 12.382503 36.829998
      vertex -15.874998 12.382503 36.829998
    endloop
  endfacet
  facet normal 0.000000 -1.000000 0.000000
    outer loop
      vertex -15.874998 12.382503 36.829998
      vertex -10.564318 12.382503 38.099998
      vertex -15.874998 12.382503 38.099998
    endloop
  endfacet
  facet normal 0.000000 -1.000000 0.000000
    outer loop
      vertex -15.874998 12.382503 36.829998
      vertex -10.564318 12.382503 36.829998
      vertex -10.564318 12.382503 38.099998
    endloop
  endfacet
  facet normal 0.000000 0.000000 1.000000
    outer loop
      vertex -14.325423 11.058593 36.829998
      vertex -10.564318 11.058593 36.829998
      vertex -10.564318 12.382503 36.829998
    endloop
  endfacet
  facet normal 0.000000 1.000000 0.000000
    outer loop
      vertex -14.325423 11.058593 38.099998
      vertex -10.564318 11.058593 38.099998
      vertex -10.564318 11.058593 36.829998
    endloop
  endfacet
  facet normal 1.000000 0.000000 0.000000
    outer loop
      vertex -10.022718 4.762502 36.829998
      vertex -10.022718 12.382503 36.829998
      vertex -10.022718 12.382503 38.099998
    endloop
  endfacet
  facet normal 0.000000 0.000000 1.000000
    outer loop
      vertex -11.023172 9.320962 38.099998
      vertex -10.022718 12.382503 38.099998
      vertex -10.564318 11.058593 38.099998
    endloop
  endfacet
  facet normal -1.000000 0.000000 0.000000
    outer loop
      vertex -10.564318 11.058593 36.829998
      vertex -10.564318 11.058593 38.099998
      vertex -10.564318 12.382503 36.829998
    endloop
  endfacet
  facet normal -1.000000 0.000000 0.000000
    outer loop
      vertex -10.564318 11.058593 38.099998
      vertex -10.564318 12.382503 38.099998
      vertex -10.564318 12.382503 36.829998
    endloop
  endfacet
  facet normal 0.000000 0.000000 1.000000
    outer loop
      vertex -10.564318 11.058593 38.099998
      vertex -10.022718 12.382503 38.099998
      vertex -10.564318 12.382503 38.099998
    endloop
  endfacet
  facet normal 0.000000 0.000000 1.000000
    outer loop
      vertex -38.099998 0.000002 38.099998
      vertex 38.099998 0.000002 38.099998
      vertex -14.325423 4.762502 38.099998
    endloop
  endfacet
  facet normal 0.000000 0.000000 1.000000
    outer loop
      vertex -10.022718 4.762502 36.829998
      vertex -8.458098 4.762502 36.829998
      vertex -8.458098 7.718730 36.829998
    endloop
  endfacet
  facet normal 0.000000 1.000000 0.000000
    outer loop
      vertex -10.022718 4.762502 36.829998
      vertex -10.022718 4.762502 38.099998
      vertex -8.458098 4.762502 36.829998
    endloop
  endfacet
  facet normal 0.000000 1.000000 0.000000
    outer loop
      vertex -10.022718 4.762502 38.099998
      vertex -8.458098 4.762502 38.099998
      vertex -8.458098 4.762502 36.829998
    endloop
  endfacet
  facet normal -1.000000 0.000000 0.000000
    outer loop
      vertex -8.458098 4.762502 36.829998
      vertex -8.458098 4.762502 38.099998
      vertex -8.458098 7.718730 36.829998
    endloop
  endfacet
  facet normal -1.000000 0.000000 0.000000
    outer loop
      vertex -8.458098 4.762502 38.099998
      vertex -8.458098 7.718730 38.099998
      vertex -8.458098 7.718730 36.829998
    endloop
  endfacet
  facet normal 0.000000 0.000000 1.000000
    outer loop
      vertex -8.458098 4.762502 38.099998
      vertex -6.803212 7.718730 38.099998
      vertex -8.458098 7.718730 38.099998
    endloop
  endfacet
  facet normal 0.000000 0.000000 1.000000
    outer loop
      vertex -8.458098 4.762502 38.099998
      vertex -6.229643 7.628465 38.099998
      vertex -6.803212 7.718730 38.099998
    endloop
  endfacet
  facet normal 0.000000 0.000000 1.000000
    outer loop
      vertex -10.022718 4.762502 36.829998
      vertex -8.458098 7.718730 36.829998
      vertex -8.458098 9.065207 36.829998
    endloop
  endfacet
  facet normal 0.000000 0.000000 1.000000
    outer loop
      vertex -10.022718 4.762502 36.829998
      vertex -8.458098 9.065207 36.829998
      vertex -10.022718 12.382503 36.829998
    endloop
  endfacet
  facet normal 0.000000 1.000000 0.000000
    outer loop
      vertex -8.458098 7.718730 36.829998
      vertex -8.458098 7.718730 38.099998
      vertex -6.803212 7.718730 36.829998
    endloop
  endfacet
  facet normal 0.000000 1.000000 0.000000
    outer loop
      vertex -8.458098 7.718730 38.099998
      vertex -6.803212 7.718730 38.099998
      vertex -6.803212 7.718730 36.829998
    endloop
  endfacet
  facet normal 0.000000 0.000000 1.000000
    outer loop
      vertex -8.458098 7.718730 36.829998
      vertex -6.444614 9.073668 36.829998
      vertex -8.458098 9.065207 36.829998
    endloop
  endfacet
  facet normal 0.004202 -0.999991 0.000000
    outer loop
      vertex -8.458098 9.065207 36.829998
      vertex -6.444614 9.073668 38.099998
      vertex -8.458098 9.065207 38.099998
    endloop
  endfacet
  facet normal 0.000000 0.000000 1.000000
    outer loop
      vertex -8.458098 4.762502 38.099998
      vertex -5.615747 5.249146 38.099998
      vertex -5.651947 5.774293 38.099998
    endloop
  endfacet
  facet normal 0.000000 0.000000 1.000000
    outer loop
      vertex -8.458098 4.762502 38.099998
      vertex -5.651947 5.774293 38.099998
      vertex -5.652313 6.289510 38.099998
    endloop
  endfacet
  facet normal 0.000000 0.000000 1.000000
    outer loop
      vertex -8.458098 4.762502 38.099998
      vertex -5.652313 6.289510 38.099998
      vertex -5.675716 6.792663 38.099998
    endloop
  endfacet
  facet normal 0.000000 0.000000 1.000000
    outer loop
      vertex -8.458098 4.762502 38.099998
      vertex -5.449214 4.762502 38.099998
      vertex -5.615747 5.249146 38.099998
    endloop
  endfacet
  facet normal 0.000000 0.000000 1.000000
    outer loop
      vertex -8.458098 4.762502 38.099998
      vertex -5.675716 6.792663 38.099998
      vertex -5.829294 7.306054 38.099998
    endloop
  endfacet
  facet normal 0.000000 0.000000 1.000000
    outer loop
      vertex -8.458098 4.762502 38.099998
      vertex -5.829294 7.306054 38.099998
      vertex -6.229643 7.628465 38.099998
    endloop
  endfacet
  facet normal 0.000000 0.000000 1.000000
    outer loop
      vertex -5.615747 5.249146 36.829998
      vertex -5.652313 6.289510 36.829998
      vertex -5.651947 5.774293 36.829998
    endloop
  endfacet
  facet normal 0.000000 0.000000 1.000000
    outer loop
      vertex -5.449214 4.762502 36.829998
      vertex -4.012158 5.435636 36.829998
      vertex -5.615747 5.249146 36.829998
    endloop
  endfacet
  facet normal 0.000000 0.000000 1.000000
    outer loop
      vertex -5.615747 5.249146 36.829998
      vertex -4.012158 5.435636 36.829998
      vertex -5.652313 6.289510 36.829998
    endloop
  endfacet
  facet normal 0.946134 0.323774 0.000000
    outer loop
      vertex -5.449214 4.762502 36.829998
      vertex -5.615747 5.249146 36.829998
      vertex -5.615747 5.249146 38.099998
    endloop
  endfacet
  facet normal 0.946134 0.323774 0.000000
    outer loop
      vertex -5.449214 4.762502 36.829998
      vertex -5.615747 5.249146 38.099998
      vertex -5.449214 4.762502 38.099998
    endloop
  endfacet
  facet normal 0.997632 0.068771 0.000000
    outer loop
      vertex -5.615747 5.249146 36.829998
      vertex -5.651947 5.774293 36.829998
      vertex -5.651947 5.774293 38.099998
    endloop
  endfacet
  facet normal 0.997632 0.068771 0.000000
    outer loop
      vertex -5.615747 5.249146 36.829998
      vertex -5.651947 5.774293 38.099998
      vertex -5.615747 5.249146 38.099998
    endloop
  endfacet
  facet normal 1.000000 0.000710 0.000000
    outer loop
      vertex -5.651947 5.774293 36.829998
      vertex -5.652313 6.289510 38.099998
      vertex -5.651947 5.774293 38.099998
    endloop
  endfacet
  facet normal 0.000000 1.000000 0.000000
    outer loop
      vertex -5.449214 4.762502 36.829998
      vertex -5.449214 4.762502 38.099998
      vertex -3.734149 4.762502 36.829998
    endloop
  endfacet
  facet normal 0.000000 0.000000 1.000000
    outer loop
      vertex -5.652313 6.289510 36.829998
      vertex -4.012158 5.435636 36.829998
      vertex -5.675716 6.792663 36.829998
    endloop
  endfacet
  facet normal 0.000000 0.000000 1.000000
    outer loop
      vertex -5.675716 6.792663 36.829998
      vertex -4.012158 5.435636 36.829998
      vertex -5.829294 7.306054 36.829998
    endloop
  endfacet
  facet normal 0.000000 0.000000 1.000000
    outer loop
      vertex -5.829294 7.306054 36.829998
      vertex -4.012158 5.435636 36.829998
      vertex -4.849526 8.489966 36.829998
    endloop
  endfacet
  facet normal 1.000000 0.000710 0.000000
    outer loop
      vertex -5.651947 5.774293 36.829998
      vertex -5.652313 6.289510 36.829998
      vertex -5.652313 6.289510 38.099998
    endloop
  endfacet
  facet normal 0.998920 0.046462 0.000000
    outer loop
      vertex -5.652313 6.289510 36.829998
      vertex -5.675716 6.792663 38.099998
      vertex -5.652313 6.289510 38.099998
    endloop
  endfacet
  facet normal 0.998920 0.046462 0.000000
    outer loop
      vertex -5.652313 6.289510 36.829998
      vertex -5.675716 6.792663 36.829998
      vertex -5.675716 6.792663 38.099998
    endloop
  endfacet
  facet normal 0.958052 0.286596 0.000000
    outer loop
      vertex -5.675716 6.792663 36.829998
      vertex -5.829294 7.306054 36.829998
      vertex -5.829294 7.306054 38.099998
    endloop
  endfacet
  facet normal 0.958052 0.286596 0.000000
    outer loop
      vertex -5.675716 6.792663 36.829998
      vertex -5.829294 7.306054 38.099998
      vertex -5.675716 6.792663 38.099998
    endloop
  endfacet
  facet normal 0.000000 0.000000 1.000000
    outer loop
      vertex -8.458098 7.718730 36.829998
      vertex -6.803212 7.718730 36.829998
      vertex -4.849526 8.489966 36.829998
    endloop
  endfacet
  facet normal 0.000000 0.000000 1.000000
    outer loop
      vertex -6.803212 7.718730 36.829998
      vertex -6.229643 7.628465 36.829998
      vertex -4.849526 8.489966 36.829998
    endloop
  endfacet
  facet normal 0.155461 0.987842 0.000000
    outer loop
      vertex -6.803212 7.718730 36.829998
      vertex -6.803212 7.718730 38.099998
      vertex -6.229643 7.628465 36.829998
    endloop
  endfacet
  facet normal 0.627220 0.778842 0.000000
    outer loop
      vertex -6.229643 7.628465 36.829998
      vertex -6.229643 7.628465 38.099998
      vertex -5.829294 7.306054 36.829998
    endloop
  endfacet
  facet normal 0.155461 0.987842 0.000000
    outer loop
      vertex -6.229643 7.628465 36.829998
      vertex -6.803212 7.718730 38.099998
      vertex -6.229643 7.628465 38.099998
    endloop
  endfacet
  facet normal 0.627220 0.778842 0.000000
    outer loop
      vertex -6.229643 7.628465 38.099998
      vertex -5.829294 7.306054 38.099998
      vertex -5.829294 7.306054 36.829998
    endloop
  endfacet
  facet normal 0.000000 0.000000 1.000000
    outer loop
      vertex -8.458098 7.718730 36.829998
      vertex -6.259171 9.102921 36.829998
      vertex -6.444614 9.073668 36.829998
    endloop
  endfacet
  facet normal 0.000000 0.000000 1.000000
    outer loop
      vertex -8.458098 7.718730 36.829998
      vertex -6.103437 9.147115 36.829998
      vertex -6.259171 9.102921 36.829998
    endloop
  endfacet
  facet normal 0.000000 0.000000 1.000000
    outer loop
      vertex -8.458098 7.718730 36.829998
      vertex -5.958282 9.208234 36.829998
      vertex -6.103437 9.147115 36.829998
    endloop
  endfacet
  facet normal 0.000000 0.000000 1.000000
    outer loop
      vertex -8.458098 7.718730 36.829998
      vertex -4.849526 8.489966 36.829998
      vertex -5.958282 9.208234 36.829998
    endloop
  endfacet
  facet normal 0.004202 -0.999991 0.000000
    outer loop
      vertex -8.458098 9.065207 36.829998
      vertex -6.444614 9.073668 36.829998
      vertex -6.444614 9.073668 38.099998
    endloop
  endfacet
  facet normal 0.000000 0.000000 1.000000
    outer loop
      vertex -8.458098 9.065207 38.099998
      vertex -6.444614 9.073668 38.099998
      vertex -5.505480 9.645135 38.099998
    endloop
  endfacet
  facet normal 0.155819 -0.987786 0.000000
    outer loop
      vertex -6.444614 9.073668 36.829998
      vertex -6.259171 9.102921 36.829998
      vertex -6.259171 9.102921 38.099998
    endloop
  endfacet
  facet normal 0.272996 -0.962015 0.000000
    outer loop
      vertex -6.259171 9.102921 36.829998
      vertex -6.103437 9.147115 36.829998
      vertex -6.103437 9.147115 38.099998
    endloop
  endfacet
  facet normal 0.388063 -0.921633 0.000000
    outer loop
      vertex -6.103437 9.147115 36.829998
      vertex -5.958282 9.208234 36.829998
      vertex -5.958282 9.208234 38.099998
    endloop
  endfacet
  facet normal 0.155819 -0.987786 0.000000
    outer loop
      vertex -6.444614 9.073668 36.829998
      vertex -6.259171 9.102921 38.099998
      vertex -6.444614 9.073668 38.099998
    endloop
  endfacet
  facet normal 0.000000 0.000000 1.000000
    outer loop
      vertex -8.458098 9.065207 38.099998
      vertex -5.505480 9.645135 38.099998
      vertex -5.460915 9.760592 38.099998
    endloop
  endfacet
  facet normal 0.272996 -0.962015 0.000000
    outer loop
      vertex -6.259171 9.102921 36.829998
      vertex -6.103437 9.147115 38.099998
      vertex -6.259171 9.102921 38.099998
    endloop
  endfacet
  facet normal 0.388063 -0.921633 0.000000
    outer loop
      vertex -6.103437 9.147115 36.829998
      vertex -5.958282 9.208234 38.099998
      vertex -6.103437 9.147115 38.099998
    endloop
  endfacet
  facet normal 0.000000 0.000000 1.000000
    outer loop
      vertex -6.444614 9.073668 38.099998
      vertex -6.259171 9.102921 38.099998
      vertex -5.505480 9.645135 38.099998
    endloop
  endfacet
  facet normal 0.000000 0.000000 1.000000
    outer loop
      vertex -6.259171 9.102921 38.099998
      vertex -6.103437 9.147115 38.099998
      vertex -5.505480 9.645135 38.099998
    endloop
  endfacet
  facet normal 0.000000 0.000000 1.000000
    outer loop
      vertex -6.229643 7.628465 36.829998
      vertex -5.829294 7.306054 36.829998
      vertex -4.849526 8.489966 36.829998
    endloop
  endfacet
  facet normal 0.000000 0.000000 1.000000
    outer loop
      vertex -4.849526 8.489966 36.829998
      vertex -5.912248 9.232368 36.829998
      vertex -5.958282 9.208234 36.829998
    endloop
  endfacet
  facet normal 0.000000 0.000000 1.000000
    outer loop
      vertex -5.912248 9.232368 36.829998
      vertex -4.849526 8.489966 36.829998
      vertex -5.680313 9.402034 36.829998
    endloop
  endfacet
  facet normal 0.000000 0.000000 1.000000
    outer loop
      vertex -5.680313 9.402034 36.829998
      vertex -4.849526 8.489966 36.829998
      vertex -5.596896 9.495736 36.829998
    endloop
  endfacet
  facet normal 0.000000 0.000000 1.000000
    outer loop
      vertex -4.849526 8.489966 36.829998
      vertex -5.529477 9.598395 36.829998
      vertex -5.596896 9.495736 36.829998
    endloop
  endfacet
  facet normal 0.000000 0.000000 1.000000
    outer loop
      vertex -4.849526 8.489966 36.829998
      vertex -5.505480 9.645135 36.829998
      vertex -5.529477 9.598395 36.829998
    endloop
  endfacet
  facet normal 0.000000 0.000000 1.000000
    outer loop
      vertex -4.849526 8.489966 36.829998
      vertex -5.460915 9.760592 36.829998
      vertex -5.505480 9.645135 36.829998
    endloop
  endfacet
  facet normal 0.000000 0.000000 1.000000
    outer loop
      vertex -4.849526 8.489966 36.829998
      vertex -5.429573 9.903516 36.829998
      vertex -5.460915 9.760592 36.829998
    endloop
  endfacet
  facet normal 0.464316 -0.885670 0.000000
    outer loop
      vertex -5.958282 9.208234 36.829998
      vertex -5.912248 9.232368 36.829998
      vertex -5.912248 9.232368 38.099998
    endloop
  endfacet
  facet normal 0.590414 -0.807100 0.000000
    outer loop
      vertex -5.912248 9.232368 36.829998
      vertex -5.680313 9.402034 36.829998
      vertex -5.680313 9.402034 38.099998
    endloop
  endfacet
  facet normal 0.746910 -0.664925 0.000000
    outer loop
      vertex -5.680313 9.402034 36.829998
      vertex -5.596896 9.495736 36.829998
      vertex -5.596896 9.495736 38.099998
    endloop
  endfacet
  facet normal 0.464316 -0.885670 0.000000
    outer loop
      vertex -5.958282 9.208234 36.829998
      vertex -5.912248 9.232368 38.099998
      vertex -5.958282 9.208234 38.099998
    endloop
  endfacet
  facet normal 0.590414 -0.807100 0.000000
    outer loop
      vertex -5.912248 9.232368 36.829998
      vertex -5.680313 9.402034 38.099998
      vertex -5.912248 9.232368 38.099998
    endloop
  endfacet
  facet normal 0.000000 0.000000 1.000000
    outer loop
      vertex -6.103437 9.147115 38.099998
      vertex -5.958282 9.208234 38.099998
      vertex -5.505480 9.645135 38.099998
    endloop
  endfacet
  facet normal 0.000000 0.000000 1.000000
    outer loop
      vertex -5.958282 9.208234 38.099998
      vertex -5.912248 9.232368 38.099998
      vertex -5.505480 9.645135 38.099998
    endloop
  endfacet
  facet normal 0.000000 0.000000 1.000000
    outer loop
      vertex -5.912248 9.232368 38.099998
      vertex -5.680313 9.402034 38.099998
      vertex -5.505480 9.645135 38.099998
    endloop
  endfacet
  facet normal 0.746910 -0.664925 0.000000
    outer loop
      vertex -5.680313 9.402034 36.829998
      vertex -5.596896 9.495736 38.099998
      vertex -5.680313 9.402034 38.099998
    endloop
  endfacet
  facet normal 0.000000 0.000000 1.000000
    outer loop
      vertex -5.596896 9.495736 38.099998
      vertex -5.529477 9.598395 38.099998
      vertex -5.680313 9.402034 38.099998
    endloop
  endfacet
  facet normal 0.000000 0.000000 1.000000
    outer loop
      vertex -0.217098 4.674741 38.099998
      vertex -0.691415 4.837724 38.099998
      vertex -3.734149 4.762502 38.099998
    endloop
  endfacet
  facet normal 0.000000 0.000000 1.000000
    outer loop
      vertex -0.217098 4.674741 38.099998
      vertex -3.734149 4.762502 38.099998
      vertex 0.293159 4.576955 38.099998
    endloop
  endfacet
  facet normal 0.000000 0.000000 1.000000
    outer loop
      vertex -0.217098 4.674741 36.829998
      vertex 0.293159 4.576955 36.829998
      vertex -0.691415 4.837724 36.829998
    endloop
  endfacet
  facet normal 0.000000 0.000000 1.000000
    outer loop
      vertex -3.734149 4.762502 38.099998
      vertex 0.839355 4.544358 38.099998
      vertex 0.293159 4.576955 38.099998
    endloop
  endfacet
  facet normal 0.188216 0.982128 0.000000
    outer loop
      vertex -0.217098 4.674741 36.829998
      vertex -0.217098 4.674741 38.099998
      vertex 0.293159 4.576955 36.829998
    endloop
  endfacet
  facet normal 0.324966 0.945726 0.000000
    outer loop
      vertex -0.217098 4.674741 36.829998
      vertex -0.691415 4.837724 38.099998
      vertex -0.217098 4.674741 38.099998
    endloop
  endfacet
  facet normal 0.000000 0.000000 1.000000
    outer loop
      vertex -5.449214 4.762502 36.829998
      vertex -3.734149 4.762502 36.829998
      vertex -4.012158 5.435636 36.829998
    endloop
  endfacet
  facet normal 0.000000 1.000000 0.000000
    outer loop
      vertex -5.449214 4.762502 38.099998
      vertex -3.734149 4.762502 38.099998
      vertex -3.734149 4.762502 36.829998
    endloop
  endfacet
  facet normal -0.924274 -0.381731 0.000000
    outer loop
      vertex -3.734149 4.762502 36.829998
      vertex -3.734149 4.762502 38.099998
      vertex -4.012158 5.435636 36.829998
    endloop
  endfacet
  facet normal -0.924274 -0.381731 0.000000
    outer loop
      vertex -4.012158 5.435636 36.829998
      vertex -3.734149 4.762502 38.099998
      vertex -4.012158 5.435636 38.099998
    endloop
  endfacet
  facet normal -0.997575 -0.069598 0.000000
    outer loop
      vertex -4.012158 5.435636 36.829998
      vertex -4.012158 5.435636 38.099998
      vertex -4.049769 5.974729 36.829998
    endloop
  endfacet
  facet normal -0.997575 -0.069598 0.000000
    outer loop
      vertex -4.012158 5.435636 38.099998
      vertex -4.049769 5.974729 38.099998
      vertex -4.049769 5.974729 36.829998
    endloop
  endfacet
  facet normal 0.000000 0.000000 1.000000
    outer loop
      vertex -4.012158 5.435636 36.829998
      vertex -4.049769 5.974729 36.829998
      vertex -4.506430 8.103200 36.829998
    endloop
  endfacet
  facet normal 0.000000 0.000000 1.000000
    outer loop
      vertex -4.049769 5.974729 36.829998
      vertex -4.081007 7.078507 36.829998
      vertex -4.506430 8.103200 36.829998
    endloop
  endfacet
  facet normal 0.000000 0.000000 1.000000
    outer loop
      vertex -4.049769 5.974729 36.829998
      vertex -4.050082 6.500133 36.829998
      vertex -4.081007 7.078507 36.829998
    endloop
  endfacet
  facet normal -1.000000 -0.000596 0.000000
    outer loop
      vertex -4.049769 5.974729 36.829998
      vertex -4.049769 5.974729 38.099998
      vertex -4.050082 6.500133 36.829998
    endloop
  endfacet
  facet normal -1.000000 -0.000596 0.000000
    outer loop
      vertex -4.050082 6.500133 36.829998
      vertex -4.049769 5.974729 38.099998
      vertex -4.050082 6.500133 38.099998
    endloop
  endfacet
  facet normal -0.998574 -0.053392 0.000000
    outer loop
      vertex -4.050082 6.500133 36.829998
      vertex -4.050082 6.500133 38.099998
      vertex -4.081007 7.078507 36.829998
    endloop
  endfacet
  facet normal -0.998574 -0.053392 0.000000
    outer loop
      vertex -4.081007 7.078507 36.829998
      vertex -4.050082 6.500133 38.099998
      vertex -4.081007 7.078507 38.099998
    endloop
  endfacet
  facet normal 0.000000 0.000000 1.000000
    outer loop
      vertex -4.049769 5.974729 38.099998
      vertex -2.725494 7.233861 38.099998
      vertex -4.050082 6.500133 38.099998
    endloop
  endfacet
  facet normal 0.000000 0.000000 1.000000
    outer loop
      vertex -4.050082 6.500133 38.099998
      vertex -2.725494 7.233861 38.099998
      vertex -4.081007 7.078507 38.099998
    endloop
  endfacet
  facet normal 0.000000 0.000000 1.000000
    outer loop
      vertex -3.734149 4.762502 38.099998
      vertex -2.058525 5.909951 38.099998
      vertex -4.012158 5.435636 38.099998
    endloop
  endfacet
  facet normal 0.000000 0.000000 1.000000
    outer loop
      vertex -3.734149 4.762502 38.099998
      vertex -1.719973 5.530393 38.099998
      vertex -2.058525 5.909951 38.099998
    endloop
  endfacet
  facet normal 0.000000 0.000000 1.000000
    outer loop
      vertex -4.012158 5.435636 38.099998
      vertex -2.454538 6.535235 38.099998
      vertex -4.049769 5.974729 38.099998
    endloop
  endfacet
  facet normal 0.000000 0.000000 1.000000
    outer loop
      vertex -4.049769 5.974729 38.099998
      vertex -2.454538 6.535235 38.099998
      vertex -2.725494 7.233861 38.099998
    endloop
  endfacet
  facet normal 0.000000 0.000000 1.000000
    outer loop
      vertex -4.012158 5.435636 38.099998
      vertex -2.058525 5.909951 38.099998
      vertex -2.454538 6.535235 38.099998
    endloop
  endfacet
  facet normal 0.932334 0.361598 0.000000
    outer loop
      vertex -2.454538 6.535235 36.829998
      vertex -2.725494 7.233861 36.829998
      vertex -2.725494 7.233861 38.099998
    endloop
  endfacet
  facet normal 0.932334 0.361598 0.000000
    outer loop
      vertex -2.454538 6.535235 36.829998
      vertex -2.725494 7.233861 38.099998
      vertex -2.454538 6.535235 38.099998
    endloop
  endfacet
  facet normal 0.000000 0.000000 1.000000
    outer loop
      vertex -4.849526 8.489966 36.829998
      vertex -4.012158 5.435636 36.829998
      vertex -4.506430 8.103200 36.829998
    endloop
  endfacet
  facet normal 0.000000 0.000000 1.000000
    outer loop
      vertex -4.081007 7.078507 36.829998
      vertex -4.206638 7.636928 36.829998
      vertex -4.506430 8.103200 36.829998
    endloop
  endfacet
  facet normal -0.748077 -0.663612 0.000000
    outer loop
      vertex -4.849526 8.489966 36.829998
      vertex -4.506430 8.103200 36.829998
      vertex -4.506430 8.103200 38.099998
    endloop
  endfacet
  facet normal -0.841142 -0.540815 0.000000
    outer loop
      vertex -4.206638 7.636928 36.829998
      vertex -4.206638 7.636928 38.099998
      vertex -4.506430 8.103200 36.829998
    endloop
  endfacet
  facet normal -0.841142 -0.540815 0.000000
    outer loop
      vertex -4.506430 8.103200 36.829998
      vertex -4.206638 7.636928 38.099998
      vertex -4.506430 8.103200 38.099998
    endloop
  endfacet
  facet normal -0.975615 -0.219490 0.000000
    outer loop
      vertex -4.081007 7.078507 36.829998
      vertex -4.081007 7.078507 38.099998
      vertex -4.206638 7.636928 36.829998
    endloop
  endfacet
  facet normal -0.975615 -0.219490 0.000000
    outer loop
      vertex -4.081007 7.078507 38.099998
      vertex -4.206638 7.636928 38.099998
      vertex -4.206638 7.636928 36.829998
    endloop
  endfacet
  facet normal 0.000000 0.000000 1.000000
    outer loop
      vertex -4.081007 7.078507 38.099998
      vertex -2.836656 7.740357 38.099998
      vertex -4.206638 7.636928 38.099998
    endloop
  endfacet
  facet normal 0.000000 0.000000 1.000000
    outer loop
      vertex -4.206638 7.636928 38.099998
      vertex -2.892236 8.279449 38.099998
      vertex -4.506430 8.103200 38.099998
    endloop
  endfacet
  facet normal 0.000000 0.000000 1.000000
    outer loop
      vertex -4.849526 8.489966 36.829998
      vertex -4.399447 8.835361 36.829998
      vertex -4.076201 9.333081 36.829998
    endloop
  endfacet
  facet normal 0.000000 0.000000 1.000000
    outer loop
      vertex -4.849526 8.489966 36.829998
      vertex -4.076201 9.333081 36.829998
      vertex -3.867199 10.449920 36.829998
    endloop
  endfacet
  facet normal -0.608802 0.793322 0.000000
    outer loop
      vertex -4.849526 8.489966 36.829998
      vertex -4.849526 8.489966 38.099998
      vertex -4.399447 8.835361 36.829998
    endloop
  endfacet
  facet normal -0.748077 -0.663612 0.000000
    outer loop
      vertex -4.849526 8.489966 36.829998
      vertex -4.506430 8.103200 38.099998
      vertex -4.849526 8.489966 38.099998
    endloop
  endfacet
  facet normal 0.000000 0.000000 1.000000
    outer loop
      vertex -4.849526 8.489966 38.099998
      vertex -4.506430 8.103200 38.099998
      vertex -4.399447 8.835361 38.099998
    endloop
  endfacet
  facet normal -0.608802 0.793322 0.000000
    outer loop
      vertex -4.849526 8.489966 38.099998
      vertex -4.399447 8.835361 38.099998
      vertex -4.399447 8.835361 36.829998
    endloop
  endfacet
  facet normal -0.838653 0.544666 0.000000
    outer loop
      vertex -4.399447 8.835361 36.829998
      vertex -4.399447 8.835361 38.099998
      vertex -4.076201 9.333081 36.829998
    endloop
  endfacet
  facet normal -0.838653 0.544666 0.000000
    outer loop
      vertex -4.076201 9.333081 36.829998
      vertex -4.399447 8.835361 38.099998
      vertex -4.076201 9.333081 38.099998
    endloop
  endfacet
  facet normal 0.000000 0.000000 1.000000
    outer loop
      vertex -4.506430 8.103200 38.099998
      vertex -2.892341 8.842988 38.099998
      vertex -4.399447 8.835361 38.099998
    endloop
  endfacet
  facet normal -0.951739 0.306908 0.000000
    outer loop
      vertex -4.076201 9.333081 36.829998
      vertex -4.076201 9.333081 38.099998
      vertex -3.896295 9.890979 36.829998
    endloop
  endfacet
  facet normal 0.000000 0.000000 1.000000
    outer loop
      vertex -4.399447 8.835361 38.099998
      vertex -2.837596 9.382079 38.099998
      vertex -4.076201 9.333081 38.099998
    endloop
  endfacet
  facet normal 0.000000 0.000000 1.000000
    outer loop
      vertex -2.454538 6.535235 36.829998
      vertex -2.892341 8.842988 36.829998
      vertex -2.836656 7.740357 36.829998
    endloop
  endfacet
  facet normal 0.000000 0.000000 1.000000
    outer loop
      vertex -2.454538 6.535235 36.829998
      vertex -2.836656 7.740357 36.829998
      vertex -2.725494 7.233861 36.829998
    endloop
  endfacet
  facet normal 0.000000 0.000000 1.000000
    outer loop
      vertex -2.836656 7.740357 36.829998
      vertex -2.892341 8.842988 36.829998
      vertex -2.892236 8.279449 36.829998
    endloop
  endfacet
  facet normal 0.000000 0.000000 1.000000
    outer loop
      vertex -4.081007 7.078507 38.099998
      vertex -2.725494 7.233861 38.099998
      vertex -2.836656 7.740357 38.099998
    endloop
  endfacet
  facet normal 0.000000 0.000000 1.000000
    outer loop
      vertex -4.206638 7.636928 38.099998
      vertex -2.836656 7.740357 38.099998
      vertex -2.892236 8.279449 38.099998
    endloop
  endfacet
  facet normal 0.976753 0.214369 0.000000
    outer loop
      vertex -2.725494 7.233861 36.829998
      vertex -2.836656 7.740357 36.829998
      vertex -2.836656 7.740357 38.099998
    endloop
  endfacet
  facet normal 0.976753 0.214369 0.000000
    outer loop
      vertex -2.725494 7.233861 36.829998
      vertex -2.836656 7.740357 38.099998
      vertex -2.725494 7.233861 38.099998
    endloop
  endfacet
  facet normal 0.994727 0.102557 0.000000
    outer loop
      vertex -2.836656 7.740357 36.829998
      vertex -2.892236 8.279449 36.829998
      vertex -2.892236 8.279449 38.099998
    endloop
  endfacet
  facet normal 0.994727 0.102557 0.000000
    outer loop
      vertex -2.836656 7.740357 36.829998
      vertex -2.892236 8.279449 38.099998
      vertex -2.836656 7.740357 38.099998
    endloop
  endfacet
  facet normal 0.000000 0.000000 1.000000
    outer loop
      vertex -2.892341 8.842988 36.829998
      vertex -2.728106 9.888576 36.829998
      vertex -2.837596 9.382079 36.829998
    endloop
  endfacet
  facet normal 0.000000 0.000000 1.000000
    outer loop
      vertex -4.506430 8.103200 38.099998
      vertex -2.892236 8.279449 38.099998
      vertex -2.892341 8.842988 38.099998
    endloop
  endfacet
  facet normal 0.000000 0.000000 1.000000
    outer loop
      vertex -4.399447 8.835361 38.099998
      vertex -2.892341 8.842988 38.099998
      vertex -2.837596 9.382079 38.099998
    endloop
  endfacet
  facet normal 1.000000 0.000185 0.000000
    outer loop
      vertex -2.892236 8.279449 36.829998
      vertex -2.892341 8.842988 36.829998
      vertex -2.892341 8.842988 38.099998
    endloop
  endfacet
  facet normal 1.000000 0.000185 0.000000
    outer loop
      vertex -2.892236 8.279449 36.829998
      vertex -2.892341 8.842988 38.099998
      vertex -2.892236 8.279449 38.099998
    endloop
  endfacet
  facet normal 0.994883 -0.101031 0.000000
    outer loop
      vertex -2.892341 8.842988 36.829998
      vertex -2.837596 9.382079 36.829998
      vertex -2.837596 9.382079 38.099998
    endloop
  endfacet
  facet normal 0.994883 -0.101031 0.000000
    outer loop
      vertex -2.892341 8.842988 36.829998
      vertex -2.837596 9.382079 38.099998
      vertex -2.892341 8.842988 38.099998
    endloop
  endfacet
  facet normal 0.000000 0.000000 1.000000
    outer loop
      vertex -1.335504 5.204431 36.829998
      vertex -0.691415 4.837724 36.829998
      vertex -1.719973 5.530393 36.829998
    endloop
  endfacet
  facet normal 0.000000 0.000000 1.000000
    outer loop
      vertex -2.454538 6.535235 36.829998
      vertex -1.719973 5.530393 36.829998
      vertex -0.691415 4.837724 36.829998
    endloop
  endfacet
  facet normal 0.000000 0.000000 1.000000
    outer loop
      vertex -3.734149 4.762502 38.099998
      vertex -1.335504 5.204431 38.099998
      vertex -1.719973 5.530393 38.099998
    endloop
  endfacet
  facet normal 0.000000 0.000000 1.000000
    outer loop
      vertex -3.734149 4.762502 38.099998
      vertex -0.691415 4.837724 38.099998
      vertex -1.335504 5.204431 38.099998
    endloop
  endfacet
  facet normal 0.746270 0.665644 0.000000
    outer loop
      vertex -2.058525 5.909951 36.829998
      vertex -2.058525 5.909951 38.099998
      vertex -1.719973 5.530393 36.829998
    endloop
  endfacet
  facet normal 0.746270 0.665644 0.000000
    outer loop
      vertex -1.719973 5.530393 36.829998
      vertex -2.058525 5.909951 38.099998
      vertex -1.719973 5.530393 38.099998
    endloop
  endfacet
  facet normal 0.646685 0.762757 0.000000
    outer loop
      vertex -1.335504 5.204431 36.829998
      vertex -1.719973 5.530393 38.099998
      vertex -1.335504 5.204431 38.099998
    endloop
  endfacet
  facet normal 0.646685 0.762757 0.000000
    outer loop
      vertex -1.335504 5.204431 36.829998
      vertex -1.719973 5.530393 36.829998
      vertex -1.719973 5.530393 38.099998
    endloop
  endfacet
  facet normal 0.000000 0.000000 1.000000
    outer loop
      vertex -2.454538 6.535235 36.829998
      vertex -2.058525 5.909951 36.829998
      vertex -1.719973 5.530393 36.829998
    endloop
  endfacet
  facet normal 0.000000 0.000000 1.000000
    outer loop
      vertex -2.454538 6.535235 36.829998
      vertex -0.691415 4.837724 36.829998
      vertex -2.892341 8.842988 36.829998
    endloop
  endfacet
  facet normal 0.000000 0.000000 1.000000
    outer loop
      vertex -2.892341 8.842988 36.829998
      vertex -0.691415 4.837724 36.829998
      vertex -0.511705 6.448939 36.829998
    endloop
  endfacet
  facet normal 0.844819 0.535052 0.000000
    outer loop
      vertex -2.454538 6.535235 36.829998
      vertex -2.454538 6.535235 38.099998
      vertex -2.058525 5.909951 36.829998
    endloop
  endfacet
  facet normal 0.844819 0.535052 0.000000
    outer loop
      vertex -2.454538 6.535235 38.099998
      vertex -2.058525 5.909951 38.099998
      vertex -2.058525 5.909951 36.829998
    endloop
  endfacet
  facet normal 0.000000 0.000000 1.000000
    outer loop
      vertex -0.691415 4.837724 36.829998
      vertex -0.364640 6.319129 36.829998
      vertex -0.511705 6.448939 36.829998
    endloop
  endfacet
  facet normal 0.000000 0.000000 1.000000
    outer loop
      vertex -0.691415 4.837724 36.829998
      vertex -0.208270 6.207603 36.829998
      vertex -0.364640 6.319129 36.829998
    endloop
  endfacet
  facet normal 0.000000 0.000000 1.000000
    outer loop
      vertex -0.691415 4.837724 36.829998
      vertex -0.042595 6.114358 36.829998
      vertex -0.208270 6.207603 36.829998
    endloop
  endfacet
  facet normal 0.000000 0.000000 1.000000
    outer loop
      vertex -0.691415 4.837724 36.829998
      vertex 0.241839 6.003198 36.829998
      vertex 0.061276 6.067189 36.829998
    endloop
  endfacet
  facet normal 0.000000 0.000000 1.000000
    outer loop
      vertex -0.691415 4.837724 36.829998
      vertex 0.431706 5.957490 36.829998
      vertex 0.241839 6.003198 36.829998
    endloop
  endfacet
  facet normal 0.000000 0.000000 1.000000
    outer loop
      vertex -0.691415 4.837724 36.829998
      vertex 0.061276 6.067189 36.829998
      vertex -0.042595 6.114358 36.829998
    endloop
  endfacet
  facet normal 0.494771 0.869023 0.000000
    outer loop
      vertex -1.335504 5.204431 36.829998
      vertex -1.335504 5.204431 38.099998
      vertex -0.691415 4.837724 36.829998
    endloop
  endfacet
  facet normal 0.494771 0.869023 0.000000
    outer loop
      vertex -1.335504 5.204431 38.099998
      vertex -0.691415 4.837724 38.099998
      vertex -0.691415 4.837724 36.829998
    endloop
  endfacet
  facet normal 0.324966 0.945726 0.000000
    outer loop
      vertex -0.217098 4.674741 36.829998
      vertex -0.691415 4.837724 36.829998
      vertex -0.691415 4.837724 38.099998
    endloop
  endfacet
  facet normal -0.732191 -0.681099 0.000000
    outer loop
      vertex -0.511705 6.448939 36.829998
      vertex -0.649465 6.597034 38.099998
      vertex -0.649465 6.597034 36.829998
    endloop
  endfacet
  facet normal -0.879003 -0.476817 0.000000
    outer loop
      vertex -0.880420 6.921983 36.829998
      vertex -0.988552 7.121322 38.099998
      vertex -0.988552 7.121322 36.829998
    endloop
  endfacet
  facet normal -0.815097 -0.579324 0.000000
    outer loop
      vertex -0.649465 6.597034 36.829998
      vertex -0.880420 6.921983 38.099998
      vertex -0.880420 6.921983 36.829998
    endloop
  endfacet
  facet normal -0.879003 -0.476817 0.000000
    outer loop
      vertex -0.880420 6.921983 36.829998
      vertex -0.880420 6.921983 38.099998
      vertex -0.988552 7.121322 38.099998
    endloop
  endfacet
  facet normal -0.815097 -0.579324 0.000000
    outer loop
      vertex -0.649465 6.597034 36.829998
      vertex -0.649465 6.597034 38.099998
      vertex -0.880420 6.921983 38.099998
    endloop
  endfacet
  facet normal -0.661756 -0.749719 0.000000
    outer loop
      vertex -0.511705 6.448939 36.829998
      vertex -0.364640 6.319129 36.829998
      vertex -0.364640 6.319129 38.099998
    endloop
  endfacet
  facet normal -0.580665 -0.814143 0.000000
    outer loop
      vertex -0.364640 6.319129 36.829998
      vertex -0.208270 6.207603 36.829998
      vertex -0.208270 6.207603 38.099998
    endloop
  endfacet
  facet normal -0.490471 -0.871457 0.000000
    outer loop
      vertex -0.208270 6.207603 36.829998
      vertex -0.042595 6.114358 36.829998
      vertex -0.042595 6.114358 38.099998
    endloop
  endfacet
  facet normal -0.732191 -0.681099 0.000000
    outer loop
      vertex -0.511705 6.448939 36.829998
      vertex -0.511705 6.448939 38.099998
      vertex -0.649465 6.597034 38.099998
    endloop
  endfacet
  facet normal -0.661756 -0.749719 0.000000
    outer loop
      vertex -0.511705 6.448939 36.829998
      vertex -0.364640 6.319129 38.099998
      vertex -0.511705 6.448939 38.099998
    endloop
  endfacet
  facet normal -0.580665 -0.814143 0.000000
    outer loop
      vertex -0.364640 6.319129 36.829998
      vertex -0.208270 6.207603 38.099998
      vertex -0.364640 6.319129 38.099998
    endloop
  endfacet
  facet normal -0.490471 -0.871457 0.000000
    outer loop
      vertex -0.208270 6.207603 36.829998
      vertex -0.042595 6.114358 38.099998
      vertex -0.208270 6.207603 38.099998
    endloop
  endfacet
  facet normal -0.413473 -0.910516 0.000000
    outer loop
      vertex -0.042595 6.114358 36.829998
      vertex 0.061276 6.067189 38.099998
      vertex -0.042595 6.114358 38.099998
    endloop
  endfacet
  facet normal 0.000000 0.000000 1.000000
    outer loop
      vertex -2.892341 8.842988 36.829998
      vertex -1.215629 7.778575 36.829998
      vertex -1.258882 8.017406 36.829998
    endloop
  endfacet
  facet normal 0.000000 0.000000 1.000000
    outer loop
      vertex -2.892341 8.842988 36.829998
      vertex -0.880420 6.921983 36.829998
      vertex -0.988552 7.121322 36.829998
    endloop
  endfacet
  facet normal 0.000000 0.000000 1.000000
    outer loop
      vertex -2.892341 8.842988 36.829998
      vertex -0.511705 6.448939 36.829998
      vertex -0.649465 6.597034 36.829998
    endloop
  endfacet
  facet normal 0.000000 0.000000 1.000000
    outer loop
      vertex -2.892341 8.842988 36.829998
      vertex -0.649465 6.597034 36.829998
      vertex -0.880420 6.921983 36.829998
    endloop
  endfacet
  facet normal 0.000000 0.000000 1.000000
    outer loop
      vertex -2.892341 8.842988 36.829998
      vertex -0.988552 7.121322 36.829998
      vertex -1.080464 7.330533 36.829998
    endloop
  endfacet
  facet normal 0.000000 0.000000 1.000000
    outer loop
      vertex -2.892341 8.842988 36.829998
      vertex -1.080464 7.330533 36.829998
      vertex -1.156156 7.549619 36.829998
    endloop
  endfacet
  facet normal 0.000000 0.000000 1.000000
    outer loop
      vertex -2.892341 8.842988 36.829998
      vertex -1.156156 7.549619 36.829998
      vertex -1.215629 7.778575 36.829998
    endloop
  endfacet
  facet normal -0.967880 -0.251412 0.000000
    outer loop
      vertex -1.215629 7.778575 36.829998
      vertex -1.156156 7.549619 38.099998
      vertex -1.215629 7.778575 38.099998
    endloop
  endfacet
  facet normal -0.983994 -0.178203 0.000000
    outer loop
      vertex -1.215629 7.778575 36.829998
      vertex -1.215629 7.778575 38.099998
      vertex -1.258882 8.017406 36.829998
    endloop
  endfacet
  facet normal -0.994745 -0.102380 0.000000
    outer loop
      vertex -1.258882 8.017406 36.829998
      vertex -1.288843 8.308518 38.099998
      vertex -1.288843 8.308518 36.829998
    endloop
  endfacet
  facet normal -0.983994 -0.178203 0.000000
    outer loop
      vertex -1.258882 8.017406 36.829998
      vertex -1.215629 7.778575 38.099998
      vertex -1.258882 8.017406 38.099998
    endloop
  endfacet
  facet normal -0.994745 -0.102380 0.000000
    outer loop
      vertex -1.258882 8.017406 36.829998
      vertex -1.258882 8.017406 38.099998
      vertex -1.288843 8.308518 38.099998
    endloop
  endfacet
  facet normal 0.000000 0.000000 1.000000
    outer loop
      vertex -2.892341 8.842988 36.829998
      vertex -1.258882 8.017406 36.829998
      vertex -1.288843 8.308518 36.829998
    endloop
  endfacet
  facet normal 0.000000 0.000000 1.000000
    outer loop
      vertex -2.892341 8.842988 36.829998
      vertex -1.288843 8.308518 36.829998
      vertex -2.214872 11.012206 36.829998
    endloop
  endfacet
  facet normal 0.000000 0.000000 1.000000
    outer loop
      vertex -1.288843 8.308518 36.829998
      vertex -1.285755 8.871533 36.829998
      vertex -2.214872 11.012206 36.829998
    endloop
  endfacet
  facet normal -0.999985 0.005486 0.000000
    outer loop
      vertex -1.288843 8.308518 36.829998
      vertex -1.285755 8.871533 38.099998
      vertex -1.285755 8.871533 36.829998
    endloop
  endfacet
  facet normal -0.999985 0.005486 0.000000
    outer loop
      vertex -1.288843 8.308518 38.099998
      vertex -1.285755 8.871533 38.099998
      vertex -1.288843 8.308518 36.829998
    endloop
  endfacet
  facet normal -0.993994 0.109437 0.000000
    outer loop
      vertex -1.285755 8.871533 36.829998
      vertex -1.258330 9.120627 38.099998
      vertex -1.258330 9.120627 36.829998
    endloop
  endfacet
  facet normal -0.983622 0.180245 0.000000
    outer loop
      vertex -1.258330 9.120627 36.829998
      vertex -1.214450 9.360084 38.099998
      vertex -1.214450 9.360084 36.829998
    endloop
  endfacet
  facet normal -0.993994 0.109437 0.000000
    outer loop
      vertex -1.285755 8.871533 36.829998
      vertex -1.285755 8.871533 38.099998
      vertex -1.258330 9.120627 38.099998
    endloop
  endfacet
  facet normal -0.983622 0.180245 0.000000
    outer loop
      vertex -1.258330 9.120627 36.829998
      vertex -1.258330 9.120627 38.099998
      vertex -1.214450 9.360084 38.099998
    endloop
  endfacet
  facet normal -0.967224 0.253924 0.000000
    outer loop
      vertex -1.214450 9.360084 36.829998
      vertex -1.214450 9.360084 38.099998
      vertex -1.154116 9.589904 38.099998
    endloop
  endfacet
  facet normal -0.915542 -0.402222 0.000000
    outer loop
      vertex -0.988552 7.121322 36.829998
      vertex -1.080464 7.330533 38.099998
      vertex -1.080464 7.330533 36.829998
    endloop
  endfacet
  facet normal -0.945180 -0.326551 0.000000
    outer loop
      vertex -1.156156 7.549619 36.829998
      vertex -1.080464 7.330533 36.829998
      vertex -1.080464 7.330533 38.099998
    endloop
  endfacet
  facet normal -0.967880 -0.251412 0.000000
    outer loop
      vertex -1.156156 7.549619 36.829998
      vertex -1.156156 7.549619 38.099998
      vertex -1.215629 7.778575 36.829998
    endloop
  endfacet
  facet normal -0.915542 -0.402222 0.000000
    outer loop
      vertex -0.988552 7.121322 38.099998
      vertex -1.080464 7.330533 38.099998
      vertex -0.988552 7.121322 36.829998
    endloop
  endfacet
  facet normal -0.945180 -0.326551 0.000000
    outer loop
      vertex -1.156156 7.549619 36.829998
      vertex -1.080464 7.330533 38.099998
      vertex -1.156156 7.549619 38.099998
    endloop
  endfacet
  facet normal -0.967224 0.253924 0.000000
    outer loop
      vertex -1.214450 9.360084 36.829998
      vertex -1.154116 9.589904 38.099998
      vertex -1.154116 9.589904 36.829998
    endloop
  endfacet
  facet normal 0.000000 0.000000 1.000000
    outer loop
      vertex -1.288843 8.308518 38.099998
      vertex 2.545571 10.209460 38.099998
      vertex -1.285755 8.871533 38.099998
    endloop
  endfacet
  facet normal 0.000000 0.000000 1.000000
    outer loop
      vertex -1.285755 8.871533 38.099998
      vertex 2.313294 10.532926 38.099998
      vertex -1.258330 9.120627 38.099998
    endloop
  endfacet
  facet normal -1.000000 0.000000 0.000000
    outer loop
      vertex -8.458098 9.065207 36.829998
      vertex -8.458098 9.065207 38.099998
      vertex -8.458098 11.066115 36.829998
    endloop
  endfacet
  facet normal -1.000000 0.000000 0.000000
    outer loop
      vertex -8.458098 9.065207 38.099998
      vertex -8.458098 11.066115 38.099998
      vertex -8.458098 11.066115 36.829998
    endloop
  endfacet
  facet normal 0.000000 0.000000 1.000000
    outer loop
      vertex -10.022718 12.382503 36.829998
      vertex -8.458098 9.065207 36.829998
      vertex -8.458098 11.066115 36.829998
    endloop
  endfacet
  facet normal 0.000000 0.000000 1.000000
    outer loop
      vertex -8.458098 9.065207 38.099998
      vertex -6.375033 11.056331 38.099998
      vertex -8.458098 11.066115 38.099998
    endloop
  endfacet
  facet normal 0.000000 0.000000 1.000000
    outer loop
      vertex -10.022718 12.382503 36.829998
      vertex -8.458098 11.066115 36.829998
      vertex -5.234883 12.205886 36.829998
    endloop
  endfacet
  facet normal 0.004697 0.999989 0.000000
    outer loop
      vertex -8.458098 11.066115 36.829998
      vertex -8.458098 11.066115 38.099998
      vertex -6.375033 11.056331 36.829998
    endloop
  endfacet
  facet normal 0.000000 -1.000000 0.000000
    outer loop
      vertex -10.022718 12.382503 36.829998
      vertex -6.329312 12.382503 38.099998
      vertex -10.022718 12.382503 38.099998
    endloop
  endfacet
  facet normal 0.000000 0.000000 1.000000
    outer loop
      vertex -10.022718 12.382503 36.829998
      vertex -5.234883 12.205886 36.829998
      vertex -6.329312 12.382503 36.829998
    endloop
  endfacet
  facet normal 0.000000 -1.000000 0.000000
    outer loop
      vertex -10.022718 12.382503 36.829998
      vertex -6.329312 12.382503 36.829998
      vertex -6.329312 12.382503 38.099998
    endloop
  endfacet
  facet normal 0.000000 0.000000 1.000000
    outer loop
      vertex -8.458098 9.065207 38.099998
      vertex -5.566226 10.586366 38.099998
      vertex -5.648970 10.692302 38.099998
    endloop
  endfacet
  facet normal 0.000000 0.000000 1.000000
    outer loop
      vertex -8.458098 9.065207 38.099998
      vertex -6.213188 11.026977 38.099998
      vertex -6.375033 11.056331 38.099998
    endloop
  endfacet
  facet normal 0.000000 0.000000 1.000000
    outer loop
      vertex -8.458098 9.065207 38.099998
      vertex -6.061921 10.978051 38.099998
      vertex -6.213188 11.026977 38.099998
    endloop
  endfacet
  facet normal 0.000000 0.000000 1.000000
    outer loop
      vertex -8.458098 9.065207 38.099998
      vertex -5.921232 10.909558 38.099998
      vertex -6.061921 10.978051 38.099998
    endloop
  endfacet
  facet normal 0.000000 0.000000 1.000000
    outer loop
      vertex -8.458098 9.065207 38.099998
      vertex -5.876687 10.882379 38.099998
      vertex -5.921232 10.909558 38.099998
    endloop
  endfacet
  facet normal 0.000000 0.000000 1.000000
    outer loop
      vertex -8.458098 9.065207 38.099998
      vertex -5.648970 10.692302 38.099998
      vertex -5.876687 10.882379 38.099998
    endloop
  endfacet
  facet normal 0.000000 0.000000 1.000000
    outer loop
      vertex -8.458098 9.065207 38.099998
      vertex -5.460915 9.760592 38.099998
      vertex -5.429573 9.903516 38.099998
    endloop
  endfacet
  facet normal 0.000000 0.000000 1.000000
    outer loop
      vertex -8.458098 9.065207 38.099998
      vertex -5.429573 9.903516 38.099998
      vertex -5.426164 10.187972 38.099998
    endloop
  endfacet
  facet normal 0.000000 0.000000 1.000000
    outer loop
      vertex -8.458098 9.065207 38.099998
      vertex -5.426164 10.187972 38.099998
      vertex -5.451447 10.326558 38.099998
    endloop
  endfacet
  facet normal 0.000000 0.000000 1.000000
    outer loop
      vertex -8.458098 9.065207 38.099998
      vertex -5.451447 10.326558 38.099998
      vertex -5.495118 10.454698 38.099998
    endloop
  endfacet
  facet normal 0.000000 0.000000 1.000000
    outer loop
      vertex -8.458098 9.065207 38.099998
      vertex -5.495118 10.454698 38.099998
      vertex -5.566226 10.586366 38.099998
    endloop
  endfacet
  facet normal 0.000000 0.000000 1.000000
    outer loop
      vertex -8.458098 11.066115 36.829998
      vertex -6.375033 11.056331 36.829998
      vertex -5.234883 12.205886 36.829998
    endloop
  endfacet
  facet normal 0.004697 0.999989 0.000000
    outer loop
      vertex -6.375033 11.056331 36.829998
      vertex -8.458098 11.066115 38.099998
      vertex -6.375033 11.056331 38.099998
    endloop
  endfacet
  facet normal 0.178460 0.983947 0.000000
    outer loop
      vertex -6.375033 11.056331 36.829998
      vertex -6.375033 11.056331 38.099998
      vertex -6.213188 11.026977 36.829998
    endloop
  endfacet
  facet normal 0.307741 0.951470 0.000000
    outer loop
      vertex -6.213188 11.026977 36.829998
      vertex -6.213188 11.026977 38.099998
      vertex -6.061921 10.978051 36.829998
    endloop
  endfacet
  facet normal 0.437722 0.899110 0.000000
    outer loop
      vertex -6.061921 10.978051 36.829998
      vertex -6.061921 10.978051 38.099998
      vertex -5.921232 10.909558 36.829998
    endloop
  endfacet
  facet normal 0.178460 0.983947 0.000000
    outer loop
      vertex -6.213188 11.026977 36.829998
      vertex -6.375033 11.056331 38.099998
      vertex -6.213188 11.026977 38.099998
    endloop
  endfacet
  facet normal 0.307741 0.951470 0.000000
    outer loop
      vertex -6.061921 10.978051 36.829998
      vertex -6.213188 11.026977 38.099998
      vertex -6.061921 10.978051 38.099998
    endloop
  endfacet
  facet normal 0.437722 0.899110 0.000000
    outer loop
      vertex -5.921232 10.909558 36.829998
      vertex -6.061921 10.978051 38.099998
      vertex -5.921232 10.909558 38.099998
    endloop
  endfacet
  facet normal 0.000000 0.000000 1.000000
    outer loop
      vertex -4.849526 8.489966 36.829998
      vertex -5.426164 10.187972 36.829998
      vertex -5.429573 9.903516 36.829998
    endloop
  endfacet
  facet normal 0.000000 0.000000 1.000000
    outer loop
      vertex -4.849526 8.489966 36.829998
      vertex -5.451447 10.326558 36.829998
      vertex -5.426164 10.187972 36.829998
    endloop
  endfacet
  facet normal 0.000000 0.000000 1.000000
    outer loop
      vertex -4.849526 8.489966 36.829998
      vertex -5.234883 12.205886 36.829998
      vertex -5.451447 10.326558 36.829998
    endloop
  endfacet
  facet normal 0.835865 -0.548935 0.000000
    outer loop
      vertex -5.596896 9.495736 36.829998
      vertex -5.529477 9.598395 36.829998
      vertex -5.529477 9.598395 38.099998
    endloop
  endfacet
  facet normal 0.889606 -0.456729 0.000000
    outer loop
      vertex -5.529477 9.598395 36.829998
      vertex -5.505480 9.645135 36.829998
      vertex -5.505480 9.645135 38.099998
    endloop
  endfacet
  facet normal 0.932916 -0.360094 0.000000
    outer loop
      vertex -5.505480 9.645135 36.829998
      vertex -5.460915 9.760592 36.829998
      vertex -5.460915 9.760592 38.099998
    endloop
  endfacet
  facet normal 0.976789 -0.214206 0.000000
    outer loop
      vertex -5.460915 9.760592 36.829998
      vertex -5.429573 9.903516 36.829998
      vertex -5.429573 9.903516 38.099998
    endloop
  endfacet
  facet normal 0.999928 -0.011983 0.000000
    outer loop
      vertex -5.426164 10.187972 36.829998
      vertex -5.426164 10.187972 38.099998
      vertex -5.429573 9.903516 36.829998
    endloop
  endfacet
  facet normal 0.835865 -0.548935 0.000000
    outer loop
      vertex -5.596896 9.495736 36.829998
      vertex -5.529477 9.598395 38.099998
      vertex -5.596896 9.495736 38.099998
    endloop
  endfacet
  facet normal 0.889606 -0.456729 0.000000
    outer loop
      vertex -5.529477 9.598395 36.829998
      vertex -5.505480 9.645135 38.099998
      vertex -5.529477 9.598395 38.099998
    endloop
  endfacet
  facet normal 0.932916 -0.360094 0.000000
    outer loop
      vertex -5.505480 9.645135 36.829998
      vertex -5.460915 9.760592 38.099998
      vertex -5.505480 9.645135 38.099998
    endloop
  endfacet
  facet normal 0.976789 -0.214206 0.000000
    outer loop
      vertex -5.460915 9.760592 36.829998
      vertex -5.429573 9.903516 38.099998
      vertex -5.460915 9.760592 38.099998
    endloop
  endfacet
  facet normal 0.000000 0.000000 1.000000
    outer loop
      vertex -5.680313 9.402034 38.099998
      vertex -5.529477 9.598395 38.099998
      vertex -5.505480 9.645135 38.099998
    endloop
  endfacet
  facet normal 0.999928 -0.011983 0.000000
    outer loop
      vertex -5.429573 9.903516 36.829998
      vertex -5.426164 10.187972 38.099998
      vertex -5.429573 9.903516 38.099998
    endloop
  endfacet
  facet normal 0.983762 0.179475 0.000000
    outer loop
      vertex -5.426164 10.187972 36.829998
      vertex -5.451447 10.326558 36.829998
      vertex -5.451447 10.326558 38.099998
    endloop
  endfacet
  facet normal 0.946540 0.322586 0.000000
    outer loop
      vertex -5.451447 10.326558 36.829998
      vertex -5.495118 10.454698 36.829998
      vertex -5.495118 10.454698 38.099998
    endloop
  endfacet
  facet normal 0.884560 0.466425 0.001170
    outer loop
      vertex -5.495118 10.454698 36.829998
      vertex -5.557176 10.572389 36.829998
      vertex -5.566226 10.586366 38.099998
    endloop
  endfacet
  facet normal 0.794050 0.607852 0.000000
    outer loop
      vertex -5.648970 10.692302 36.829998
      vertex -5.648970 10.692302 38.099998
      vertex -5.557176 10.572389 36.829998
    endloop
  endfacet
  facet normal 0.983762 0.179475 0.000000
    outer loop
      vertex -5.426164 10.187972 36.829998
      vertex -5.451447 10.326558 38.099998
      vertex -5.426164 10.187972 38.099998
    endloop
  endfacet
  facet normal 0.946540 0.322586 0.000000
    outer loop
      vertex -5.451447 10.326558 36.829998
      vertex -5.495118 10.454698 38.099998
      vertex -5.451447 10.326558 38.099998
    endloop
  endfacet
  facet normal 0.879884 0.475188 0.000000
    outer loop
      vertex -5.495118 10.454698 36.829998
      vertex -5.566226 10.586366 38.099998
      vertex -5.495118 10.454698 38.099998
    endloop
  endfacet
  facet normal 0.788090 0.615559 -0.001158
    outer loop
      vertex -5.557176 10.572389 36.829998
      vertex -5.648970 10.692302 38.099998
      vertex -5.566226 10.586366 38.099998
    endloop
  endfacet
  facet normal 0.000000 0.000000 1.000000
    outer loop
      vertex -5.451447 10.326558 36.829998
      vertex -5.234883 12.205886 36.829998
      vertex -5.495118 10.454698 36.829998
    endloop
  endfacet
  facet normal 0.000000 0.000000 1.000000
    outer loop
      vertex -5.876687 10.882379 36.829998
      vertex -5.648970 10.692302 36.829998
      vertex -5.234883 12.205886 36.829998
    endloop
  endfacet
  facet normal 0.000000 0.000000 1.000000
    outer loop
      vertex -5.648970 10.692302 36.829998
      vertex -5.557176 10.572389 36.829998
      vertex -5.234883 12.205886 36.829998
    endloop
  endfacet
  facet normal 0.000000 0.000000 1.000000
    outer loop
      vertex -5.495118 10.454698 36.829998
      vertex -5.234883 12.205886 36.829998
      vertex -5.557176 10.572389 36.829998
    endloop
  endfacet
  facet normal 0.000000 0.000000 1.000000
    outer loop
      vertex -6.375033 11.056331 36.829998
      vertex -6.213188 11.026977 36.829998
      vertex -5.234883 12.205886 36.829998
    endloop
  endfacet
  facet normal 0.000000 0.000000 1.000000
    outer loop
      vertex -6.213188 11.026977 36.829998
      vertex -6.061921 10.978051 36.829998
      vertex -5.234883 12.205886 36.829998
    endloop
  endfacet
  facet normal 0.000000 0.000000 1.000000
    outer loop
      vertex -6.061921 10.978051 36.829998
      vertex -5.921232 10.909558 36.829998
      vertex -5.234883 12.205886 36.829998
    endloop
  endfacet
  facet normal 0.000000 0.000000 1.000000
    outer loop
      vertex -5.921232 10.909558 36.829998
      vertex -5.876687 10.882379 36.829998
      vertex -5.234883 12.205886 36.829998
    endloop
  endfacet
  facet normal 0.520859 0.853643 0.000000
    outer loop
      vertex -5.921232 10.909558 36.829998
      vertex -5.921232 10.909558 38.099998
      vertex -5.876687 10.882379 36.829998
    endloop
  endfacet
  facet normal 0.640806 0.767703 0.000000
    outer loop
      vertex -5.876687 10.882379 36.829998
      vertex -5.876687 10.882379 38.099998
      vertex -5.648970 10.692302 36.829998
    endloop
  endfacet
  facet normal 0.520859 0.853643 0.000000
    outer loop
      vertex -5.876687 10.882379 36.829998
      vertex -5.921232 10.909558 38.099998
      vertex -5.876687 10.882379 38.099998
    endloop
  endfacet
  facet normal 0.640806 0.767703 0.000000
    outer loop
      vertex -5.648970 10.692302 36.829998
      vertex -5.876687 10.882379 38.099998
      vertex -5.648970 10.692302 38.099998
    endloop
  endfacet
  facet normal -0.064776 -0.997900 0.000000
    outer loop
      vertex -6.329312 12.382503 36.829998
      vertex -5.829556 12.350062 36.829998
      vertex -5.829556 12.350062 38.099998
    endloop
  endfacet
  facet normal -0.064776 -0.997900 0.000000
    outer loop
      vertex -6.329312 12.382503 36.829998
      vertex -5.829556 12.350062 38.099998
      vertex -6.329312 12.382503 38.099998
    endloop
  endfacet
  facet normal 0.000000 0.000000 1.000000
    outer loop
      vertex -6.329312 12.382503 36.829998
      vertex -5.234883 12.205886 36.829998
      vertex -5.829556 12.350062 36.829998
    endloop
  endfacet
  facet normal -0.235621 -0.971845 0.000000
    outer loop
      vertex -5.829556 12.350062 36.829998
      vertex -5.234883 12.205886 36.829998
      vertex -5.234883 12.205886 38.099998
    endloop
  endfacet
  facet normal -0.235621 -0.971845 0.000000
    outer loop
      vertex -5.829556 12.350062 36.829998
      vertex -5.234883 12.205886 38.099998
      vertex -5.829556 12.350062 38.099998
    endloop
  endfacet
  facet normal -0.451571 -0.892235 0.000000
    outer loop
      vertex -5.234883 12.205886 36.829998
      vertex -4.722119 11.946370 36.829998
      vertex -4.722119 11.946370 38.099998
    endloop
  endfacet
  facet normal -0.451571 -0.892235 0.000000
    outer loop
      vertex -5.234883 12.205886 36.829998
      vertex -4.722119 11.946370 38.099998
      vertex -5.234883 12.205886 38.099998
    endloop
  endfacet
  facet normal 0.000000 1.000000 0.000000
    outer loop
      vertex -22.224998 15.875002 22.224998
      vertex -22.224998 15.875002 38.099998
      vertex 15.875002 15.875002 38.099998
    endloop
  endfacet
  facet normal 0.000000 0.000000 1.000000
    outer loop
      vertex -22.224998 15.875002 38.099998
      vertex -15.874998 12.382503 38.099998
      vertex 15.875002 15.875002 38.099998
    endloop
  endfacet
  facet normal 0.000000 0.000000 1.000000
    outer loop
      vertex -4.849526 8.489966 36.829998
      vertex -3.867199 10.449920 36.829998
      vertex -5.234883 12.205886 36.829998
    endloop
  endfacet
  facet normal 0.000000 0.000000 1.000000
    outer loop
      vertex -4.076201 9.333081 36.829998
      vertex -3.896295 9.890979 36.829998
      vertex -3.867199 10.449920 36.829998
    endloop
  endfacet
  facet normal -0.998648 0.051986 0.000000
    outer loop
      vertex -3.896295 9.890979 36.829998
      vertex -3.896295 9.890979 38.099998
      vertex -3.867199 10.449920 36.829998
    endloop
  endfacet
  facet normal -0.951739 0.306908 0.000000
    outer loop
      vertex -4.076201 9.333081 38.099998
      vertex -3.896295 9.890979 38.099998
      vertex -3.896295 9.890979 36.829998
    endloop
  endfacet
  facet normal -0.979386 -0.201998 0.000000
    outer loop
      vertex -3.867199 10.449920 36.829998
      vertex -3.867199 10.449920 38.099998
      vertex -3.991315 11.051698 36.829998
    endloop
  endfacet
  facet normal -0.998648 0.051986 0.000000
    outer loop
      vertex -3.867199 10.449920 36.829998
      vertex -3.896295 9.890979 38.099998
      vertex -3.867199 10.449920 38.099998
    endloop
  endfacet
  facet normal 0.000000 0.000000 1.000000
    outer loop
      vertex -5.234883 12.205886 36.829998
      vertex -4.280920 11.553178 36.829998
      vertex -4.722119 11.946370 36.829998
    endloop
  endfacet
  facet normal 0.000000 0.000000 1.000000
    outer loop
      vertex -5.234883 12.205886 36.829998
      vertex -3.867199 10.449920 36.829998
      vertex -4.280920 11.553178 36.829998
    endloop
  endfacet
  facet normal 0.000000 0.000000 1.000000
    outer loop
      vertex -3.867199 10.449920 36.829998
      vertex -3.991315 11.051698 36.829998
      vertex -4.280920 11.553178 36.829998
    endloop
  endfacet
  facet normal -0.665323 -0.746555 0.000000
    outer loop
      vertex -4.280920 11.553178 36.829998
      vertex -4.280920 11.553178 38.099998
      vertex -4.722119 11.946370 36.829998
    endloop
  endfacet
  facet normal -0.665323 -0.746555 0.000000
    outer loop
      vertex -4.280920 11.553178 38.099998
      vertex -4.722119 11.946370 38.099998
      vertex -4.722119 11.946370 36.829998
    endloop
  endfacet
  facet normal -0.865969 -0.500097 0.000000
    outer loop
      vertex -4.280920 11.553178 36.829998
      vertex -3.991315 11.051698 38.099998
      vertex -4.280920 11.553178 38.099998
    endloop
  endfacet
  facet normal -0.865969 -0.500097 0.000000
    outer loop
      vertex -4.280920 11.553178 36.829998
      vertex -3.991315 11.051698 36.829998
      vertex -3.991315 11.051698 38.099998
    endloop
  endfacet
  facet normal -0.979386 -0.201998 0.000000
    outer loop
      vertex -3.867199 10.449920 38.099998
      vertex -3.991315 11.051698 38.099998
      vertex -3.991315 11.051698 36.829998
    endloop
  endfacet
  facet normal 0.000000 0.000000 1.000000
    outer loop
      vertex -2.892341 8.842988 36.829998
      vertex -2.214872 11.012206 36.829998
      vertex -2.728106 9.888576 36.829998
    endloop
  endfacet
  facet normal 0.000000 0.000000 1.000000
    outer loop
      vertex -2.728106 9.888576 36.829998
      vertex -2.214872 11.012206 36.829998
      vertex -2.563871 10.362475 36.829998
    endloop
  endfacet
  facet normal 0.000000 0.000000 1.000000
    outer loop
      vertex -4.076201 9.333081 38.099998
      vertex -2.728106 9.888576 38.099998
      vertex -3.896295 9.890979 38.099998
    endloop
  endfacet
  facet normal 0.000000 0.000000 1.000000
    outer loop
      vertex -4.076201 9.333081 38.099998
      vertex -2.837596 9.382079 38.099998
      vertex -2.728106 9.888576 38.099998
    endloop
  endfacet
  facet normal 0.000000 0.000000 1.000000
    outer loop
      vertex -3.896295 9.890979 38.099998
      vertex -2.728106 9.888576 38.099998
      vertex -2.563871 10.362475 38.099998
    endloop
  endfacet
  facet normal 0.000000 0.000000 1.000000
    outer loop
      vertex -3.896295 9.890979 38.099998
      vertex -2.563871 10.362475 38.099998
      vertex -3.867199 10.449920 38.099998
    endloop
  endfacet
  facet normal 0.977423 -0.211291 0.000000
    outer loop
      vertex -2.837596 9.382079 36.829998
      vertex -2.728106 9.888576 36.829998
      vertex -2.728106 9.888576 38.099998
    endloop
  endfacet
  facet normal 0.977423 -0.211291 0.000000
    outer loop
      vertex -2.837596 9.382079 36.829998
      vertex -2.728106 9.888576 38.099998
      vertex -2.837596 9.382079 38.099998
    endloop
  endfacet
  facet normal 0.944867 -0.327454 0.000000
    outer loop
      vertex -2.728106 9.888576 36.829998
      vertex -2.563871 10.362475 38.099998
      vertex -2.728106 9.888576 38.099998
    endloop
  endfacet
  facet normal 0.944867 -0.327454 0.000000
    outer loop
      vertex -2.728106 9.888576 36.829998
      vertex -2.563871 10.362475 36.829998
      vertex -2.563871 10.362475 38.099998
    endloop
  endfacet
  facet normal 0.000000 0.000000 1.000000
    outer loop
      vertex -3.867199 10.449920 38.099998
      vertex -2.563871 10.362475 38.099998
      vertex -2.214872 11.012206 38.099998
    endloop
  endfacet
  facet normal 0.880955 -0.473200 0.000000
    outer loop
      vertex -2.563871 10.362475 36.829998
      vertex -2.214872 11.012206 38.099998
      vertex -2.563871 10.362475 38.099998
    endloop
  endfacet
  facet normal 0.000000 0.000000 1.000000
    outer loop
      vertex -3.867199 10.449920 38.099998
      vertex -2.214872 11.012206 38.099998
      vertex -3.991315 11.051698 38.099998
    endloop
  endfacet
  facet normal 0.000000 0.000000 1.000000
    outer loop
      vertex -4.280920 11.553178 38.099998
      vertex -3.991315 11.051698 38.099998
      vertex -1.349609 11.921296 38.099998
    endloop
  endfacet
  facet normal 0.000000 0.000000 1.000000
    outer loop
      vertex -3.991315 11.051698 38.099998
      vertex -2.214872 11.012206 38.099998
      vertex -1.734913 11.593244 38.099998
    endloop
  endfacet
  facet normal 0.000000 0.000000 1.000000
    outer loop
      vertex -4.280920 11.553178 38.099998
      vertex -0.225456 12.454381 38.099998
      vertex -4.722119 11.946370 38.099998
    endloop
  endfacet
  facet normal 0.000000 0.000000 1.000000
    outer loop
      vertex -15.874998 12.382503 38.099998
      vertex -10.564318 12.382503 38.099998
      vertex 15.875002 15.875002 38.099998
    endloop
  endfacet
  facet normal 0.000000 0.000000 1.000000
    outer loop
      vertex -1.285755 8.871533 36.829998
      vertex -1.258330 9.120627 36.829998
      vertex -2.214872 11.012206 36.829998
    endloop
  endfacet
  facet normal 0.000000 0.000000 1.000000
    outer loop
      vertex -1.258330 9.120627 36.829998
      vertex -1.214450 9.360084 36.829998
      vertex -2.214872 11.012206 36.829998
    endloop
  endfacet
  facet normal 0.000000 0.000000 1.000000
    outer loop
      vertex -1.214450 9.360084 36.829998
      vertex -1.154116 9.589904 36.829998
      vertex -2.214872 11.012206 36.829998
    endloop
  endfacet
  facet normal 0.000000 0.000000 1.000000
    outer loop
      vertex -2.214872 11.012206 36.829998
      vertex -1.154116 9.589904 36.829998
      vertex -1.077327 9.810084 36.829998
    endloop
  endfacet
  facet normal 0.000000 0.000000 1.000000
    outer loop
      vertex -2.214872 11.012206 36.829998
      vertex -1.077327 9.810084 36.829998
      vertex -0.984083 10.020629 36.829998
    endloop
  endfacet
  facet normal 0.000000 0.000000 1.000000
    outer loop
      vertex -2.214872 11.012206 36.829998
      vertex -0.984083 10.020629 36.829998
      vertex -0.874384 10.221534 36.829998
    endloop
  endfacet
  facet normal 0.000000 0.000000 1.000000
    outer loop
      vertex -2.214872 11.012206 36.829998
      vertex -0.874384 10.221534 36.829998
      vertex -0.643428 10.544999 36.829998
    endloop
  endfacet
  facet normal 0.000000 0.000000 1.000000
    outer loop
      vertex -2.214872 11.012206 36.829998
      vertex -1.349609 11.921296 36.829998
      vertex -1.734913 11.593244 36.829998
    endloop
  endfacet
  facet normal 0.000000 0.000000 1.000000
    outer loop
      vertex -2.214872 11.012206 36.829998
      vertex -0.225456 12.454381 36.829998
      vertex -1.349609 11.921296 36.829998
    endloop
  endfacet
  facet normal 0.880955 -0.473200 0.000000
    outer loop
      vertex -2.563871 10.362475 36.829998
      vertex -2.214872 11.012206 36.829998
      vertex -2.214872 11.012206 38.099998
    endloop
  endfacet
  facet normal 0.770980 -0.636859 0.000000
    outer loop
      vertex -2.214872 11.012206 36.829998
      vertex -1.734913 11.593244 38.099998
      vertex -2.214872 11.012206 38.099998
    endloop
  endfacet
  facet normal 0.770980 -0.636859 0.000000
    outer loop
      vertex -2.214872 11.012206 36.829998
      vertex -1.734913 11.593244 36.829998
      vertex -1.734913 11.593244 38.099998
    endloop
  endfacet
  facet normal 0.000000 0.000000 1.000000
    outer loop
      vertex -3.991315 11.051698 38.099998
      vertex -1.734913 11.593244 38.099998
      vertex -1.349609 11.921296 38.099998
    endloop
  endfacet
  facet normal 0.648272 -0.761409 0.000000
    outer loop
      vertex -1.734913 11.593244 36.829998
      vertex -1.349609 11.921296 36.829998
      vertex -1.349609 11.921296 38.099998
    endloop
  endfacet
  facet normal 0.648272 -0.761409 0.000000
    outer loop
      vertex -1.734913 11.593244 36.829998
      vertex -1.349609 11.921296 38.099998
      vertex -1.734913 11.593244 38.099998
    endloop
  endfacet
  facet normal -0.944224 0.329304 0.000000
    outer loop
      vertex -1.154116 9.589904 36.829998
      vertex -1.154116 9.589904 38.099998
      vertex -1.077327 9.810084 36.829998
    endloop
  endfacet
  facet normal -0.914345 0.404936 0.000000
    outer loop
      vertex -1.077327 9.810084 36.829998
      vertex -1.077327 9.810084 38.099998
      vertex -0.984083 10.020629 36.829998
    endloop
  endfacet
  facet normal -0.877685 0.479238 0.000000
    outer loop
      vertex -0.984083 10.020629 36.829998
      vertex -0.984083 10.020629 38.099998
      vertex -0.874384 10.221534 36.829998
    endloop
  endfacet
  facet normal -0.944224 0.329304 0.000000
    outer loop
      vertex -1.077327 9.810084 36.829998
      vertex -1.154116 9.589904 38.099998
      vertex -1.077327 9.810084 38.099998
    endloop
  endfacet
  facet normal -0.914345 0.404936 0.000000
    outer loop
      vertex -0.984083 10.020629 36.829998
      vertex -1.077327 9.810084 38.099998
      vertex -0.984083 10.020629 38.099998
    endloop
  endfacet
  facet normal -0.813842 0.581086 0.000000
    outer loop
      vertex -0.874384 10.221534 36.829998
      vertex -0.874384 10.221534 38.099998
      vertex -0.643428 10.544999 36.829998
    endloop
  endfacet
  facet normal -0.877685 0.479238 0.000000
    outer loop
      vertex -0.874384 10.221534 36.829998
      vertex -0.984083 10.020629 38.099998
      vertex -0.874384 10.221534 38.099998
    endloop
  endfacet
  facet normal -0.813842 0.581086 0.000000
    outer loop
      vertex -0.643428 10.544999 36.829998
      vertex -0.874384 10.221534 38.099998
      vertex -0.643428 10.544999 38.099998
    endloop
  endfacet
  facet normal -0.729337 0.684154 0.000000
    outer loop
      vertex -0.643428 10.544999 36.829998
      vertex -0.643428 10.544999 38.099998
      vertex -0.506990 10.690448 38.099998
    endloop
  endfacet
  facet normal 0.000000 0.000000 1.000000
    outer loop
      vertex -1.258330 9.120627 38.099998
      vertex 2.313294 10.532926 38.099998
      vertex -1.214450 9.360084 38.099998
    endloop
  endfacet
  facet normal 0.000000 0.000000 1.000000
    outer loop
      vertex -1.214450 9.360084 38.099998
      vertex 2.176023 10.681020 38.099998
      vertex -1.154116 9.589904 38.099998
    endloop
  endfacet
  facet normal 0.000000 0.000000 1.000000
    outer loop
      vertex -1.154116 9.589904 38.099998
      vertex 2.176023 10.681020 38.099998
      vertex -1.077327 9.810084 38.099998
    endloop
  endfacet
  facet normal -0.729337 0.684154 0.000000
    outer loop
      vertex -0.643428 10.544999 36.829998
      vertex -0.506990 10.690448 38.099998
      vertex -0.506990 10.690448 36.829998
    endloop
  endfacet
  facet normal 0.000000 0.000000 1.000000
    outer loop
      vertex -1.077327 9.810084 38.099998
      vertex 1.874547 10.922357 38.099998
      vertex -0.984083 10.020629 38.099998
    endloop
  endfacet
  facet normal 0.000000 0.000000 1.000000
    outer loop
      vertex -0.984083 10.020629 38.099998
      vertex 1.710341 11.015601 38.099998
      vertex -0.874384 10.221534 38.099998
    endloop
  endfacet
  facet normal 0.000000 0.000000 1.000000
    outer loop
      vertex -2.214872 11.012206 36.829998
      vertex -0.643428 10.544999 36.829998
      vertex -0.506990 10.690448 36.829998
    endloop
  endfacet
  facet normal 0.000000 0.000000 1.000000
    outer loop
      vertex -2.214872 11.012206 36.829998
      vertex -0.506990 10.690448 36.829998
      vertex -0.361084 10.817941 36.829998
    endloop
  endfacet
  facet normal 0.000000 0.000000 1.000000
    outer loop
      vertex -2.214872 11.012206 36.829998
      vertex -0.361084 10.817941 36.829998
      vertex -0.205710 10.927476 36.829998
    endloop
  endfacet
  facet normal 0.000000 0.000000 1.000000
    outer loop
      vertex -2.214872 11.012206 36.829998
      vertex -0.205710 10.927476 36.829998
      vertex 1.891629 12.454381 36.829998
    endloop
  endfacet
  facet normal -0.657993 0.753024 0.000000
    outer loop
      vertex -0.506990 10.690448 36.829998
      vertex -0.361084 10.817941 38.099998
      vertex -0.361084 10.817941 36.829998
    endloop
  endfacet
  facet normal -0.576189 0.817316 0.000000
    outer loop
      vertex -0.361084 10.817941 36.829998
      vertex -0.361084 10.817941 38.099998
      vertex -0.205710 10.927476 36.829998
    endloop
  endfacet
  facet normal -0.504334 0.863509 0.000000
    outer loop
      vertex -0.205710 10.927476 36.829998
      vertex -0.107941 10.984578 38.099998
      vertex -0.107941 10.984578 36.829998
    endloop
  endfacet
  facet normal -0.657993 0.753024 0.000000
    outer loop
      vertex -0.506990 10.690448 38.099998
      vertex -0.361084 10.817941 38.099998
      vertex -0.506990 10.690448 36.829998
    endloop
  endfacet
  facet normal -0.576189 0.817316 0.000000
    outer loop
      vertex -0.205710 10.927476 36.829998
      vertex -0.361084 10.817941 38.099998
      vertex -0.205710 10.927476 38.099998
    endloop
  endfacet
  facet normal -0.504334 0.863509 0.000000
    outer loop
      vertex -0.205710 10.927476 36.829998
      vertex -0.205710 10.927476 38.099998
      vertex -0.107941 10.984578 38.099998
    endloop
  endfacet
  facet normal -0.428219 0.903675 0.000000
    outer loop
      vertex -0.107941 10.984578 36.829998
      vertex -0.107941 10.984578 38.099998
      vertex 0.062582 11.065383 38.099998
    endloop
  endfacet
  facet normal 0.000000 0.000000 1.000000
    outer loop
      vertex -0.643428 10.544999 38.099998
      vertex 0.432032 11.173123 38.099998
      vertex -0.506990 10.690448 38.099998
    endloop
  endfacet
  facet normal 0.000000 0.000000 1.000000
    outer loop
      vertex -0.506990 10.690448 38.099998
      vertex 0.242573 11.128232 38.099998
      vertex -0.361084 10.817941 38.099998
    endloop
  endfacet
  facet normal 0.000000 0.000000 1.000000
    outer loop
      vertex -0.361084 10.817941 38.099998
      vertex 0.242573 11.128232 38.099998
      vertex -0.205710 10.927476 38.099998
    endloop
  endfacet
  facet normal 0.000000 0.000000 1.000000
    outer loop
      vertex -0.205710 10.927476 38.099998
      vertex 0.062582 11.065383 38.099998
      vertex -0.107941 10.984578 38.099998
    endloop
  endfacet
  facet normal 0.000000 0.000000 1.000000
    outer loop
      vertex -4.280920 11.553178 38.099998
      vertex -1.349609 11.921296 38.099998
      vertex -0.702698 12.290355 38.099998
    endloop
  endfacet
  facet normal 0.000000 0.000000 1.000000
    outer loop
      vertex -4.280920 11.553178 38.099998
      vertex -0.702698 12.290355 38.099998
      vertex -0.225456 12.454381 38.099998
    endloop
  endfacet
  facet normal 0.000000 0.000000 1.000000
    outer loop
      vertex -10.564318 12.382503 38.099998
      vertex -10.022718 12.382503 38.099998
      vertex 15.875002 15.875002 38.099998
    endloop
  endfacet
  facet normal 0.000000 0.000000 1.000000
    outer loop
      vertex -1.349609 11.921296 36.829998
      vertex -0.225456 12.454381 36.829998
      vertex -0.702698 12.290355 36.829998
    endloop
  endfacet
  facet normal 0.000000 0.000000 1.000000
    outer loop
      vertex -2.214872 11.012206 36.829998
      vertex 1.891629 12.454381 36.829998
      vertex -0.225456 12.454381 36.829998
    endloop
  endfacet
  facet normal 0.495527 -0.868592 0.000000
    outer loop
      vertex -1.349609 11.921296 36.829998
      vertex -0.702698 12.290355 36.829998
      vertex -0.702698 12.290355 38.099998
    endloop
  endfacet
  facet normal 0.495527 -0.868592 0.000000
    outer loop
      vertex -1.349609 11.921296 36.829998
      vertex -0.702698 12.290355 38.099998
      vertex -1.349609 11.921296 38.099998
    endloop
  endfacet
  facet normal 0.325034 -0.945702 0.000000
    outer loop
      vertex -0.702698 12.290355 36.829998
      vertex -0.225456 12.454381 36.829998
      vertex -0.225456 12.454381 38.099998
    endloop
  endfacet
  facet normal 0.325034 -0.945702 0.000000
    outer loop
      vertex -0.702698 12.290355 36.829998
      vertex -0.225456 12.454381 38.099998
      vertex -0.702698 12.290355 38.099998
    endloop
  endfacet
  facet normal 0.188047 -0.982160 0.000000
    outer loop
      vertex -0.225456 12.454381 36.829998
      vertex 0.288562 12.552796 38.099998
      vertex -0.225456 12.454381 38.099998
    endloop
  endfacet
  facet normal 0.000000 0.000000 1.000000
    outer loop
      vertex -10.022718 12.382503 38.099998
      vertex -6.329312 12.382503 38.099998
      vertex 15.875002 15.875002 38.099998
    endloop
  endfacet
  facet normal -1.000000 0.000000 0.000000
    outer loop
      vertex -38.099998 0.000002 -38.099998
      vertex -38.099998 76.199997 -19.050001
      vertex -38.099998 76.199997 -38.099998
    endloop
  endfacet
  facet normal 0.000000 0.000000 -1.000000
    outer loop
      vertex -22.224998 15.875002 -38.099998
      vertex -38.099998 76.199997 -38.099998
      vertex -22.224998 76.199997 -38.099998
    endloop
  endfacet
  facet normal 0.000000 0.000000 1.000000
    outer loop
      vertex -22.224998 15.875002 -19.050001
      vertex -22.224998 76.199997 -19.050001
      vertex -38.099998 76.199997 -19.050001
    endloop
  endfacet
  facet normal 1.000000 0.000000 0.000000
    outer loop
      vertex -22.224998 15.875002 -19.050001
      vertex -22.224998 76.199997 -38.099998
      vertex -22.224998 76.199997 -19.050001
    endloop
  endfacet
  facet normal 0.000000 1.000000 0.000000
    outer loop
      vertex -38.099998 76.199997 -38.099998
      vertex -38.099998 76.199997 -19.050001
      vertex -22.224998 76.199997 -19.050001
    endloop
  endfacet
  facet normal 0.000000 1.000000 0.000000
    outer loop
      vertex -38.099998 76.199997 -38.099998
      vertex -22.224998 76.199997 -19.050001
      vertex -22.224998 76.199997 -38.099998
    endloop
  endfacet
  facet normal -1.000000 0.000000 0.000000
    outer loop
      vertex -38.099998 15.875002 22.224998
      vertex -38.099998 57.150002 38.099998
      vertex -38.099998 57.150002 22.224998
    endloop
  endfacet
  facet normal 0.000000 0.000000 -1.000000
    outer loop
      vertex -38.099998 15.875002 22.224998
      vertex -38.099998 57.150002 22.224998
      vertex -22.224998 57.150002 22.224998
    endloop
  endfacet
  facet normal 0.000000 0.000000 1.000000
    outer loop
      vertex -22.224998 15.875002 38.099998
      vertex -22.224998 57.150002 38.099998
      vertex -38.099998 57.150002 38.099998
    endloop
  endfacet
  facet normal 1.000000 0.000000 0.000000
    outer loop
      vertex -22.224998 15.875002 38.099998
      vertex -22.224998 57.150002 22.224998
      vertex -22.224998 57.150002 38.099998
    endloop
  endfacet
  facet normal 0.000000 1.000000 0.000000
    outer loop
      vertex -38.099998 57.150002 22.224998
      vertex -38.099998 57.150002 38.099998
      vertex -22.224998 57.150002 38.099998
    endloop
  endfacet
  facet normal 0.000000 1.000000 0.000000
    outer loop
      vertex -38.099998 57.150002 22.224998
      vertex -22.224998 57.150002 38.099998
      vertex -22.224998 57.150002 22.224998
    endloop
  endfacet
  facet normal 0.000000 0.000000 -1.000000
    outer loop
      vertex -38.099998 0.000002 -38.099998
      vertex 15.875002 15.875002 -38.099998
      vertex 38.099998 0.000002 -38.099998
    endloop
  endfacet
  facet normal 0.000000 1.000000 0.000000
    outer loop
      vertex -22.224998 15.875002 -38.099998
      vertex 15.875002 15.875002 -19.050001
      vertex 15.875002 15.875002 -38.099998
    endloop
  endfacet
  facet normal 0.000000 -1.000000 0.000000
    outer loop
      vertex -38.099998 0.000002 -38.099998
      vertex 38.099998 0.000002 -38.099998
      vertex 38.099998 0.000002 38.099998
    endloop
  endfacet
  facet normal 0.000000 1.000000 0.000000
    outer loop
      vertex -22.224998 15.875002 -19.050001
      vertex 38.099998 15.875002 22.224998
      vertex 15.875002 15.875002 -19.050001
    endloop
  endfacet
  facet normal -1.000000 0.000000 0.000000
    outer loop
      vertex 15.875002 15.875002 -38.099998
      vertex 15.875002 15.875002 -19.050001
      vertex 15.875002 57.150002 -19.050001
    endloop
  endfacet
  facet normal 1.000000 0.000000 0.000000
    outer loop
      vertex 38.099998 0.000002 -38.099998
      vertex 38.099998 15.875002 -19.050001
      vertex 38.099998 15.875002 22.224998
    endloop
  endfacet
  facet normal 0.000000 1.000000 0.000000
    outer loop
      vertex 15.875002 15.875002 -19.050001
      vertex 38.099998 15.875002 22.224998
      vertex 38.099998 15.875002 -19.050001
    endloop
  endfacet
  facet normal 0.000000 0.000000 -1.000000
    outer loop
      vertex 15.875002 15.875002 -38.099998
      vertex 15.875002 57.150002 -38.099998
      vertex 38.099998 0.000002 -38.099998
    endloop
  endfacet
  facet normal 0.000000 0.000000 1.000000
    outer loop
      vertex 15.875002 15.875002 -19.050001
      vertex 38.099998 15.875002 -19.050001
      vertex 15.875002 57.150002 -19.050001
    endloop
  endfacet
  facet normal 1.000000 0.000000 0.000000
    outer loop
      vertex 38.099998 0.000002 -38.099998
      vertex 38.099998 57.150002 -38.099998
      vertex 38.099998 15.875002 -19.050001
    endloop
  endfacet
  facet normal 0.000000 1.000000 0.000000
    outer loop
      vertex -38.099998 15.875002 -19.050001
      vertex 15.875002 15.875002 22.224998
      vertex 38.099998 15.875002 22.224998
    endloop
  endfacet
  facet normal 0.000000 0.000000 1.000000
    outer loop
      vertex -0.691415 4.837724 36.829998
      vertex 0.293159 4.576955 36.829998
      vertex 2.375767 4.837724 36.829998
    endloop
  endfacet
  facet normal 0.000000 0.000000 1.000000
    outer loop
      vertex 0.293159 4.576955 36.829998
      vertex 0.839355 4.544358 36.829998
      vertex 1.387849 4.576955 36.829998
    endloop
  endfacet
  facet normal 0.059573 0.998224 0.000000
    outer loop
      vertex 0.293159 4.576955 36.829998
      vertex 0.293159 4.576955 38.099998
      vertex 0.839355 4.544358 36.829998
    endloop
  endfacet
  facet normal 0.188216 0.982128 0.000000
    outer loop
      vertex -0.217098 4.674741 38.099998
      vertex 0.293159 4.576955 38.099998
      vertex 0.293159 4.576955 36.829998
    endloop
  endfacet
  facet normal -0.059325 0.998239 0.000000
    outer loop
      vertex 0.839355 4.544358 36.829998
      vertex 0.839355 4.544358 38.099998
      vertex 1.387849 4.576955 36.829998
    endloop
  endfacet
  facet normal 0.059573 0.998224 0.000000
    outer loop
      vertex 0.839355 4.544358 36.829998
      vertex 0.293159 4.576955 38.099998
      vertex 0.839355 4.544358 38.099998
    endloop
  endfacet
  facet normal 0.000000 0.000000 1.000000
    outer loop
      vertex 0.293159 4.576955 36.829998
      vertex 1.387849 4.576955 36.829998
      vertex 2.375767 4.837724 36.829998
    endloop
  endfacet
  facet normal 0.000000 0.000000 1.000000
    outer loop
      vertex 1.387849 4.576955 36.829998
      vertex 1.899987 4.674741 36.829998
      vertex 2.375767 4.837724 36.829998
    endloop
  endfacet
  facet normal -0.187549 0.982255 0.000000
    outer loop
      vertex 1.387849 4.576955 36.829998
      vertex 1.387849 4.576955 38.099998
      vertex 1.899987 4.674741 36.829998
    endloop
  endfacet
  facet normal -0.059325 0.998239 0.000000
    outer loop
      vertex 0.839355 4.544358 38.099998
      vertex 1.387849 4.576955 38.099998
      vertex 1.387849 4.576955 36.829998
    endloop
  endfacet
  facet normal -0.187549 0.982255 0.000000
    outer loop
      vertex 1.899987 4.674741 36.829998
      vertex 1.387849 4.576955 38.099998
      vertex 1.899987 4.674741 38.099998
    endloop
  endfacet
  facet normal -0.324072 0.946032 0.000000
    outer loop
      vertex 1.899987 4.674741 36.829998
      vertex 1.899987 4.674741 38.099998
      vertex 2.375767 4.837724 36.829998
    endloop
  endfacet
  facet normal 0.000000 0.000000 1.000000
    outer loop
      vertex -14.325423 4.762502 38.099998
      vertex 38.099998 0.000002 38.099998
      vertex -10.022718 4.762502 38.099998
    endloop
  endfacet
  facet normal 0.000000 0.000000 1.000000
    outer loop
      vertex -0.691415 4.837724 36.829998
      vertex 0.630878 5.930062 36.829998
      vertex 0.431706 5.957490 36.829998
    endloop
  endfacet
  facet normal 0.000000 0.000000 1.000000
    outer loop
      vertex -0.691415 4.837724 36.829998
      vertex 1.004478 5.926774 36.829998
      vertex 0.630878 5.930062 36.829998
    endloop
  endfacet
  facet normal 0.000000 0.000000 1.000000
    outer loop
      vertex -0.691415 4.837724 36.829998
      vertex 1.202801 5.950540 36.829998
      vertex 1.004478 5.926774 36.829998
    endloop
  endfacet
  facet normal 0.000000 0.000000 1.000000
    outer loop
      vertex -0.691415 4.837724 36.829998
      vertex 2.375767 4.837724 36.829998
      vertex 1.710341 6.114358 36.829998
    endloop
  endfacet
  facet normal 0.000000 0.000000 1.000000
    outer loop
      vertex -0.691415 4.837724 36.829998
      vertex 1.392146 5.992593 36.829998
      vertex 1.202801 5.950540 36.829998
    endloop
  endfacet
  facet normal 0.000000 0.000000 1.000000
    outer loop
      vertex -0.691415 4.837724 36.829998
      vertex 1.572513 6.052926 36.829998
      vertex 1.392146 5.992593 36.829998
    endloop
  endfacet
  facet normal 0.000000 0.000000 1.000000
    outer loop
      vertex -0.691415 4.837724 36.829998
      vertex 1.710341 6.114358 36.829998
      vertex 1.572513 6.052926 36.829998
    endloop
  endfacet
  facet normal -0.136421 -0.990651 0.000000
    outer loop
      vertex 0.431706 5.957490 36.829998
      vertex 0.630878 5.930062 36.829998
      vertex 0.630878 5.930062 38.099998
    endloop
  endfacet
  facet normal -0.136421 -0.990651 0.000000
    outer loop
      vertex 0.431706 5.957490 36.829998
      vertex 0.630878 5.930062 38.099998
      vertex 0.431706 5.957490 38.099998
    endloop
  endfacet
  facet normal -0.008801 -0.999961 0.000000
    outer loop
      vertex 0.630878 5.930062 36.829998
      vertex 1.004478 5.926774 36.829998
      vertex 1.004478 5.926774 38.099998
    endloop
  endfacet
  facet normal 0.118981 -0.992897 0.000000
    outer loop
      vertex 1.004478 5.926774 36.829998
      vertex 1.202801 5.950540 36.829998
      vertex 1.202801 5.950540 38.099998
    endloop
  endfacet
  facet normal -0.008801 -0.999961 0.000000
    outer loop
      vertex 0.630878 5.930062 36.829998
      vertex 1.004478 5.926774 38.099998
      vertex 0.630878 5.930062 38.099998
    endloop
  endfacet
  facet normal 0.118981 -0.992897 0.000000
    outer loop
      vertex 1.004478 5.926774 36.829998
      vertex 1.202801 5.950540 38.099998
      vertex 1.004478 5.926774 38.099998
    endloop
  endfacet
  facet normal -0.413473 -0.910516 0.000000
    outer loop
      vertex 0.061276 6.067189 36.829998
      vertex 0.061276 6.067189 38.099998
      vertex -0.042595 6.114358 36.829998
    endloop
  endfacet
  facet normal -0.334044 -0.942558 0.000000
    outer loop
      vertex 0.061276 6.067189 36.829998
      vertex 0.241839 6.003198 36.829998
      vertex 0.241839 6.003198 38.099998
    endloop
  endfacet
  facet normal -0.234049 -0.972225 0.000000
    outer loop
      vertex 0.241839 6.003198 36.829998
      vertex 0.431706 5.957490 36.829998
      vertex 0.431706 5.957490 38.099998
    endloop
  endfacet
  facet normal -0.334044 -0.942558 0.000000
    outer loop
      vertex 0.061276 6.067189 36.829998
      vertex 0.241839 6.003198 38.099998
      vertex 0.061276 6.067189 38.099998
    endloop
  endfacet
  facet normal -0.234049 -0.972225 0.000000
    outer loop
      vertex 0.241839 6.003198 36.829998
      vertex 0.431706 5.957490 38.099998
      vertex 0.241839 6.003198 38.099998
    endloop
  endfacet
  facet normal 0.000000 0.000000 1.000000
    outer loop
      vertex -0.649465 6.597034 38.099998
      vertex -0.511705 6.448939 38.099998
      vertex 2.545571 6.921983 38.099998
    endloop
  endfacet
  facet normal 0.000000 0.000000 1.000000
    outer loop
      vertex -0.511705 6.448939 38.099998
      vertex -0.364640 6.319129 38.099998
      vertex 2.545571 6.921983 38.099998
    endloop
  endfacet
  facet normal 0.000000 0.000000 1.000000
    outer loop
      vertex -0.364640 6.319129 38.099998
      vertex -0.208270 6.207603 38.099998
      vertex 2.545571 6.921983 38.099998
    endloop
  endfacet
  facet normal 0.000000 0.000000 1.000000
    outer loop
      vertex -0.042595 6.114358 38.099998
      vertex 0.061276 6.067189 38.099998
      vertex 2.545571 6.921983 38.099998
    endloop
  endfacet
  facet normal 0.000000 0.000000 1.000000
    outer loop
      vertex -0.208270 6.207603 38.099998
      vertex -0.042595 6.114358 38.099998
      vertex 2.545571 6.921983 38.099998
    endloop
  endfacet
  facet normal 0.000000 0.000000 1.000000
    outer loop
      vertex 0.061276 6.067189 38.099998
      vertex 0.241839 6.003198 38.099998
      vertex 2.545571 6.921983 38.099998
    endloop
  endfacet
  facet normal 0.000000 0.000000 1.000000
    outer loop
      vertex 0.241839 6.003198 38.099998
      vertex 0.431706 5.957490 38.099998
      vertex 2.545571 6.921983 38.099998
    endloop
  endfacet
  facet normal 0.000000 0.000000 1.000000
    outer loop
      vertex 2.375767 4.837724 36.829998
      vertex 1.874547 6.207603 36.829998
      vertex 1.710341 6.114358 36.829998
    endloop
  endfacet
  facet normal 0.000000 0.000000 1.000000
    outer loop
      vertex 2.375767 4.837724 36.829998
      vertex 2.029774 6.319129 36.829998
      vertex 1.874547 6.207603 36.829998
    endloop
  endfacet
  facet normal 0.000000 0.000000 1.000000
    outer loop
      vertex 2.375767 4.837724 36.829998
      vertex 2.176023 6.448939 36.829998
      vertex 2.029774 6.319129 36.829998
    endloop
  endfacet
  facet normal -0.324072 0.946032 0.000000
    outer loop
      vertex 1.899987 4.674741 38.099998
      vertex 2.375767 4.837724 38.099998
      vertex 2.375767 4.837724 36.829998
    endloop
  endfacet
  facet normal 0.000000 0.000000 1.000000
    outer loop
      vertex 2.375767 4.837724 36.829998
      vertex 2.313294 6.597034 36.829998
      vertex 2.176023 6.448939 36.829998
    endloop
  endfacet
  facet normal 0.216815 -0.976213 0.000000
    outer loop
      vertex 1.202801 5.950540 36.829998
      vertex 1.392146 5.992593 36.829998
      vertex 1.392146 5.992593 38.099998
    endloop
  endfacet
  facet normal 0.317226 -0.948350 0.000000
    outer loop
      vertex 1.392146 5.992593 36.829998
      vertex 1.572513 6.052926 36.829998
      vertex 1.572513 6.052926 38.099998
    endloop
  endfacet
  facet normal 0.407105 -0.913382 0.000000
    outer loop
      vertex 1.572513 6.052926 36.829998
      vertex 1.710341 6.114358 36.829998
      vertex 1.710341 6.114358 38.099998
    endloop
  endfacet
  facet normal 0.216815 -0.976213 0.000000
    outer loop
      vertex 1.202801 5.950540 36.829998
      vertex 1.392146 5.992593 38.099998
      vertex 1.202801 5.950540 38.099998
    endloop
  endfacet
  facet normal 0.317226 -0.948350 0.000000
    outer loop
      vertex 1.392146 5.992593 36.829998
      vertex 1.572513 6.052926 38.099998
      vertex 1.392146 5.992593 38.099998
    endloop
  endfacet
  facet normal 0.000000 0.000000 1.000000
    outer loop
      vertex 0.630878 5.930062 38.099998
      vertex 1.004478 5.926774 38.099998
      vertex 2.313294 6.597034 38.099998
    endloop
  endfacet
  facet normal 0.000000 0.000000 1.000000
    outer loop
      vertex 1.004478 5.926774 38.099998
      vertex 1.202801 5.950540 38.099998
      vertex 2.176023 6.448939 38.099998
    endloop
  endfacet
  facet normal 0.000000 0.000000 1.000000
    outer loop
      vertex 0.431706 5.957490 38.099998
      vertex 0.630878 5.930062 38.099998
      vertex 2.545571 6.921983 38.099998
    endloop
  endfacet
  facet normal 0.407105 -0.913382 0.000000
    outer loop
      vertex 1.572513 6.052926 36.829998
      vertex 1.710341 6.114358 38.099998
      vertex 1.572513 6.052926 38.099998
    endloop
  endfacet
  facet normal 0.493793 -0.869579 0.000000
    outer loop
      vertex 1.710341 6.114358 36.829998
      vertex 1.874547 6.207603 38.099998
      vertex 1.710341 6.114358 38.099998
    endloop
  endfacet
  facet normal 0.000000 0.000000 1.000000
    outer loop
      vertex 1.202801 5.950540 38.099998
      vertex 1.392146 5.992593 38.099998
      vertex 2.029774 6.319129 38.099998
    endloop
  endfacet
  facet normal 0.000000 0.000000 1.000000
    outer loop
      vertex 1.392146 5.992593 38.099998
      vertex 1.572513 6.052926 38.099998
      vertex 1.874547 6.207603 38.099998
    endloop
  endfacet
  facet normal 0.000000 0.000000 1.000000
    outer loop
      vertex 1.572513 6.052926 38.099998
      vertex 1.710341 6.114358 38.099998
      vertex 1.874547 6.207603 38.099998
    endloop
  endfacet
  facet normal 0.000000 0.000000 1.000000
    outer loop
      vertex 1.392146 5.992593 38.099998
      vertex 1.874547 6.207603 38.099998
      vertex 2.029774 6.319129 38.099998
    endloop
  endfacet
  facet normal 0.000000 0.000000 1.000000
    outer loop
      vertex -0.649465 6.597034 38.099998
      vertex 2.545571 6.921983 38.099998
      vertex 2.655270 7.121322 38.099998
    endloop
  endfacet
  facet normal 0.000000 0.000000 1.000000
    outer loop
      vertex -0.649465 6.597034 38.099998
      vertex 2.655270 7.121322 38.099998
      vertex 2.748514 7.330533 38.099998
    endloop
  endfacet
  facet normal 0.493793 -0.869579 0.000000
    outer loop
      vertex 1.710341 6.114358 36.829998
      vertex 1.874547 6.207603 36.829998
      vertex 1.874547 6.207603 38.099998
    endloop
  endfacet
  facet normal 0.583488 -0.812122 0.000000
    outer loop
      vertex 1.874547 6.207603 36.829998
      vertex 2.029774 6.319129 36.829998
      vertex 2.029774 6.319129 38.099998
    endloop
  endfacet
  facet normal 0.663824 -0.747889 0.000000
    outer loop
      vertex 2.029774 6.319129 36.829998
      vertex 2.176023 6.448939 36.829998
      vertex 2.176023 6.448939 38.099998
    endloop
  endfacet
  facet normal 0.733400 -0.679798 0.000000
    outer loop
      vertex 2.176023 6.448939 36.829998
      vertex 2.313294 6.597034 36.829998
      vertex 2.313294 6.597034 38.099998
    endloop
  endfacet
  facet normal 0.583488 -0.812122 0.000000
    outer loop
      vertex 1.874547 6.207603 36.829998
      vertex 2.029774 6.319129 38.099998
      vertex 1.874547 6.207603 38.099998
    endloop
  endfacet
  facet normal 0.000000 0.000000 1.000000
    outer loop
      vertex 1.202801 5.950540 38.099998
      vertex 2.029774 6.319129 38.099998
      vertex 2.176023 6.448939 38.099998
    endloop
  endfacet
  facet normal 0.663824 -0.747889 0.000000
    outer loop
      vertex 2.029774 6.319129 36.829998
      vertex 2.176023 6.448939 38.099998
      vertex 2.029774 6.319129 38.099998
    endloop
  endfacet
  facet normal 0.000000 0.000000 1.000000
    outer loop
      vertex 1.004478 5.926774 38.099998
      vertex 2.176023 6.448939 38.099998
      vertex 2.313294 6.597034 38.099998
    endloop
  endfacet
  facet normal 0.000000 0.000000 1.000000
    outer loop
      vertex 0.630878 5.930062 38.099998
      vertex 2.313294 6.597034 38.099998
      vertex 2.545571 6.921983 38.099998
    endloop
  endfacet
  facet normal 0.733400 -0.679798 0.000000
    outer loop
      vertex 2.176023 6.448939 36.829998
      vertex 2.313294 6.597034 38.099998
      vertex 2.176023 6.448939 38.099998
    endloop
  endfacet
  facet normal 0.000000 0.000000 1.000000
    outer loop
      vertex -0.988552 7.121322 38.099998
      vertex -0.880420 6.921983 38.099998
      vertex 2.959913 8.828845 38.099998
    endloop
  endfacet
  facet normal 0.000000 0.000000 1.000000
    outer loop
      vertex -0.880420 6.921983 38.099998
      vertex -0.649465 6.597034 38.099998
      vertex 2.959913 8.828845 38.099998
    endloop
  endfacet
  facet normal 0.000000 0.000000 1.000000
    outer loop
      vertex -0.988552 7.121322 38.099998
      vertex 2.929518 9.119523 38.099998
      vertex -1.080464 7.330533 38.099998
    endloop
  endfacet
  facet normal 0.000000 0.000000 1.000000
    outer loop
      vertex -1.080464 7.330533 38.099998
      vertex 2.929518 9.119523 38.099998
      vertex -1.156156 7.549619 38.099998
    endloop
  endfacet
  facet normal 0.000000 0.000000 1.000000
    outer loop
      vertex -1.156156 7.549619 38.099998
      vertex 2.825304 9.585822 38.099998
      vertex -1.215629 7.778575 38.099998
    endloop
  endfacet
  facet normal 0.000000 0.000000 1.000000
    outer loop
      vertex -1.215629 7.778575 38.099998
      vertex 2.825304 9.585822 38.099998
      vertex -1.258882 8.017406 38.099998
    endloop
  endfacet
  facet normal 0.000000 0.000000 1.000000
    outer loop
      vertex -1.258882 8.017406 38.099998
      vertex 2.748514 9.803809 38.099998
      vertex -1.288843 8.308518 38.099998
    endloop
  endfacet
  facet normal 0.000000 0.000000 1.000000
    outer loop
      vertex -0.649465 6.597034 38.099998
      vertex 2.748514 7.330533 38.099998
      vertex 2.825304 7.549619 38.099998
    endloop
  endfacet
  facet normal 0.000000 0.000000 1.000000
    outer loop
      vertex -0.649465 6.597034 38.099998
      vertex 2.825304 7.549619 38.099998
      vertex 2.885638 7.778575 38.099998
    endloop
  endfacet
  facet normal 0.000000 0.000000 1.000000
    outer loop
      vertex -0.649465 6.597034 38.099998
      vertex 2.885638 7.778575 38.099998
      vertex 2.929518 8.017406 38.099998
    endloop
  endfacet
  facet normal 0.000000 0.000000 1.000000
    outer loop
      vertex -0.649465 6.597034 38.099998
      vertex 2.929518 8.017406 38.099998
      vertex 2.956942 8.266109 38.099998
    endloop
  endfacet
  facet normal 0.000000 0.000000 1.000000
    outer loop
      vertex -0.649465 6.597034 38.099998
      vertex 2.956942 8.266109 38.099998
      vertex 2.959913 8.828845 38.099998
    endloop
  endfacet
  facet normal 0.000000 0.000000 1.000000
    outer loop
      vertex -0.988552 7.121322 38.099998
      vertex 2.959913 8.828845 38.099998
      vertex 2.929518 9.119523 38.099998
    endloop
  endfacet
  facet normal 0.000000 0.000000 1.000000
    outer loop
      vertex -1.156156 7.549619 38.099998
      vertex 2.929518 9.119523 38.099998
      vertex 2.885638 9.357728 38.099998
    endloop
  endfacet
  facet normal 0.000000 0.000000 1.000000
    outer loop
      vertex -1.156156 7.549619 38.099998
      vertex 2.885638 9.357728 38.099998
      vertex 2.825304 9.585822 38.099998
    endloop
  endfacet
  facet normal 0.000000 0.000000 1.000000
    outer loop
      vertex -1.258882 8.017406 38.099998
      vertex 2.825304 9.585822 38.099998
      vertex 2.748514 9.803809 38.099998
    endloop
  endfacet
  facet normal 0.000000 0.000000 1.000000
    outer loop
      vertex -1.288843 8.308518 38.099998
      vertex 2.655270 10.011689 38.099998
      vertex 2.545571 10.209460 38.099998
    endloop
  endfacet
  facet normal 0.000000 0.000000 1.000000
    outer loop
      vertex -1.288843 8.308518 38.099998
      vertex 2.748514 9.803809 38.099998
      vertex 2.655270 10.011689 38.099998
    endloop
  endfacet
  facet normal 0.000000 0.000000 1.000000
    outer loop
      vertex 2.375767 4.837724 36.829998
      vertex 3.021266 5.204431 36.829998
      vertex 3.406153 5.530393 36.829998
    endloop
  endfacet
  facet normal 0.000000 0.000000 1.000000
    outer loop
      vertex 2.375767 4.837724 36.829998
      vertex 3.406153 5.530393 36.829998
      vertex 4.240021 6.759963 36.829998
    endloop
  endfacet
  facet normal -0.493954 0.869488 0.000000
    outer loop
      vertex 2.375767 4.837724 36.829998
      vertex 2.375767 4.837724 38.099998
      vertex 3.021266 5.204431 36.829998
    endloop
  endfacet
  facet normal -0.493954 0.869488 0.000000
    outer loop
      vertex 2.375767 4.837724 38.099998
      vertex 3.021266 5.204431 38.099998
      vertex 3.021266 5.204431 36.829998
    endloop
  endfacet
  facet normal -0.646276 0.763104 0.000000
    outer loop
      vertex 3.021266 5.204431 36.829998
      vertex 3.021266 5.204431 38.099998
      vertex 3.406153 5.530393 36.829998
    endloop
  endfacet
  facet normal -0.768868 0.639407 0.000000
    outer loop
      vertex 3.406153 5.530393 36.829998
      vertex 3.406153 5.530393 38.099998
      vertex 3.888358 6.110230 36.829998
    endloop
  endfacet
  facet normal -0.646276 0.763104 0.000000
    outer loop
      vertex 3.406153 5.530393 36.829998
      vertex 3.021266 5.204431 38.099998
      vertex 3.406153 5.530393 38.099998
    endloop
  endfacet
  facet normal 0.000000 0.000000 1.000000
    outer loop
      vertex 2.375767 4.837724 36.829998
      vertex 2.545571 6.921983 36.829998
      vertex 2.313294 6.597034 36.829998
    endloop
  endfacet
  facet normal 0.000000 0.000000 1.000000
    outer loop
      vertex 2.375767 4.837724 36.829998
      vertex 2.655270 7.121322 36.829998
      vertex 2.545571 6.921983 36.829998
    endloop
  endfacet
  facet normal 0.000000 0.000000 1.000000
    outer loop
      vertex 2.375767 4.837724 36.829998
      vertex 2.748514 7.330533 36.829998
      vertex 2.655270 7.121322 36.829998
    endloop
  endfacet
  facet normal 0.000000 0.000000 1.000000
    outer loop
      vertex 2.375767 4.837724 36.829998
      vertex 2.825304 7.549619 36.829998
      vertex 2.748514 7.330533 36.829998
    endloop
  endfacet
  facet normal 0.000000 0.000000 1.000000
    outer loop
      vertex 2.375767 4.837724 36.829998
      vertex 2.885638 7.778575 36.829998
      vertex 2.825304 7.549619 36.829998
    endloop
  endfacet
  facet normal 0.813531 -0.581522 0.000000
    outer loop
      vertex 2.313294 6.597034 36.829998
      vertex 2.545571 6.921983 36.829998
      vertex 2.545571 6.921983 38.099998
    endloop
  endfacet
  facet normal 0.876100 -0.482130 0.000000
    outer loop
      vertex 2.545571 6.921983 36.829998
      vertex 2.655270 7.121322 36.829998
      vertex 2.655270 7.121322 38.099998
    endloop
  endfacet
  facet normal 0.813531 -0.581522 0.000000
    outer loop
      vertex 2.313294 6.597034 36.829998
      vertex 2.545571 6.921983 38.099998
      vertex 2.313294 6.597034 38.099998
    endloop
  endfacet
  facet normal 0.876100 -0.482130 0.000000
    outer loop
      vertex 2.545571 6.921983 36.829998
      vertex 2.655270 7.121322 38.099998
      vertex 2.545571 6.921983 38.099998
    endloop
  endfacet
  facet normal 0.000000 0.000000 1.000000
    outer loop
      vertex 2.375767 4.837724 38.099998
      vertex 5.330115 4.762502 38.099998
      vertex 3.021266 5.204431 38.099998
    endloop
  endfacet
  facet normal 0.000000 0.000000 1.000000
    outer loop
      vertex 3.021266 5.204431 38.099998
      vertex 5.330115 4.762502 38.099998
      vertex 3.406153 5.530393 38.099998
    endloop
  endfacet
  facet normal -0.768868 0.639407 0.000000
    outer loop
      vertex 3.406153 5.530393 38.099998
      vertex 3.888358 6.110230 38.099998
      vertex 3.888358 6.110230 36.829998
    endloop
  endfacet
  facet normal 0.000000 0.000000 1.000000
    outer loop
      vertex 3.406153 5.530393 38.099998
      vertex 5.330115 4.762502 38.099998
      vertex 3.888358 6.110230 38.099998
    endloop
  endfacet
  facet normal 0.000000 0.000000 1.000000
    outer loop
      vertex 3.888358 6.110230 38.099998
      vertex 5.330115 4.762502 38.099998
      vertex 4.240021 6.759963 38.099998
    endloop
  endfacet
  facet normal 0.000000 0.000000 1.000000
    outer loop
      vertex 3.406153 5.530393 36.829998
      vertex 3.888358 6.110230 36.829998
      vertex 4.240021 6.759963 36.829998
    endloop
  endfacet
  facet normal 0.000000 0.000000 1.000000
    outer loop
      vertex 2.375767 4.837724 36.829998
      vertex 4.240021 6.759963 36.829998
      vertex 4.570894 8.842988 36.829998
    endloop
  endfacet
  facet normal -0.879448 0.475995 0.000000
    outer loop
      vertex 3.888358 6.110230 36.829998
      vertex 3.888358 6.110230 38.099998
      vertex 4.240021 6.759963 36.829998
    endloop
  endfacet
  facet normal -0.879448 0.475995 0.000000
    outer loop
      vertex 4.240021 6.759963 36.829998
      vertex 3.888358 6.110230 38.099998
      vertex 4.240021 6.759963 38.099998
    endloop
  endfacet
  facet normal 0.000000 0.000000 1.000000
    outer loop
      vertex 4.240021 6.759963 38.099998
      vertex 5.330115 4.762502 38.099998
      vertex 4.405510 7.233861 38.099998
    endloop
  endfacet
  facet normal -0.944091 0.329684 0.000000
    outer loop
      vertex 4.240021 6.759963 36.829998
      vertex 4.240021 6.759963 38.099998
      vertex 4.405510 7.233861 36.829998
    endloop
  endfacet
  facet normal -0.944091 0.329684 0.000000
    outer loop
      vertex 4.240021 6.759963 38.099998
      vertex 4.405510 7.233861 38.099998
      vertex 4.405510 7.233861 36.829998
    endloop
  endfacet
  facet normal 0.000000 0.000000 1.000000
    outer loop
      vertex 4.405510 7.233861 38.099998
      vertex 5.330115 4.762502 38.099998
      vertex 4.515836 7.740357 38.099998
    endloop
  endfacet
  facet normal 0.000000 0.000000 1.000000
    outer loop
      vertex 2.375767 4.837724 36.829998
      vertex 4.570894 8.842988 36.829998
      vertex 2.885638 7.778575 36.829998
    endloop
  endfacet
  facet normal 0.000000 0.000000 1.000000
    outer loop
      vertex 2.885638 7.778575 36.829998
      vertex 4.570894 8.842988 36.829998
      vertex 2.929518 8.017406 36.829998
    endloop
  endfacet
  facet normal 0.913388 -0.407091 0.000000
    outer loop
      vertex 2.655270 7.121322 36.829998
      vertex 2.748514 7.330533 36.829998
      vertex 2.748514 7.330533 38.099998
    endloop
  endfacet
  facet normal 0.943712 -0.330769 0.000000
    outer loop
      vertex 2.748514 7.330533 36.829998
      vertex 2.825304 7.549619 36.829998
      vertex 2.825304 7.549619 38.099998
    endloop
  endfacet
  facet normal 0.966988 -0.254820 0.000000
    outer loop
      vertex 2.825304 7.549619 36.829998
      vertex 2.885638 7.778575 36.829998
      vertex 2.885638 7.778575 38.099998
    endloop
  endfacet
  facet normal 0.913388 -0.407091 0.000000
    outer loop
      vertex 2.655270 7.121322 36.829998
      vertex 2.748514 7.330533 38.099998
      vertex 2.655270 7.121322 38.099998
    endloop
  endfacet
  facet normal 0.943712 -0.330769 0.000000
    outer loop
      vertex 2.748514 7.330533 36.829998
      vertex 2.825304 7.549619 38.099998
      vertex 2.748514 7.330533 38.099998
    endloop
  endfacet
  facet normal 0.966988 -0.254820 0.000000
    outer loop
      vertex 2.825304 7.549619 36.829998
      vertex 2.885638 7.778575 38.099998
      vertex 2.825304 7.549619 38.099998
    endloop
  endfacet
  facet normal 0.983538 -0.180702 0.000000
    outer loop
      vertex 2.885638 7.778575 36.829998
      vertex 2.929518 8.017406 36.829998
      vertex 2.929518 8.017406 38.099998
    endloop
  endfacet
  facet normal 0.993975 -0.109607 0.000000
    outer loop
      vertex 2.929518 8.017406 36.829998
      vertex 2.956942 8.266109 36.829998
      vertex 2.956942 8.266109 38.099998
    endloop
  endfacet
  facet normal 0.983538 -0.180702 0.000000
    outer loop
      vertex 2.885638 7.778575 36.829998
      vertex 2.929518 8.017406 38.099998
      vertex 2.885638 7.778575 38.099998
    endloop
  endfacet
  facet normal 0.993975 -0.109607 0.000000
    outer loop
      vertex 2.929518 8.017406 36.829998
      vertex 2.956942 8.266109 38.099998
      vertex 2.929518 8.017406 38.099998
    endloop
  endfacet
  facet normal 0.000000 0.000000 1.000000
    outer loop
      vertex 2.929518 8.017406 36.829998
      vertex 4.570894 8.842988 36.829998
      vertex 2.956942 8.266109 36.829998
    endloop
  endfacet
  facet normal 0.000000 0.000000 1.000000
    outer loop
      vertex 2.959913 8.828845 36.829998
      vertex 2.956942 8.266109 36.829998
      vertex 4.570894 8.842988 36.829998
    endloop
  endfacet
  facet normal 0.000000 0.000000 1.000000
    outer loop
      vertex 2.959913 8.828845 36.829998
      vertex 4.570894 8.842988 36.829998
      vertex 2.929518 9.119523 36.829998
    endloop
  endfacet
  facet normal 0.000000 0.000000 1.000000
    outer loop
      vertex 2.929518 9.119523 36.829998
      vertex 4.570894 8.842988 36.829998
      vertex 2.885638 9.357728 36.829998
    endloop
  endfacet
  facet normal 0.000000 0.000000 1.000000
    outer loop
      vertex 4.570894 8.842988 36.829998
      vertex 2.748514 9.803809 36.829998
      vertex 2.825304 9.585822 36.829998
    endloop
  endfacet
  facet normal 0.000000 0.000000 1.000000
    outer loop
      vertex 4.570894 8.842988 36.829998
      vertex 2.825304 9.585822 36.829998
      vertex 2.885638 9.357728 36.829998
    endloop
  endfacet
  facet normal 0.999986 -0.005279 0.000000
    outer loop
      vertex 2.959913 8.828845 36.829998
      vertex 2.959913 8.828845 38.099998
      vertex 2.956942 8.266109 36.829998
    endloop
  endfacet
  facet normal 0.999986 -0.005279 0.000000
    outer loop
      vertex 2.956942 8.266109 36.829998
      vertex 2.959913 8.828845 38.099998
      vertex 2.956942 8.266109 38.099998
    endloop
  endfacet
  facet normal 0.994577 0.104001 0.000000
    outer loop
      vertex 2.959913 8.828845 36.829998
      vertex 2.929518 9.119523 38.099998
      vertex 2.959913 8.828845 38.099998
    endloop
  endfacet
  facet normal 0.994577 0.104001 0.000000
    outer loop
      vertex 2.959913 8.828845 36.829998
      vertex 2.929518 9.119523 36.829998
      vertex 2.929518 9.119523 38.099998
    endloop
  endfacet
  facet normal 0.983453 0.181161 0.000000
    outer loop
      vertex 2.929518 9.119523 36.829998
      vertex 2.885638 9.357728 36.829998
      vertex 2.885638 9.357728 38.099998
    endloop
  endfacet
  facet normal 0.966751 0.255721 0.000000
    outer loop
      vertex 2.825304 9.585822 36.829998
      vertex 2.825304 9.585822 38.099998
      vertex 2.885638 9.357728 36.829998
    endloop
  endfacet
  facet normal 0.983453 0.181161 0.000000
    outer loop
      vertex 2.929518 9.119523 36.829998
      vertex 2.885638 9.357728 38.099998
      vertex 2.929518 9.119523 38.099998
    endloop
  endfacet
  facet normal 0.966751 0.255721 0.000000
    outer loop
      vertex 2.885638 9.357728 36.829998
      vertex 2.825304 9.585822 38.099998
      vertex 2.885638 9.357728 38.099998
    endloop
  endfacet
  facet normal 0.000000 0.000000 1.000000
    outer loop
      vertex 4.240021 6.759963 36.829998
      vertex 4.405510 7.233861 36.829998
      vertex 4.515836 7.740357 36.829998
    endloop
  endfacet
  facet normal 0.000000 0.000000 1.000000
    outer loop
      vertex 4.240021 6.759963 36.829998
      vertex 4.515836 7.740357 36.829998
      vertex 4.570894 8.842988 36.829998
    endloop
  endfacet
  facet normal 0.000000 0.000000 1.000000
    outer loop
      vertex 4.515836 7.740357 36.829998
      vertex 4.570999 8.279449 36.829998
      vertex 4.570894 8.842988 36.829998
    endloop
  endfacet
  facet normal -0.977089 0.212831 0.000000
    outer loop
      vertex 4.405510 7.233861 36.829998
      vertex 4.405510 7.233861 38.099998
      vertex 4.515836 7.740357 36.829998
    endloop
  endfacet
  facet normal -0.977089 0.212831 0.000000
    outer loop
      vertex 4.515836 7.740357 36.829998
      vertex 4.405510 7.233861 38.099998
      vertex 4.515836 7.740357 38.099998
    endloop
  endfacet
  facet normal -0.994805 0.101794 0.000000
    outer loop
      vertex 4.515836 7.740357 36.829998
      vertex 4.515836 7.740357 38.099998
      vertex 4.570999 8.279449 36.829998
    endloop
  endfacet
  facet normal -0.994805 0.101794 0.000000
    outer loop
      vertex 4.570999 8.279449 36.829998
      vertex 4.515836 7.740357 38.099998
      vertex 4.570999 8.279449 38.099998
    endloop
  endfacet
  facet normal 0.000000 0.000000 1.000000
    outer loop
      vertex 4.570894 8.842988 36.829998
      vertex 4.514895 9.382079 36.829998
      vertex 4.402898 9.888576 36.829998
    endloop
  endfacet
  facet normal -1.000000 -0.000185 0.000000
    outer loop
      vertex 4.570999 8.279449 36.829998
      vertex 4.570999 8.279449 38.099998
      vertex 4.570894 8.842988 36.829998
    endloop
  endfacet
  facet normal -1.000000 -0.000185 0.000000
    outer loop
      vertex 4.570999 8.279449 38.099998
      vertex 4.570894 8.842988 38.099998
      vertex 4.570894 8.842988 36.829998
    endloop
  endfacet
  facet normal -0.994648 -0.103320 0.000000
    outer loop
      vertex 4.570894 8.842988 36.829998
      vertex 4.570894 8.842988 38.099998
      vertex 4.514895 9.382079 36.829998
    endloop
  endfacet
  facet normal -0.994648 -0.103320 0.000000
    outer loop
      vertex 4.514895 9.382079 36.829998
      vertex 4.570894 8.842988 38.099998
      vertex 4.514895 9.382079 38.099998
    endloop
  endfacet
  facet normal 0.000000 0.000000 1.000000
    outer loop
      vertex -10.022718 4.762502 38.099998
      vertex 38.099998 0.000002 38.099998
      vertex -8.458098 4.762502 38.099998
    endloop
  endfacet
  facet normal 0.000000 0.000000 1.000000
    outer loop
      vertex -8.458098 4.762502 38.099998
      vertex 38.099998 0.000002 38.099998
      vertex -5.449214 4.762502 38.099998
    endloop
  endfacet
  facet normal 0.000000 1.000000 0.000000
    outer loop
      vertex 5.330115 4.762502 36.829998
      vertex 5.330115 4.762502 38.099998
      vertex 6.879691 4.762502 36.829998
    endloop
  endfacet
  facet normal 0.000000 0.000000 1.000000
    outer loop
      vertex 4.515836 7.740357 38.099998
      vertex 5.330115 4.762502 38.099998
      vertex 4.570999 8.279449 38.099998
    endloop
  endfacet
  facet normal 0.000000 1.000000 0.000000
    outer loop
      vertex 5.330115 4.762502 38.099998
      vertex 6.879691 4.762502 38.099998
      vertex 6.879691 4.762502 36.829998
    endloop
  endfacet
  facet normal -1.000000 0.000000 0.000000
    outer loop
      vertex 6.879691 4.762502 36.829998
      vertex 6.879691 4.762502 38.099998
      vertex 6.879691 9.990439 36.829998
    endloop
  endfacet
  facet normal 0.000000 0.000000 1.000000
    outer loop
      vertex 5.330115 4.762502 36.829998
      vertex 6.879691 4.762502 36.829998
      vertex 5.330115 12.382503 36.829998
    endloop
  endfacet
  facet normal 0.000000 0.000000 1.000000
    outer loop
      vertex 4.570999 8.279449 38.099998
      vertex 5.330115 4.762502 38.099998
      vertex 4.570894 8.842988 38.099998
    endloop
  endfacet
  facet normal 1.000000 0.000000 0.000000
    outer loop
      vertex 5.330115 4.762502 36.829998
      vertex 5.330115 12.382503 38.099998
      vertex 5.330115 4.762502 38.099998
    endloop
  endfacet
  facet normal 0.000000 0.000000 1.000000
    outer loop
      vertex 4.570894 8.842988 38.099998
      vertex 5.330115 4.762502 38.099998
      vertex 5.330115 12.382503 38.099998
    endloop
  endfacet
  facet normal -1.000000 0.000000 0.000000
    outer loop
      vertex 6.879691 4.762502 38.099998
      vertex 6.879691 9.990439 38.099998
      vertex 6.879691 9.990439 36.829998
    endloop
  endfacet
  facet normal 0.000000 0.000000 1.000000
    outer loop
      vertex 6.879691 4.762502 36.829998
      vertex 6.879691 9.990439 36.829998
      vertex 5.330115 12.382503 36.829998
    endloop
  endfacet
  facet normal 0.000000 0.000000 1.000000
    outer loop
      vertex 6.879691 4.762502 38.099998
      vertex 9.971319 4.762502 38.099998
      vertex 6.879691 9.990439 38.099998
    endloop
  endfacet
  facet normal 0.000000 0.000000 1.000000
    outer loop
      vertex 6.879691 9.990439 36.829998
      vertex 9.971319 4.762502 36.829998
      vertex 11.596117 4.762502 36.829998
    endloop
  endfacet
  facet normal 0.860754 0.509021 0.000000
    outer loop
      vertex 6.879691 9.990439 38.099998
      vertex 9.971319 4.762502 38.099998
      vertex 9.971319 4.762502 36.829998
    endloop
  endfacet
  facet normal 0.860754 0.509021 0.000000
    outer loop
      vertex 6.879691 9.990439 36.829998
      vertex 6.879691 9.990439 38.099998
      vertex 9.971319 4.762502 36.829998
    endloop
  endfacet
  facet normal 0.000000 0.000000 1.000000
    outer loop
      vertex 6.879691 9.990439 36.829998
      vertex 11.596117 4.762502 36.829998
      vertex 10.061586 7.131999 36.829998
    endloop
  endfacet
  facet normal -0.860632 -0.509228 0.000000
    outer loop
      vertex 6.954913 12.382503 36.829998
      vertex 10.061586 7.131999 36.829998
      vertex 10.061586 7.131999 38.099998
    endloop
  endfacet
  facet normal 0.000000 1.000000 0.000000
    outer loop
      vertex -22.224998 15.875002 22.224998
      vertex 15.875002 15.875002 38.099998
      vertex 15.875002 15.875002 22.224998
    endloop
  endfacet
  facet normal 0.000000 0.000000 1.000000
    outer loop
      vertex -0.874384 10.221534 38.099998
      vertex 1.572513 11.077033 38.099998
      vertex -0.643428 10.544999 38.099998
    endloop
  endfacet
  facet normal 0.000000 0.000000 1.000000
    outer loop
      vertex -0.984083 10.020629 38.099998
      vertex 1.874547 10.922357 38.099998
      vertex 1.710341 11.015601 38.099998
    endloop
  endfacet
  facet normal 0.000000 0.000000 1.000000
    outer loop
      vertex -1.214450 9.360084 38.099998
      vertex 2.313294 10.532926 38.099998
      vertex 2.176023 10.681020 38.099998
    endloop
  endfacet
  facet normal 0.000000 0.000000 1.000000
    outer loop
      vertex -1.077327 9.810084 38.099998
      vertex 2.029774 10.810830 38.099998
      vertex 1.874547 10.922357 38.099998
    endloop
  endfacet
  facet normal 0.000000 0.000000 1.000000
    outer loop
      vertex -1.077327 9.810084 38.099998
      vertex 2.176023 10.681020 38.099998
      vertex 2.029774 10.810830 38.099998
    endloop
  endfacet
  facet normal 0.000000 0.000000 1.000000
    outer loop
      vertex -0.205710 10.927476 36.829998
      vertex -0.107941 10.984578 36.829998
      vertex 1.891629 12.454381 36.829998
    endloop
  endfacet
  facet normal 0.000000 0.000000 1.000000
    outer loop
      vertex -0.107941 10.984578 36.829998
      vertex 0.062582 11.065383 36.829998
      vertex 1.891629 12.454381 36.829998
    endloop
  endfacet
  facet normal 0.000000 0.000000 1.000000
    outer loop
      vertex 0.062582 11.065383 36.829998
      vertex 0.242573 11.128232 36.829998
      vertex 1.891629 12.454381 36.829998
    endloop
  endfacet
  facet normal 0.000000 0.000000 1.000000
    outer loop
      vertex 0.242573 11.128232 36.829998
      vertex 0.432032 11.173123 36.829998
      vertex 1.891629 12.454381 36.829998
    endloop
  endfacet
  facet normal 0.000000 0.000000 1.000000
    outer loop
      vertex 0.432032 11.173123 36.829998
      vertex 0.630960 11.200059 36.829998
      vertex 1.891629 12.454381 36.829998
    endloop
  endfacet
  facet normal 0.000000 0.000000 1.000000
    outer loop
      vertex 0.630960 11.200059 36.829998
      vertex 1.004478 11.203187 36.829998
      vertex 1.891629 12.454381 36.829998
    endloop
  endfacet
  facet normal -0.428219 0.903675 0.000000
    outer loop
      vertex -0.107941 10.984578 36.829998
      vertex 0.062582 11.065383 38.099998
      vertex 0.062582 11.065383 36.829998
    endloop
  endfacet
  facet normal -0.329659 0.944100 0.000000
    outer loop
      vertex 0.062582 11.065383 36.829998
      vertex 0.062582 11.065383 38.099998
      vertex 0.242573 11.128232 36.829998
    endloop
  endfacet
  facet normal -0.230561 0.973058 0.000000
    outer loop
      vertex 0.242573 11.128232 36.829998
      vertex 0.242573 11.128232 38.099998
      vertex 0.432032 11.173123 36.829998
    endloop
  endfacet
  facet normal -0.134180 0.990957 0.000000
    outer loop
      vertex 0.432032 11.173123 36.829998
      vertex 0.432032 11.173123 38.099998
      vertex 0.630960 11.200059 36.829998
    endloop
  endfacet
  facet normal 0.000000 0.000000 1.000000
    outer loop
      vertex -0.506990 10.690448 38.099998
      vertex 0.432032 11.173123 38.099998
      vertex 0.242573 11.128232 38.099998
    endloop
  endfacet
  facet normal 0.000000 0.000000 1.000000
    outer loop
      vertex -0.643428 10.544999 38.099998
      vertex 0.630960 11.200059 38.099998
      vertex 0.432032 11.173123 38.099998
    endloop
  endfacet
  facet normal -0.329659 0.944100 0.000000
    outer loop
      vertex 0.242573 11.128232 36.829998
      vertex 0.062582 11.065383 38.099998
      vertex 0.242573 11.128232 38.099998
    endloop
  endfacet
  facet normal 0.000000 0.000000 1.000000
    outer loop
      vertex -0.205710 10.927476 38.099998
      vertex 0.242573 11.128232 38.099998
      vertex 0.062582 11.065383 38.099998
    endloop
  endfacet
  facet normal 0.000000 0.000000 1.000000
    outer loop
      vertex -0.643428 10.544999 38.099998
      vertex 1.004478 11.203187 38.099998
      vertex 0.630960 11.200059 38.099998
    endloop
  endfacet
  facet normal 0.000000 0.000000 1.000000
    outer loop
      vertex -0.643428 10.544999 38.099998
      vertex 1.202801 11.179418 38.099998
      vertex 1.004478 11.203187 38.099998
    endloop
  endfacet
  facet normal -0.230561 0.973058 0.000000
    outer loop
      vertex 0.432032 11.173123 36.829998
      vertex 0.242573 11.128232 38.099998
      vertex 0.432032 11.173123 38.099998
    endloop
  endfacet
  facet normal -0.134180 0.990957 0.000000
    outer loop
      vertex 0.630960 11.200059 36.829998
      vertex 0.432032 11.173123 38.099998
      vertex 0.630960 11.200059 38.099998
    endloop
  endfacet
  facet normal -0.008374 0.999965 0.000000
    outer loop
      vertex 0.630960 11.200059 36.829998
      vertex 0.630960 11.200059 38.099998
      vertex 1.004478 11.203187 36.829998
    endloop
  endfacet
  facet normal 0.119000 0.992894 0.000000
    outer loop
      vertex 1.004478 11.203187 36.829998
      vertex 1.004478 11.203187 38.099998
      vertex 1.202801 11.179418 36.829998
    endloop
  endfacet
  facet normal 0.000000 0.000000 1.000000
    outer loop
      vertex -0.643428 10.544999 38.099998
      vertex 1.392146 11.137366 38.099998
      vertex 1.202801 11.179418 38.099998
    endloop
  endfacet
  facet normal 0.000000 0.000000 1.000000
    outer loop
      vertex -0.874384 10.221534 38.099998
      vertex 1.710341 11.015601 38.099998
      vertex 1.572513 11.077033 38.099998
    endloop
  endfacet
  facet normal 0.000000 0.000000 1.000000
    outer loop
      vertex -0.643428 10.544999 38.099998
      vertex 1.572513 11.077033 38.099998
      vertex 1.392146 11.137366 38.099998
    endloop
  endfacet
  facet normal -0.008374 0.999965 0.000000
    outer loop
      vertex 1.004478 11.203187 36.829998
      vertex 0.630960 11.200059 38.099998
      vertex 1.004478 11.203187 38.099998
    endloop
  endfacet
  facet normal 0.119000 0.992894 0.000000
    outer loop
      vertex 1.004478 11.203187 38.099998
      vertex 1.202801 11.179418 38.099998
      vertex 1.202801 11.179418 36.829998
    endloop
  endfacet
  facet normal 0.000000 0.000000 1.000000
    outer loop
      vertex -1.285755 8.871533 38.099998
      vertex 2.545571 10.209460 38.099998
      vertex 2.313294 10.532926 38.099998
    endloop
  endfacet
  facet normal 0.733400 0.679798 0.000000
    outer loop
      vertex 2.176023 10.681020 36.829998
      vertex 2.176023 10.681020 38.099998
      vertex 2.313294 10.532926 36.829998
    endloop
  endfacet
  facet normal 0.733400 0.679798 0.000000
    outer loop
      vertex 2.313294 10.532926 36.829998
      vertex 2.176023 10.681020 38.099998
      vertex 2.313294 10.532926 38.099998
    endloop
  endfacet
  facet normal 0.000000 0.000000 1.000000
    outer loop
      vertex 1.004478 11.203187 36.829998
      vertex 1.202801 11.179418 36.829998
      vertex 1.891629 12.454381 36.829998
    endloop
  endfacet
  facet normal 0.000000 0.000000 1.000000
    outer loop
      vertex 1.202801 11.179418 36.829998
      vertex 1.392146 11.137366 36.829998
      vertex 1.891629 12.454381 36.829998
    endloop
  endfacet
  facet normal 0.000000 0.000000 1.000000
    outer loop
      vertex 1.392146 11.137366 36.829998
      vertex 1.572513 11.077033 36.829998
      vertex 1.891629 12.454381 36.829998
    endloop
  endfacet
  facet normal 0.000000 0.000000 1.000000
    outer loop
      vertex 1.572513 11.077033 36.829998
      vertex 1.710341 11.015601 36.829998
      vertex 1.891629 12.454381 36.829998
    endloop
  endfacet
  facet normal 0.000000 0.000000 1.000000
    outer loop
      vertex 1.874547 10.922357 36.829998
      vertex 2.029774 10.810830 36.829998
      vertex 1.891629 12.454381 36.829998
    endloop
  endfacet
  facet normal 0.000000 0.000000 1.000000
    outer loop
      vertex 1.874547 10.922357 36.829998
      vertex 1.891629 12.454381 36.829998
      vertex 1.710341 11.015601 36.829998
    endloop
  endfacet
  facet normal 0.216806 0.976215 0.000000
    outer loop
      vertex 1.202801 11.179418 36.829998
      vertex 1.202801 11.179418 38.099998
      vertex 1.392146 11.137366 36.829998
    endloop
  endfacet
  facet normal 0.317226 0.948350 0.000000
    outer loop
      vertex 1.392146 11.137366 36.829998
      vertex 1.392146 11.137366 38.099998
      vertex 1.572513 11.077033 36.829998
    endloop
  endfacet
  facet normal 0.493793 0.869579 0.000000
    outer loop
      vertex 1.874547 10.922357 36.829998
      vertex 1.710341 11.015601 36.829998
      vertex 1.710341 11.015601 38.099998
    endloop
  endfacet
  facet normal 0.407105 0.913382 0.000000
    outer loop
      vertex 1.572513 11.077033 36.829998
      vertex 1.572513 11.077033 38.099998
      vertex 1.710341 11.015601 36.829998
    endloop
  endfacet
  facet normal 0.216806 0.976215 0.000000
    outer loop
      vertex 1.392146 11.137366 36.829998
      vertex 1.202801 11.179418 38.099998
      vertex 1.392146 11.137366 38.099998
    endloop
  endfacet
  facet normal 0.317226 0.948350 0.000000
    outer loop
      vertex 1.572513 11.077033 36.829998
      vertex 1.392146 11.137366 38.099998
      vertex 1.572513 11.077033 38.099998
    endloop
  endfacet
  facet normal 0.407105 0.913382 0.000000
    outer loop
      vertex 1.710341 11.015601 36.829998
      vertex 1.572513 11.077033 38.099998
      vertex 1.710341 11.015601 38.099998
    endloop
  endfacet
  facet normal 0.583488 0.812122 0.000000
    outer loop
      vertex 1.874547 10.922357 36.829998
      vertex 1.874547 10.922357 38.099998
      vertex 2.029774 10.810830 36.829998
    endloop
  endfacet
  facet normal 0.663824 0.747889 0.000000
    outer loop
      vertex 2.029774 10.810830 36.829998
      vertex 2.029774 10.810830 38.099998
      vertex 2.176023 10.681020 36.829998
    endloop
  endfacet
  facet normal 0.493793 0.869579 0.000000
    outer loop
      vertex 1.874547 10.922357 36.829998
      vertex 1.710341 11.015601 38.099998
      vertex 1.874547 10.922357 38.099998
    endloop
  endfacet
  facet normal 0.583488 0.812122 0.000000
    outer loop
      vertex 2.029774 10.810830 36.829998
      vertex 1.874547 10.922357 38.099998
      vertex 2.029774 10.810830 38.099998
    endloop
  endfacet
  facet normal 0.663824 0.747889 0.000000
    outer loop
      vertex 2.176023 10.681020 36.829998
      vertex 2.029774 10.810830 38.099998
      vertex 2.176023 10.681020 38.099998
    endloop
  endfacet
  facet normal 0.000000 0.000000 1.000000
    outer loop
      vertex -0.225456 12.454381 36.829998
      vertex 0.839355 12.585601 36.829998
      vertex 0.288562 12.552796 36.829998
    endloop
  endfacet
  facet normal 0.000000 0.000000 1.000000
    outer loop
      vertex -0.225456 12.454381 36.829998
      vertex 1.891629 12.454381 36.829998
      vertex 0.839355 12.585601 36.829998
    endloop
  endfacet
  facet normal 0.188047 -0.982160 0.000000
    outer loop
      vertex -0.225456 12.454381 36.829998
      vertex 0.288562 12.552796 36.829998
      vertex 0.288562 12.552796 38.099998
    endloop
  endfacet
  facet normal 0.059453 -0.998231 0.000000
    outer loop
      vertex 0.288562 12.552796 36.829998
      vertex 0.839355 12.585601 38.099998
      vertex 0.288562 12.552796 38.099998
    endloop
  endfacet
  facet normal 0.059453 -0.998231 0.000000
    outer loop
      vertex 0.288562 12.552796 36.829998
      vertex 0.839355 12.585601 36.829998
      vertex 0.839355 12.585601 38.099998
    endloop
  endfacet
  facet normal -0.060204 -0.998186 0.000000
    outer loop
      vertex 0.839355 12.585601 36.829998
      vertex 1.383253 12.552796 38.099998
      vertex 0.839355 12.585601 38.099998
    endloop
  endfacet
  facet normal 0.000000 0.000000 1.000000
    outer loop
      vertex 0.839355 12.585601 36.829998
      vertex 1.891629 12.454381 36.829998
      vertex 1.383253 12.552796 36.829998
    endloop
  endfacet
  facet normal -0.190059 -0.981773 0.000000
    outer loop
      vertex 1.383253 12.552796 36.829998
      vertex 1.891629 12.454381 36.829998
      vertex 1.891629 12.454381 38.099998
    endloop
  endfacet
  facet normal -0.060204 -0.998186 0.000000
    outer loop
      vertex 0.839355 12.585601 36.829998
      vertex 1.383253 12.552796 36.829998
      vertex 1.383253 12.552796 38.099998
    endloop
  endfacet
  facet normal -0.190059 -0.981773 0.000000
    outer loop
      vertex 1.383253 12.552796 36.829998
      vertex 1.891629 12.454381 38.099998
      vertex 1.383253 12.552796 38.099998
    endloop
  endfacet
  facet normal -0.327728 -0.944772 0.000000
    outer loop
      vertex 1.891629 12.454381 36.829998
      vertex 2.364483 12.290355 36.829998
      vertex 2.364483 12.290355 38.099998
    endloop
  endfacet
  facet normal -0.327728 -0.944772 0.000000
    outer loop
      vertex 1.891629 12.454381 36.829998
      vertex 2.364483 12.290355 38.099998
      vertex 1.891629 12.454381 38.099998
    endloop
  endfacet
  facet normal 0.000000 0.000000 1.000000
    outer loop
      vertex -6.329312 12.382503 38.099998
      vertex -5.829556 12.350062 38.099998
      vertex 15.875002 15.875002 38.099998
    endloop
  endfacet
  facet normal 0.000000 0.000000 1.000000
    outer loop
      vertex -5.829556 12.350062 38.099998
      vertex -5.234883 12.205886 38.099998
      vertex 15.875002 15.875002 38.099998
    endloop
  endfacet
  facet normal 0.000000 0.000000 1.000000
    outer loop
      vertex -5.234883 12.205886 38.099998
      vertex -4.722119 11.946370 38.099998
      vertex 15.875002 15.875002 38.099998
    endloop
  endfacet
  facet normal 0.000000 0.000000 1.000000
    outer loop
      vertex 4.570894 8.842988 36.829998
      vertex 2.029774 10.810830 36.829998
      vertex 2.176023 10.681020 36.829998
    endloop
  endfacet
  facet normal 0.000000 0.000000 1.000000
    outer loop
      vertex 4.570894 8.842988 36.829998
      vertex 1.891629 12.454381 36.829998
      vertex 2.029774 10.810830 36.829998
    endloop
  endfacet
  facet normal 0.000000 0.000000 1.000000
    outer loop
      vertex 4.570894 8.842988 36.829998
      vertex 2.545571 10.209460 36.829998
      vertex 2.655270 10.011689 36.829998
    endloop
  endfacet
  facet normal 0.000000 0.000000 1.000000
    outer loop
      vertex 4.570894 8.842988 36.829998
      vertex 2.176023 10.681020 36.829998
      vertex 2.313294 10.532926 36.829998
    endloop
  endfacet
  facet normal 0.000000 0.000000 1.000000
    outer loop
      vertex 4.570894 8.842988 36.829998
      vertex 2.313294 10.532926 36.829998
      vertex 2.545571 10.209460 36.829998
    endloop
  endfacet
  facet normal 0.000000 0.000000 1.000000
    outer loop
      vertex 4.570894 8.842988 36.829998
      vertex 2.655270 10.011689 36.829998
      vertex 2.748514 9.803809 36.829998
    endloop
  endfacet
  facet normal 0.943190 0.332253 0.000000
    outer loop
      vertex 2.748514 9.803809 36.829998
      vertex 2.748514 9.803809 38.099998
      vertex 2.825304 9.585822 36.829998
    endloop
  endfacet
  facet normal 0.912417 0.409262 0.000000
    outer loop
      vertex 2.748514 9.803809 36.829998
      vertex 2.655270 10.011689 36.829998
      vertex 2.655270 10.011689 38.099998
    endloop
  endfacet
  facet normal 0.874483 0.485056 0.000000
    outer loop
      vertex 2.655270 10.011689 36.829998
      vertex 2.545571 10.209460 38.099998
      vertex 2.655270 10.011689 38.099998
    endloop
  endfacet
  facet normal 0.943190 0.332253 0.000000
    outer loop
      vertex 2.825304 9.585822 36.829998
      vertex 2.748514 9.803809 38.099998
      vertex 2.825304 9.585822 38.099998
    endloop
  endfacet
  facet normal 0.912417 0.409262 0.000000
    outer loop
      vertex 2.748514 9.803809 36.829998
      vertex 2.655270 10.011689 38.099998
      vertex 2.748514 9.803809 38.099998
    endloop
  endfacet
  facet normal 0.874483 0.485056 0.000000
    outer loop
      vertex 2.655270 10.011689 36.829998
      vertex 2.545571 10.209460 36.829998
      vertex 2.545571 10.209460 38.099998
    endloop
  endfacet
  facet normal 0.812269 0.583283 0.000000
    outer loop
      vertex 2.545571 10.209460 36.829998
      vertex 2.313294 10.532926 36.829998
      vertex 2.313294 10.532926 38.099998
    endloop
  endfacet
  facet normal 0.812269 0.583283 0.000000
    outer loop
      vertex 2.545571 10.209460 36.829998
      vertex 2.313294 10.532926 38.099998
      vertex 2.545571 10.209460 38.099998
    endloop
  endfacet
  facet normal 0.000000 0.000000 1.000000
    outer loop
      vertex 1.891629 12.454381 36.829998
      vertex 3.730914 11.212485 36.829998
      vertex 3.007162 11.921296 36.829998
    endloop
  endfacet
  facet normal 0.000000 0.000000 1.000000
    outer loop
      vertex 4.570894 8.842988 36.829998
      vertex 3.730914 11.212485 36.829998
      vertex 1.891629 12.454381 36.829998
    endloop
  endfacet
  facet normal 0.000000 0.000000 1.000000
    outer loop
      vertex 3.391213 11.593244 36.829998
      vertex 3.007162 11.921296 36.829998
      vertex 3.730914 11.212485 36.829998
    endloop
  endfacet
  facet normal -0.649496 -0.760365 0.000000
    outer loop
      vertex 3.391213 11.593244 36.829998
      vertex 3.391213 11.593244 38.099998
      vertex 3.007162 11.921296 36.829998
    endloop
  endfacet
  facet normal -0.649496 -0.760365 0.000000
    outer loop
      vertex 3.391213 11.593244 38.099998
      vertex 3.007162 11.921296 38.099998
      vertex 3.007162 11.921296 36.829998
    endloop
  endfacet
  facet normal -0.746193 -0.665730 0.000000
    outer loop
      vertex 3.391213 11.593244 36.829998
      vertex 3.730914 11.212485 38.099998
      vertex 3.391213 11.593244 38.099998
    endloop
  endfacet
  facet normal 0.000000 0.000000 1.000000
    outer loop
      vertex 4.129904 10.587201 36.829998
      vertex 3.730914 11.212485 36.829998
      vertex 4.402898 9.888576 36.829998
    endloop
  endfacet
  facet normal 0.000000 0.000000 1.000000
    outer loop
      vertex 4.570894 8.842988 36.829998
      vertex 4.402898 9.888576 36.829998
      vertex 3.730914 11.212485 36.829998
    endloop
  endfacet
  facet normal -0.976414 -0.215907 0.000000
    outer loop
      vertex 4.514895 9.382079 36.829998
      vertex 4.514895 9.382079 38.099998
      vertex 4.402898 9.888576 36.829998
    endloop
  endfacet
  facet normal -0.976414 -0.215907 0.000000
    outer loop
      vertex 4.514895 9.382079 38.099998
      vertex 4.402898 9.888576 38.099998
      vertex 4.402898 9.888576 36.829998
    endloop
  endfacet
  facet normal -0.931415 -0.363958 0.000000
    outer loop
      vertex 4.129904 10.587201 36.829998
      vertex 4.402898 9.888576 36.829998
      vertex 4.402898 9.888576 38.099998
    endloop
  endfacet
  facet normal -0.931415 -0.363958 0.000000
    outer loop
      vertex 4.129904 10.587201 36.829998
      vertex 4.402898 9.888576 38.099998
      vertex 4.129904 10.587201 38.099998
    endloop
  endfacet
  facet normal 0.000000 0.000000 1.000000
    outer loop
      vertex 4.514895 9.382079 38.099998
      vertex 5.330115 12.382503 38.099998
      vertex 4.402898 9.888576 38.099998
    endloop
  endfacet
  facet normal -0.843000 -0.537914 0.000000
    outer loop
      vertex 4.129904 10.587201 36.829998
      vertex 4.129904 10.587201 38.099998
      vertex 3.730914 11.212485 36.829998
    endloop
  endfacet
  facet normal -0.843000 -0.537914 0.000000
    outer loop
      vertex 4.129904 10.587201 38.099998
      vertex 3.730914 11.212485 38.099998
      vertex 3.730914 11.212485 36.829998
    endloop
  endfacet
  facet normal -0.746193 -0.665730 0.000000
    outer loop
      vertex 3.391213 11.593244 36.829998
      vertex 3.730914 11.212485 36.829998
      vertex 3.730914 11.212485 38.099998
    endloop
  endfacet
  facet normal 0.000000 0.000000 1.000000
    outer loop
      vertex 3.391213 11.593244 38.099998
      vertex 3.730914 11.212485 38.099998
      vertex 5.330115 12.382503 38.099998
    endloop
  endfacet
  facet normal 0.000000 0.000000 1.000000
    outer loop
      vertex 4.129904 10.587201 38.099998
      vertex 4.402898 9.888576 38.099998
      vertex 5.330115 12.382503 38.099998
    endloop
  endfacet
  facet normal 0.000000 0.000000 1.000000
    outer loop
      vertex 4.129904 10.587201 38.099998
      vertex 5.330115 12.382503 38.099998
      vertex 3.730914 11.212485 38.099998
    endloop
  endfacet
  facet normal 0.000000 0.000000 1.000000
    outer loop
      vertex 1.891629 12.454381 36.829998
      vertex 3.007162 11.921296 36.829998
      vertex 2.364483 12.290355 36.829998
    endloop
  endfacet
  facet normal -0.497983 -0.867187 0.000000
    outer loop
      vertex 2.364483 12.290355 36.829998
      vertex 3.007162 11.921296 36.829998
      vertex 3.007162 11.921296 38.099998
    endloop
  endfacet
  facet normal -0.497983 -0.867187 0.000000
    outer loop
      vertex 2.364483 12.290355 36.829998
      vertex 3.007162 11.921296 38.099998
      vertex 2.364483 12.290355 38.099998
    endloop
  endfacet
  facet normal 0.000000 0.000000 1.000000
    outer loop
      vertex 3.391213 11.593244 38.099998
      vertex 5.330115 12.382503 38.099998
      vertex 3.007162 11.921296 38.099998
    endloop
  endfacet
  facet normal 0.000000 0.000000 1.000000
    outer loop
      vertex -4.722119 11.946370 38.099998
      vertex -0.225456 12.454381 38.099998
      vertex 15.875002 15.875002 38.099998
    endloop
  endfacet
  facet normal 1.000000 0.000000 0.000000
    outer loop
      vertex 5.330115 4.762502 36.829998
      vertex 5.330115 12.382503 36.829998
      vertex 5.330115 12.382503 38.099998
    endloop
  endfacet
  facet normal 0.000000 0.000000 1.000000
    outer loop
      vertex 4.570894 8.842988 38.099998
      vertex 5.330115 12.382503 38.099998
      vertex 4.514895 9.382079 38.099998
    endloop
  endfacet
  facet normal 0.000000 -1.000000 0.000000
    outer loop
      vertex 5.330115 12.382503 36.829998
      vertex 6.954913 12.382503 38.099998
      vertex 5.330115 12.382503 38.099998
    endloop
  endfacet
  facet normal 0.000000 0.000000 1.000000
    outer loop
      vertex -0.225456 12.454381 38.099998
      vertex 0.288562 12.552796 38.099998
      vertex 15.875002 15.875002 38.099998
    endloop
  endfacet
  facet normal 0.000000 0.000000 1.000000
    outer loop
      vertex 0.288562 12.552796 38.099998
      vertex 0.839355 12.585601 38.099998
      vertex 15.875002 15.875002 38.099998
    endloop
  endfacet
  facet normal 0.000000 -1.000000 0.000000
    outer loop
      vertex 5.330115 12.382503 36.829998
      vertex 6.954913 12.382503 36.829998
      vertex 6.954913 12.382503 38.099998
    endloop
  endfacet
  facet normal 0.000000 0.000000 1.000000
    outer loop
      vertex 0.839355 12.585601 38.099998
      vertex 1.383253 12.552796 38.099998
      vertex 15.875002 15.875002 38.099998
    endloop
  endfacet
  facet normal 0.000000 0.000000 1.000000
    outer loop
      vertex 1.383253 12.552796 38.099998
      vertex 1.891629 12.454381 38.099998
      vertex 15.875002 15.875002 38.099998
    endloop
  endfacet
  facet normal 0.000000 0.000000 1.000000
    outer loop
      vertex 1.891629 12.454381 38.099998
      vertex 2.364483 12.290355 38.099998
      vertex 15.875002 15.875002 38.099998
    endloop
  endfacet
  facet normal 0.000000 0.000000 1.000000
    outer loop
      vertex 2.364483 12.290355 38.099998
      vertex 3.007162 11.921296 38.099998
      vertex 15.875002 15.875002 38.099998
    endloop
  endfacet
  facet normal 0.000000 0.000000 1.000000
    outer loop
      vertex 6.879691 9.990439 36.829998
      vertex 10.061586 7.131999 36.829998
      vertex 5.330115 12.382503 36.829998
    endloop
  endfacet
  facet normal 0.000000 0.000000 1.000000
    outer loop
      vertex 5.330115 12.382503 36.829998
      vertex 10.061586 7.131999 36.829998
      vertex 6.954913 12.382503 36.829998
    endloop
  endfacet
  facet normal -0.860632 -0.509228 0.000000
    outer loop
      vertex 6.954913 12.382503 36.829998
      vertex 10.061586 7.131999 38.099998
      vertex 6.954913 12.382503 38.099998
    endloop
  endfacet
  facet normal 0.000000 0.000000 1.000000
    outer loop
      vertex 6.954913 12.382503 38.099998
      vertex 10.061586 7.131999 38.099998
      vertex 10.061586 12.382503 38.099998
    endloop
  endfacet
  facet normal 0.000000 0.000000 1.000000
    outer loop
      vertex 3.007162 11.921296 38.099998
      vertex 5.330115 12.382503 38.099998
      vertex 15.875002 15.875002 38.099998
    endloop
  endfacet
  facet normal 0.000000 0.000000 1.000000
    outer loop
      vertex 5.330115 12.382503 38.099998
      vertex 6.954913 12.382503 38.099998
      vertex 15.875002 15.875002 38.099998
    endloop
  endfacet
  facet normal 0.000000 0.000000 1.000000
    outer loop
      vertex -5.449214 4.762502 38.099998
      vertex 38.099998 0.000002 38.099998
      vertex -3.734149 4.762502 38.099998
    endloop
  endfacet
  facet normal 0.000000 0.000000 1.000000
    outer loop
      vertex -3.734149 4.762502 38.099998
      vertex 38.099998 0.000002 38.099998
      vertex 0.839355 4.544358 38.099998
    endloop
  endfacet
  facet normal 0.000000 0.000000 1.000000
    outer loop
      vertex 0.839355 4.544358 38.099998
      vertex 38.099998 0.000002 38.099998
      vertex 1.387849 4.576955 38.099998
    endloop
  endfacet
  facet normal 0.000000 0.000000 1.000000
    outer loop
      vertex 1.387849 4.576955 38.099998
      vertex 38.099998 0.000002 38.099998
      vertex 1.899987 4.674741 38.099998
    endloop
  endfacet
  facet normal 0.000000 0.000000 1.000000
    outer loop
      vertex 1.899987 4.674741 38.099998
      vertex 38.099998 0.000002 38.099998
      vertex 2.375767 4.837724 38.099998
    endloop
  endfacet
  facet normal 0.000000 1.000000 0.000000
    outer loop
      vertex 9.971319 4.762502 36.829998
      vertex 9.971319 4.762502 38.099998
      vertex 11.596117 4.762502 36.829998
    endloop
  endfacet
  facet normal 0.000000 1.000000 0.000000
    outer loop
      vertex 9.971319 4.762502 38.099998
      vertex 11.596117 4.762502 38.099998
      vertex 11.596117 4.762502 36.829998
    endloop
  endfacet
  facet normal 0.000000 0.000000 1.000000
    outer loop
      vertex 10.061586 7.131999 36.829998
      vertex 11.596117 4.762502 36.829998
      vertex 10.061586 12.382503 36.829998
    endloop
  endfacet
  facet normal 1.000000 0.000000 0.000000
    outer loop
      vertex 10.061586 7.131999 36.829998
      vertex 10.061586 12.382503 38.099998
      vertex 10.061586 7.131999 38.099998
    endloop
  endfacet
  facet normal -1.000000 0.000000 0.000000
    outer loop
      vertex 11.596117 4.762502 36.829998
      vertex 11.596117 4.762502 38.099998
      vertex 11.596117 12.382503 36.829998
    endloop
  endfacet
  facet normal 0.000000 0.000000 1.000000
    outer loop
      vertex 11.596117 4.762502 38.099998
      vertex 12.468694 11.013459 38.099998
      vertex 11.596117 12.382503 38.099998
    endloop
  endfacet
  facet normal 0.000000 0.000000 1.000000
    outer loop
      vertex 11.596117 4.762502 38.099998
      vertex 14.717834 4.762502 38.099998
      vertex 14.717834 11.013459 38.099998
    endloop
  endfacet
  facet normal 0.000000 0.000000 1.000000
    outer loop
      vertex 11.596117 4.762502 38.099998
      vertex 14.717834 11.013459 38.099998
      vertex 12.468694 11.013459 38.099998
    endloop
  endfacet
  facet normal 0.000000 0.000000 1.000000
    outer loop
      vertex 2.375767 4.837724 38.099998
      vertex 38.099998 0.000002 38.099998
      vertex 5.330115 4.762502 38.099998
    endloop
  endfacet
  facet normal 0.000000 0.000000 1.000000
    outer loop
      vertex 5.330115 4.762502 38.099998
      vertex 38.099998 0.000002 38.099998
      vertex 6.879691 4.762502 38.099998
    endloop
  endfacet
  facet normal 0.000000 0.000000 1.000000
    outer loop
      vertex 6.879691 4.762502 38.099998
      vertex 38.099998 0.000002 38.099998
      vertex 9.971319 4.762502 38.099998
    endloop
  endfacet
  facet normal 0.000000 1.000000 0.000000
    outer loop
      vertex 14.717834 4.762502 36.829998
      vertex 14.717834 4.762502 38.099998
      vertex 16.297499 4.762502 36.829998
    endloop
  endfacet
  facet normal 0.000000 0.000000 1.000000
    outer loop
      vertex 14.717834 4.762502 36.829998
      vertex 16.297499 4.762502 36.829998
      vertex 14.717834 11.013459 36.829998
    endloop
  endfacet
  facet normal 1.000000 0.000000 0.000000
    outer loop
      vertex 14.717834 4.762502 36.829998
      vertex 14.717834 11.013459 38.099998
      vertex 14.717834 4.762502 38.099998
    endloop
  endfacet
  facet normal 0.000000 1.000000 0.000000
    outer loop
      vertex 16.297499 4.762502 36.829998
      vertex 14.717834 4.762502 38.099998
      vertex 16.297499 4.762502 38.099998
    endloop
  endfacet
  facet normal -1.000000 0.000000 0.000000
    outer loop
      vertex 16.297499 4.762502 36.829998
      vertex 16.297499 4.762502 38.099998
      vertex 16.297499 11.013459 36.829998
    endloop
  endfacet
  facet normal 1.000000 0.000000 0.000000
    outer loop
      vertex 14.717834 4.762502 36.829998
      vertex 14.717834 11.013459 36.829998
      vertex 14.717834 11.013459 38.099998
    endloop
  endfacet
  facet normal 0.000000 0.000000 1.000000
    outer loop
      vertex 14.717834 11.013459 36.829998
      vertex 16.297499 4.762502 36.829998
      vertex 16.297499 11.013459 36.829998
    endloop
  endfacet
  facet normal -1.000000 0.000000 0.000000
    outer loop
      vertex 16.297499 11.013459 36.829998
      vertex 16.297499 4.762502 38.099998
      vertex 16.297499 11.013459 38.099998
    endloop
  endfacet
  facet normal 0.000000 0.000000 1.000000
    outer loop
      vertex 16.297499 4.762502 38.099998
      vertex 18.554163 11.013459 38.099998
      vertex 16.297499 11.013459 38.099998
    endloop
  endfacet
  facet normal 1.000000 0.000000 0.000000
    outer loop
      vertex 10.061586 7.131999 36.829998
      vertex 10.061586 12.382503 36.829998
      vertex 10.061586 12.382503 38.099998
    endloop
  endfacet
  facet normal 0.000000 0.000000 1.000000
    outer loop
      vertex 11.596117 4.762502 36.829998
      vertex 11.596117 12.382503 36.829998
      vertex 10.061586 12.382503 36.829998
    endloop
  endfacet
  facet normal -1.000000 0.000000 0.000000
    outer loop
      vertex 11.596117 4.762502 38.099998
      vertex 11.596117 12.382503 38.099998
      vertex 11.596117 12.382503 36.829998
    endloop
  endfacet
  facet normal 0.000000 -1.000000 0.000000
    outer loop
      vertex 10.061586 12.382503 36.829998
      vertex 11.596117 12.382503 38.099998
      vertex 10.061586 12.382503 38.099998
    endloop
  endfacet
  facet normal 0.000000 -1.000000 0.000000
    outer loop
      vertex 10.061586 12.382503 36.829998
      vertex 11.596117 12.382503 36.829998
      vertex 11.596117 12.382503 38.099998
    endloop
  endfacet
  facet normal 0.000000 0.000000 1.000000
    outer loop
      vertex 6.954913 12.382503 38.099998
      vertex 10.061586 12.382503 38.099998
      vertex 15.875002 15.875002 38.099998
    endloop
  endfacet
  facet normal 1.000000 0.000000 0.000000
    outer loop
      vertex 12.468694 11.013459 36.829998
      vertex 12.468694 12.382503 38.099998
      vertex 12.468694 11.013459 38.099998
    endloop
  endfacet
  facet normal 0.000000 1.000000 0.000000
    outer loop
      vertex 12.468694 11.013459 36.829998
      vertex 12.468694 11.013459 38.099998
      vertex 14.717834 11.013459 36.829998
    endloop
  endfacet
  facet normal 0.000000 1.000000 0.000000
    outer loop
      vertex 14.717834 11.013459 36.829998
      vertex 12.468694 11.013459 38.099998
      vertex 14.717834 11.013459 38.099998
    endloop
  endfacet
  facet normal 1.000000 0.000000 0.000000
    outer loop
      vertex 12.468694 11.013459 36.829998
      vertex 12.468694 12.382503 36.829998
      vertex 12.468694 12.382503 38.099998
    endloop
  endfacet
  facet normal 0.000000 0.000000 1.000000
    outer loop
      vertex 11.596117 12.382503 38.099998
      vertex 12.468694 11.013459 38.099998
      vertex 12.468694 12.382503 38.099998
    endloop
  endfacet
  facet normal 0.000000 0.000000 1.000000
    outer loop
      vertex 10.061586 12.382503 38.099998
      vertex 11.596117 12.382503 38.099998
      vertex 15.875002 15.875002 38.099998
    endloop
  endfacet
  facet normal 0.000000 0.000000 1.000000
    outer loop
      vertex 11.596117 12.382503 38.099998
      vertex 12.468694 12.382503 38.099998
      vertex 15.875002 15.875002 38.099998
    endloop
  endfacet
  facet normal 0.000000 0.000000 1.000000
    outer loop
      vertex 12.468694 11.013459 36.829998
      vertex 14.717834 11.013459 36.829998
      vertex 18.554163 12.382503 36.829998
    endloop
  endfacet
  facet normal 0.000000 0.000000 1.000000
    outer loop
      vertex 14.717834 11.013459 36.829998
      vertex 16.297499 11.013459 36.829998
      vertex 18.554163 12.382503 36.829998
    endloop
  endfacet
  facet normal 0.000000 0.000000 1.000000
    outer loop
      vertex 12.468694 11.013459 36.829998
      vertex 18.554163 12.382503 36.829998
      vertex 12.468694 12.382503 36.829998
    endloop
  endfacet
  facet normal 0.000000 -1.000000 0.000000
    outer loop
      vertex 12.468694 12.382503 36.829998
      vertex 18.554163 12.382503 38.099998
      vertex 12.468694 12.382503 38.099998
    endloop
  endfacet
  facet normal 0.000000 -1.000000 0.000000
    outer loop
      vertex 12.468694 12.382503 36.829998
      vertex 18.554163 12.382503 36.829998
      vertex 18.554163 12.382503 38.099998
    endloop
  endfacet
  facet normal 0.000000 0.000000 1.000000
    outer loop
      vertex 15.875002 15.875002 38.099998
      vertex 12.468694 12.382503 38.099998
      vertex 18.554163 12.382503 38.099998
    endloop
  endfacet
  facet normal 0.000000 0.000000 1.000000
    outer loop
      vertex 16.297499 11.013459 36.829998
      vertex 18.554163 11.013459 36.829998
      vertex 18.554163 12.382503 36.829998
    endloop
  endfacet
  facet normal 0.000000 1.000000 0.000000
    outer loop
      vertex 16.297499 11.013459 36.829998
      vertex 16.297499 11.013459 38.099998
      vertex 18.554163 11.013459 36.829998
    endloop
  endfacet
  facet normal 0.000000 1.000000 0.000000
    outer loop
      vertex 18.554163 11.013459 36.829998
      vertex 16.297499 11.013459 38.099998
      vertex 18.554163 11.013459 38.099998
    endloop
  endfacet
  facet normal -1.000000 0.000000 0.000000
    outer loop
      vertex 18.554163 11.013459 36.829998
      vertex 18.554163 11.013459 38.099998
      vertex 18.554163 12.382503 36.829998
    endloop
  endfacet
  facet normal -1.000000 0.000000 0.000000
    outer loop
      vertex 18.554163 12.382503 36.829998
      vertex 18.554163 11.013459 38.099998
      vertex 18.554163 12.382503 38.099998
    endloop
  endfacet
  facet normal -1.000000 0.000000 0.000000
    outer loop
      vertex 15.875002 15.875002 22.224998
      vertex 15.875002 15.875002 38.099998
      vertex 15.875002 57.150002 22.224998
    endloop
  endfacet
  facet normal 1.000000 0.000000 0.000000
    outer loop
      vertex 38.099998 0.000002 -38.099998
      vertex 38.099998 15.875002 22.224998
      vertex 38.099998 0.000002 38.099998
    endloop
  endfacet
  facet normal 0.000000 0.000000 1.000000
    outer loop
      vertex 9.971319 4.762502 38.099998
      vertex 38.099998 0.000002 38.099998
      vertex 11.596117 4.762502 38.099998
    endloop
  endfacet
  facet normal 0.000000 0.000000 1.000000
    outer loop
      vertex 11.596117 4.762502 38.099998
      vertex 38.099998 0.000002 38.099998
      vertex 14.717834 4.762502 38.099998
    endloop
  endfacet
  facet normal 0.000000 0.000000 1.000000
    outer loop
      vertex 38.099998 0.000002 38.099998
      vertex 16.297499 4.762502 38.099998
      vertex 14.717834 4.762502 38.099998
    endloop
  endfacet
  facet normal 0.000000 0.000000 1.000000
    outer loop
      vertex 38.099998 0.000002 38.099998
      vertex 18.554163 11.013459 38.099998
      vertex 16.297499 4.762502 38.099998
    endloop
  endfacet
  facet normal 0.000000 0.000000 1.000000
    outer loop
      vertex 15.875002 15.875002 38.099998
      vertex 18.554163 12.382503 38.099998
      vertex 38.099998 0.000002 38.099998
    endloop
  endfacet
  facet normal 0.000000 0.000000 1.000000
    outer loop
      vertex 38.099998 0.000002 38.099998
      vertex 18.554163 12.382503 38.099998
      vertex 18.554163 11.013459 38.099998
    endloop
  endfacet
  facet normal 0.000000 0.000000 1.000000
    outer loop
      vertex 15.875002 15.875002 38.099998
      vertex 38.099998 0.000002 38.099998
      vertex 15.875002 57.150002 38.099998
    endloop
  endfacet
  facet normal 1.000000 0.000000 0.000000
    outer loop
      vertex 38.099998 0.000002 38.099998
      vertex 38.099998 15.875002 22.224998
      vertex 38.099998 57.150002 38.099998
    endloop
  endfacet
  facet normal 0.000000 0.000000 -1.000000
    outer loop
      vertex 15.875002 15.875002 22.224998
      vertex 38.099998 57.150002 22.224998
      vertex 38.099998 15.875002 22.224998
    endloop
  endfacet
  facet normal -1.000000 0.000000 0.000000
    outer loop
      vertex 15.875002 15.875002 -38.099998
      vertex 15.875002 57.150002 -19.050001
      vertex 15.875002 57.150002 -38.099998
    endloop
  endfacet
  facet normal 0.000000 0.000000 -1.000000
    outer loop
      vertex 38.099998 0.000002 -38.099998
      vertex 15.875002 57.150002 -38.099998
      vertex 38.099998 57.150002 -38.099998
    endloop
  endfacet
  facet normal 0.000000 0.000000 1.000000
    outer loop
      vertex 38.099998 15.875002 -19.050001
      vertex 38.099998 57.150002 -19.050001
      vertex 15.875002 57.150002 -19.050001
    endloop
  endfacet
  facet normal 1.000000 0.000000 0.000000
    outer loop
      vertex 38.099998 15.875002 -19.050001
      vertex 38.099998 57.150002 -38.099998
      vertex 38.099998 57.150002 -19.050001
    endloop
  endfacet
  facet normal 0.000000 1.000000 0.000000
    outer loop
      vertex 15.875002 57.150002 -38.099998
      vertex 15.875002 57.150002 -19.050001
      vertex 38.099998 57.150002 -19.050001
    endloop
  endfacet
  facet normal 0.000000 1.000000 0.000000
    outer loop
      vertex 15.875002 57.150002 -38.099998
      vertex 38.099998 57.150002 -19.050001
      vertex 38.099998 57.150002 -38.099998
    endloop
  endfacet
  facet normal -1.000000 0.000000 0.000000
    outer loop
      vertex 15.875002 15.875002 38.099998
      vertex 15.875002 57.150002 38.099998
      vertex 15.875002 57.150002 22.224998
    endloop
  endfacet
  facet normal 0.000000 0.000000 -1.000000
    outer loop
      vertex 15.875002 15.875002 22.224998
      vertex 15.875002 57.150002 22.224998
      vertex 38.099998 57.150002 22.224998
    endloop
  endfacet
  facet normal 1.000000 0.000000 0.000000
    outer loop
      vertex 38.099998 15.875002 22.224998
      vertex 38.099998 57.150002 22.224998
      vertex 38.099998 57.150002 38.099998
    endloop
  endfacet
  facet normal 0.000000 0.000000 1.000000
    outer loop
      vertex 38.099998 0.000002 38.099998
      vertex 38.099998 57.150002 38.099998
      vertex 15.875002 57.150002 38.099998
    endloop
  endfacet
  facet normal 0.000000 1.000000 0.000000
    outer loop
      vertex 15.875002 57.150002 22.224998
      vertex 15.875002 57.150002 38.099998
      vertex 38.099998 57.150002 38.099998
    endloop
  endfacet
  facet normal 0.000000 1.000000 0.000000
    outer loop
      vertex 15.875002 57.150002 22.224998
      vertex 38.099998 57.150002 38.099998
      vertex 38.099998 57.150002 22.224998
    endloop
  endfacet
endsolid Group_6_
